"gmt_time","hk_time","subject"
"2020-03-10 23:58:00","2020-03-11 07:58:00","Australia Port Hedland Feb. total iron ore exports 38.8mln tons vs. Prev. 40.4mln tons"
"2020-03-10 23:56:00","2020-03-11 07:56:00","South Korea March 1st-10th Exports fell 2.5% Y/Y vs. Prev. +69.4% Y/Y"
"2020-03-10 23:46:00","2020-03-11 07:46:00","Michigan officials stated complete Michigan results will not be released until Wednesday afternoon citing the largest increase in absentee ballots, according to Fox"
"2020-03-10 23:44:00","2020-03-11 07:44:00","Japan coronavirus cases increased by its largest daily increase of 59 to a total of 1278, while total deaths was at 19 and there were 427 discharged from hospital as of Tuesday, according to NHK"
"2020-03-10 23:37:00","2020-03-11 07:37:00","March 10th Democrat Primary Results for 6 states including Michigan due today"
"2020-03-10 23:33:00","2020-03-11 07:33:00","PRE-MARKET JAPANESE AND SOUTH KOREAN STOCK NEWS: BoJ conducts ETF purchases again and Japanese PM Abe confirmed plans to spend JPY 430.8bln in another stimulus package to deal with the economic fallout from the virus outbreak"
"2020-03-10 23:30:00","2020-03-11 07:30:00","Australian Westpac Consumer Confidence Index (Mar) 91.9 (Prev. 95.5); lowest level since December 2014"
"2020-03-10 23:28:00","2020-03-11 07:28:00","US coronavirus testing is reportedly threatened by shortage of key lab materials, according to Politico"
"2020-03-10 23:05:00","2020-03-11 07:05:00","Australian High Court dismisses BHP (BHP AT) appeal against Australian Tax Office"
"2020-03-10 22:54:00","2020-03-11 06:54:00","PRE-MARKET AUSTRALIAN STOCK NEWS: Australia Cabinet approved AUD 2.4bln medical response to the outbreak"
"2020-03-10 22:48:00","2020-03-11 06:48:00","White House says it sent principles for drug pricing reform to Capitol Hill"
"2020-03-10 22:37:00","2020-03-11 06:37:00","White House plans to meet with tech giants to discuss coronavirus"
"2020-03-10 22:30:00","2020-03-11 06:30:00","RBA Deputy Governor Debelle says there are scenarios where we would have to consider QE, adds would consider forward guidance and keeping bond yields low"
"2020-03-10 22:18:00","2020-03-11 06:18:00","US equity futures marginally pullback following the prior session's 5% rebound, with Dow futures retreating from resistance at 25k and as the White House press conference lacked in firm details regarding stimulus package which Trump did not take part in"
"2020-03-10 22:02:00","2020-03-11 06:02:00","RBA Deputy Governor Debelle says coronavirus is causing large increase in risk aversion and uncertainty, adds global economy will be materially weaker in Q1 and period ahead but also noted lower interest rates will help offset demand shock from virus"
"2020-03-10 22:01:00","2020-03-11 06:01:00","White House Economic Adviser Kudlow says President Trump would prefer payroll tax 'holiday' to contniue through year-end, adds working on economic package details right now and they will outline a more detailed package in the near future"
"2020-03-10 21:45:00","2020-03-11 05:45:00","US VP Pence says bringing full resources of Federal government to the virus efforts, adds President Trump proposed to congress stimulus package which includes payroll tax relief"
"2020-03-10 21:42:00","2020-03-11 05:42:00","UK Chancellor Sunak is to signal end of austerity with a jump in borrowing, according to FT"
"2020-03-10 21:39:00","2020-03-11 05:39:00","ASIAN DAILY ECONOMIC RELEASE CALENDAR IS AVAILABLE IN THE RESEARCH SECTION OF THE WEBSITE: Highlights include New Zealand Westppac Consumer Confidence, Australian Home Loans and Democrat Primary Results from 6 states including Michigan"
"2020-03-10 21:26:00","2020-03-11 05:26:00","CNBC's Javers tweets as of now, aides will not say whether or not President Trump will be coming to the 1730EDT press briefing to unveil his economic plan"
"2020-03-10 21:20:00","2020-03-11 05:20:00","DAILY ASIA-PAC OPENING NEWS"
"2020-03-10 21:15:00","2020-03-11 05:15:00","CME raises natgas Henry Hub futures maintenance margins by 11.5% to USD 1450/contract from USD 1300/contract"
"2020-03-10 20:50:00","2020-03-11 04:50:00","US Commerce Department extends Huawei temporary general license through to May 15th"
"2020-03-10 20:47:00","2020-03-11 04:47:00","Sanofi (SAN FP) and Regeneron (REGN) plan to study if arthritis drug can be used as coronavirus treatment, according to WSJ"
"2020-03-10 20:42:00","2020-03-11 04:42:00","US Democrat Presidential candidate Biden cancels Cleveland rally in accordance with guidance from public officials"
"2020-03-10 20:34:00","2020-03-11 04:34:00","US Private Inventory Crude Stocks (w/e 6th Mar) +6.4mln (exp. +2.3mln, prev. +1.7mln)"
"2020-03-10 20:29:00","2020-03-11 04:29:00","Chesapeake (CHK) is reportedly considering a 1:50 to 1:200 reverse stock split"
"2020-03-10 20:16:00","2020-03-11 04:16:00","Newsquawk US Market Wrap - 10th MARCH 2020: Risk appetite rebounds amid US stimulus hopes "
"2020-03-10 19:57:00","2020-03-11 03:57:00","US Energy Inventory Expectations (bbls): crude +2.3mln, gasoline -2.5mln and distillates -1.9mln"
"2020-03-10 19:50:00","2020-03-11 03:50:00","MOC: SPX +700mln (Prev. -1bln at 15:49 EDT); DJ +150mln (prev. -200mln)"
"2020-03-10 19:46:00","2020-03-11 03:46:00","Spanish PM announces measures to guarantee the supply of medicines and open credit lines to small businesses affected by the virus"
"2020-03-10 19:45:00","2020-03-11 03:45:00","Massachusetts has just announced 51 new cases of COVID-19, bringing the total number of presumptive cases to 92, a 124% increase from yesterday, according to CBS"
"2020-03-10 19:35:00","2020-03-11 03:35:00","US T-NOTE FUTURES (H0) SETTLED 1 POINT 24 TICKS LOWER AT 137-17+"
"2020-03-10 19:33:00","2020-03-11 03:33:00","Brazil Rodrigues says fiscal space is limited and budget freezes look likely "
"2020-03-10 19:28:00","2020-03-11 03:28:00","Fed Chair Powell, Treasury Sec. Mnuchin and other financial regulatory chiefs discussed ""updates on the resilience of the markets and the economic impact of COVID-19"""
"2020-03-10 19:28:00","2020-03-11 03:28:00","Fed Chair Powell, Treasury Sec. Mnuchin and other financial regulatory chiefs discussed ""updates on the resilience of the markets and the economic impact of COVID-19"""
"2020-03-10 19:20:00","2020-03-11 03:20:00","US President Trump reportedly told GOP senators two options from the COVID-19 relief plan would be to waive payroll tax through year end, or to make the tax cut permanent, according to a source"
"2020-03-10 19:16:00","2020-03-11 03:16:00","EU Commision Head Von Der Leyen says EU executives will set up an investment fund from the coronavirus which will reach EUR 25bln, and will release EUR 7.5bln for the fund"
"2020-03-10 19:13:00","2020-03-11 03:13:00","EU Commission President von der Leyen says there will be guidelines by the end of the week on the flexile use of fiscal and subsidy rules"
"2020-03-10 19:04:00","2020-03-11 03:04:00","French President Macron says EU leaders agreed to take all measures required to avoid financial/economic instability"
"2020-03-10 18:56:00","2020-03-11 02:56:00","US source at meeting says one option discussed in Senate Republicans talks was the extension of the deadline for tax filings with no interest or penalties"
"2020-03-10 18:54:00","2020-03-11 02:54:00","US Republican Senator Shelby says options being mulled to buffer US oil producers could include longer-term loans"
"2020-03-10 18:51:00","2020-03-11 02:51:00","US Treasury Secretary Mnuchin says, after meeting House Speaker Pelosi, says there is Bipartisan urgency to pass a relief package; there are some things Treasury can do on its own to provide relief which are being explored"
"2020-03-10 18:48:00","2020-03-11 02:48:00","Italy discussing stimulus package as much as EUR 16bln, raising the deficit target to just under 3%"
"2020-03-10 18:41:00","2020-03-11 02:41:00","US Republican Senator Shelby says there is no date given for how long the proposed payroll tax cut would last "
"2020-03-10 18:35:00","2020-03-11 02:35:00","US Democratic Senator Wyden says payroll tax relief would not reach all workers who might need help"
"2020-03-10 18:34:00","2020-03-11 02:34:00","North Carolina Governor Cooper announced a state of emergency in the state due to COVID-19 "
"2020-03-10 18:34:00","2020-03-11 02:34:00","Canada's Freeland Chrystia Freeland says she spoke with US Secretary of State Mike Pompeo yesterday about a number of things including the oil and gas sector and says they talked about supporting the North American industry"
"2020-03-10 18:32:00","2020-03-11 02:32:00","WTI (J0) settled USD 3.23 higher at USD 34.66/bbl; Brent (K0) settles USD 2.86 higher at USD 37.22/bbl"
"2020-03-10 18:31:00","2020-03-11 02:31:00","Senate Minority Leader Schumer says Democrats are ready to work with the Trump administration on a focused COVID-19 plan"
"2020-03-10 18:29:00","2020-03-11 02:29:00","ECB President Lagarde demanded imminent fiscal reaction in her call with EU leaders "
"2020-03-10 18:16:00","2020-03-11 02:16:00","US President Trump tells Republican Senators that he wants the payroll tax waived through the election"
"2020-03-10 18:15:00","2020-03-11 02:15:00","UK Chancellor Sunak says the UK will triple average net investment seen over the past 40 years by the end of this Parliament "
"2020-03-10 18:13:00","2020-03-11 02:13:00","Washington state is mulling mandatory measures to contain COVID-19, according to Governor Inslee, who expects a dramatic rise in cases without ""real action"""
"2020-03-10 18:12:00","2020-03-11 02:12:00","Marathon Petroleum (MPC) Wilmington, Los Angeles refinery (380k BPD) reports unplanned flaring"
"2020-03-10 18:07:00","2020-03-11 02:07:00","US Senate Republican McConnell says Treasury Secretary Mnuchin is to meet with House Speaker Pelosi on Tuesday; hopes to see a bipartisan agreement on relief package pretty soon "
"2020-03-10 18:05:00","2020-03-11 02:05:00","US Republican Senator Rubio says scope of payroll tax cuts being considered for COVID-19 relief could be around USD 300bln"
"2020-03-10 18:02:00","2020-03-11 02:02:00","Russian Energy Minister Novak is to meet oil Cos on Thursday to discuss investment plans and output "
"2020-03-10 17:57:00","2020-03-11 01:57:00","US President Trump says he had a great meeting with Republicans on Capitol Hill, says we're working hard on a lot of things - offered no details on stimulus plans"
"2020-03-10 17:55:00","2020-03-11 01:55:00","Pentagon says Defense Secretary Esper's position has not changed: ""Turkey is not going to receive a Patriot battery unless it returns the S-400."", despite President Erdogan's comments that US offered to sell Patriot missile system"
"2020-03-10 17:52:00","2020-03-11 01:52:00","Phillips 66 (PSX) Bayway, New Jersey refinery (258k BPD) CAT cracker should resume operations by the end of the week, according to a source"
"2020-03-10 17:47:00","2020-03-11 01:47:00","Republican sources say payroll tax cut discussions have fallen flat, senators reportedly ""far from united"" as administration plans are still in the concept phase, according to WaPo reporter "
"2020-03-10 17:44:00","2020-03-11 01:44:00","Barclays (BARC LN) says an employee in its New York office has tested positive for COVID-19"
"2020-03-10 17:42:00","2020-03-11 01:42:00","UK Budget to boost infrastructure spending by GBP 100bln; public sector net investment to rise to 3 per cent of GDP, up from 2.2% per cent, according to ITV"
"2020-03-10 17:39:00","2020-03-11 01:39:00","Albemarle (ALB) says it is experiencing a weak Q1 in China; global EV production is down 3% to 5% due to plant closures, Chinese production plants are now back at full capacity "
"2020-03-10 17:35:00","2020-03-11 01:35:00","White House is likely to pursue Federal aid for shale companies that are hit by the virus and oil shock , according to WaPo"
"2020-03-10 17:28:00","2020-03-11 01:28:00","Of note for Apple (AAPL) and FitBit (FIT) - IDC says shipments of wearable devises reached 118.9mln units in Q4 and 336.5mln in 2019"
"2020-03-10 17:21:00","2020-03-11 01:21:00","Italian PM Conte calls on ECB to do whatever it takes, need for a coordinated monetary and fiscal response "
"2020-03-10 17:11:00","2020-03-11 01:11:00","Italian COVID-19 death toll rises to 631 from 463 on Monday; total cases at 10,149 (prev. 9172)"
"2020-03-10 17:06:00","2020-03-11 01:06:00","United Airlines (UAL) says it could take 18 months for a full recovery, will wait for demand to fully recover before adding back capacity - comments from JPM conference "
"2020-03-10 17:02:00","2020-03-11 01:02:00","US sells USD 38bln of 3-year notes; tails by 2.7bps"
"2020-03-10 16:59:00","2020-03-11 00:59:00","Asia's spot premiums for Russian ESPO blend crude falls to USD 0.25-1.00 per bbl to Dubaui quotes, marking the lowest in ten years, according to traders"
"2020-03-10 16:58:00","2020-03-11 00:58:00","JPMorgan (JPM) and Citi (C) reportedly made USD 500mln on equity derivative surge this year"
"2020-03-10 16:55:00","2020-03-11 00:55:00","Genworth Financial (GNW) buyout is still on the table, according to a source cited by Dealreporter "
"2020-03-10 16:42:00","2020-03-11 00:42:00","New Jersey announced it's first death from COVID-19"
"2020-03-10 16:40:00","2020-03-11 00:40:00","Goldman Sachs (GS) says it is open to acquisitions that fill gaps or accelerate growth plan"
"2020-03-10 16:39:00","2020-03-11 00:39:00","USDA Announces Continued Progress on Implementation of China Phase One Agreement, including conditionally lifting a ban on imports of beef and beef products "
"2020-03-10 16:38:00","2020-03-11 00:38:00","US TO SELL USD 38BLN 3-YEAR NOTE AUCTION at 13:00 EST / 17:00 GMT"
"2020-03-10 16:35:00","2020-03-11 00:35:00","EuroZone 5y5y inflation swap falls to new all time low of 0.9239%"
"2020-03-10 16:31:00","2020-03-11 00:31:00","NY Governor Cuomo is to establish containment area in part of New York suburb (New Rochelle) to stop virus spread, National Guard will be deployed in containment area, to last two weeks including school closures "
"2020-03-10 16:30:00","2020-03-11 00:30:00","EUROPEAN PRELIMINARY CASH CLOSE: EURO STOXX 50 (-0.58%) at 2773, FTSE100 (-0.09%) at 5960, DAX (-1.41%) at 10475, CAC 40 (-1.51%) at 4637, IBEX 35 (-3.21%) at 7462, FTSE MIB (-3.28%) at 17870, SMI (-0.01%) at 9196."
"2020-03-10 16:22:00","2020-03-11 00:22:00","US HHS Azar says new COVID-19 cases are generally tied to travel from Iran, South Korea and other hard-hit countries "
"2020-03-10 16:21:00","2020-03-11 00:21:00","Daily FX Wrap: tentative return to risk following Monday’s mass exodus"
"2020-03-10 16:14:00","2020-03-11 00:14:00","Goldman Sachs (GS) says it is seeing ""reduction broadly in liquidity"" and some challenges in ""cost of funding""; not seeing sings of stress on corporates or their ability to get funding "
"2020-03-10 16:12:00","2020-03-11 00:12:00","NMC Health (NMC LN) says it has discovered over USD 2.7bln in facilities that had not been disclosed or approved before to the board, believes some proceeds could have been utilized for non-group purposes "
"2020-03-10 16:12:00","2020-03-11 00:12:00","NMC Health (NMC LN) says it has discovered over USD 2.7bln in facilities that had not been disclosed or approved before to the board, believes some proceeds could have been utilized for non-group purposes "
"2020-03-10 16:09:00","2020-03-11 00:09:00","US Trump administration has been discussing a possible 90-day suspension of payroll tax, according to WSJ reporter "
"2020-03-10 16:08:00","2020-03-11 00:08:00","Black Sea exports of CPC blend crude oil set to fall to 5.64mln T (prev. 6.3mln T) in a revised March plan"
"2020-03-10 16:06:00","2020-03-11 00:06:00","EOG Resources (EOG) says it is evaluating its activity given the current environment "
"2020-03-10 16:04:00","2020-03-11 00:04:00","US CDC reports 696 COVID-19 cases (prev. 462), 25 deaths (prev. 19) - as of March 9th at 16:00"
"2020-03-10 16:00:00","2020-03-11 00:00:00","Occidental Petroleum (OXY) cuts dividend to USD 0.11/shr (prev. 0.79/shr) as well as FY20 capex to 3.5bln-3.7bln (prev. 5.2bln-5.4bln)"
"2020-03-10 15:54:00","2020-03-10 23:54:00","UK Government has defeated rebel lawmakers' bid to force the removal of Huawei from 5G by end-2022"
"2020-03-10 15:52:00","2020-03-10 23:52:00","Saudi Arabia makes rare supertanker bookings to carry oil, according to reports"
"2020-03-10 15:51:00","2020-03-10 23:51:00","Commerzbank (CBK GY) says it has not yet seen an impact from COVID-19 and too early to assess the impact on its credit portfolio "
"2020-03-10 15:48:00","2020-03-10 23:48:00","US President Trump says the administration will be helping cruise and airline industries (expected)"
"2020-03-10 15:46:00","2020-03-10 23:46:00","US VP Pence says insurance companies attending White House have agreed to waive copays for virus testing, companies have agreed to cover tele-medicine "
"2020-03-10 15:42:00","2020-03-10 23:42:00","JP Morgan believe Synaptics (SYNA) and Broadcom (AVGO) started to win back som of the analog ASIC opportunities it lost this year, which includes an integrated touch controller and iPhone models in 2021"
"2020-03-10 15:31:00","2020-03-10 23:31:00","UK DMO is to sell GBP 2.0bln of 1.75% 2049 Gilt on March 17 and GBP 3.5bln 0.625% 2025 Gilt on March 19"
"2020-03-10 15:28:00","2020-03-10 23:28:00","Mexican Finance Ministry says the Finance Minister will be conducting a presser at 3pm local time (2100GMT/1700EDT)"
"2020-03-10 15:26:00","2020-03-10 23:26:00","Equities have increasingly been fading their earlier strength, while the bid in the Tplex has reemerged, no ""one"" reason, but a combination of factors "
"2020-03-10 15:24:00","2020-03-10 23:24:00","President Trump and advisers are considering using the Federal Emergency Management Agency (FEMA) as a vehicle to deliver funds to stimulate the economy against mounting damage from the coronavirus - one of the options under review, according to NY Times"
"2020-03-10 15:15:00","2020-03-10 23:15:00","US CDC's Redfield says the US is beyond virus containment in some areas"
"2020-03-10 15:13:00","2020-03-10 23:13:00","US House Democrats say that legislation aimed at helping those impacted by COVID-19 still needs to be developed but would not be subject to a vote this week"
"2020-03-10 15:07:00","2020-03-10 23:07:00","German Chancellor Merkel tells lawmakers that classic stimulus is not needed, instead liquidity is required to combat the impact of COVID-19, according to sources"
"2020-03-10 15:06:00","2020-03-10 23:06:00","French Spokesperson notes EU budgetary measures are needed in response to the coronavirus, EU must give signal it is ready to act and that a response cannot only be a monetary one"
"2020-03-10 14:50:00","2020-03-10 22:50:00","BoE GBP 1.456bln 15yr+ buyback: o/c 2.87 vs. Prev. 2.51"
"2020-03-10 14:50:00","2020-03-10 22:50:00","UK Huawei Vote: Tory rebels say 36 Conservative MPs will vote to ban Huawei from the 5G network.  Just nine more needed to defeat the Government, according to Telegraph's Hope"
"2020-03-10 14:49:00","2020-03-10 22:49:00","Brazilian President Bolsonaro says first steps to a US-Brazil free trade agreement have been taken, negotiations will soon begin  "
"2020-03-10 14:43:00","2020-03-10 22:43:00","US House Democrats says the coronavirus related stimulus should deal with paid sick leave, enhanced unemployment insurance, affordable testing/treatment and food security"
"2020-03-10 14:38:00","2020-03-10 22:38:00","CDC Director says there is now coronavirus lab testing availability for any doctor which utilises either Lab Corp or Quest Diagnostics"
"2020-03-10 14:37:00","2020-03-10 22:37:00","EU's Competition Commissioner Vestager says the EU is discussing measures to compensate Co's which are suffering damages arising from the coronavirus"
"2020-03-10 14:33:00","2020-03-10 22:33:00","German Parliament are to make up to EUR 1bln in additional funds available for the coronavirus, according to DPA News citing the CDU head"
"2020-03-10 14:32:00","2020-03-10 22:32:00","UK Digital Minister says they are not in a position to outline a date on which high-risk vendors will be removed from the UK's 5G network"
"2020-03-10 14:26:00","2020-03-10 22:26:00","Mexican President Obrador said says will announce energy plants next week including and ""important investment"" for the industry"
"2020-03-10 14:25:00","2020-03-10 22:25:00","Royal Caribbean (RCL) - S&P may cut Co. to Junk amid virus impact, according to reports"
"2020-03-10 14:24:00","2020-03-10 22:24:00","A chemical plant explosion in Barcelona has killed at least one person, according to La Vanguardia"
"2020-03-10 14:21:00","2020-03-10 22:21:00","German Gov't are looking to have a meeting between Chancellor Merkel and unions and employers to discuss the coronavirus on Friday, but no decision has been taken as of yet, according to Gov't sources"
"2020-03-10 14:20:00","2020-03-10 22:20:00","European Commission President Von der Leyen says we are looking into all tools that that utilise to combat the virus impact"
"2020-03-10 14:19:00","2020-03-10 22:19:00","US President Trumps economy team is cool regarding the idea of a payroll tax cut and told him this in last nights meeting, adding aides are nervous about the announcements reception with Senators, Politico's Cook"
"2020-03-10 14:18:00","2020-03-10 22:18:00","European Commission President Von der Leyen says airlines will be provided with slot-relief "
"2020-03-10 14:18:00","2020-03-10 22:18:00","FDA has warned retailers and manufacturers to remove unauthorised e-cigarette products from the market"
"2020-03-10 14:18:00","2020-03-10 22:18:00","European Commission President Von der Leyen says we need to find ways to support sectors "
"2020-03-10 14:17:00","2020-03-10 22:17:00","European Commission President Von der Leyen says she had a call with Italian PM Conte and agreed to remain in contact regarding measures to cushion effects on virus"
"2020-03-10 14:13:00","2020-03-10 22:13:00","WATCH LIVE: European Commission President Von der Leyen press statement on coronavirus"
"2020-03-10 14:08:00","2020-03-10 22:08:00","Fixed and FX latest: core bonds meander within range, Buck also contained"
"2020-03-10 14:04:00","2020-03-10 22:04:00","US is reportedly postponing sales from their strategic petroleum reserve; sale was scheduled to be for 12mln barrels "
"2020-03-10 14:01:00","2020-03-10 22:01:00","US President Trump reiterates his stance on the Federal Reserve ""should get our Fed Rate down to the levels of our competitor nations. They now have as much as a two point advantage, with even bigger currency help"""
"2020-03-10 13:56:00","2020-03-10 21:56:00","Mexican Finance Minister Herrera says there will not be a direct impact on the budget due to the drop in oil prices"
"2020-03-10 13:47:00","2020-03-10 21:47:00","US Equity Open: markets bounce back, although futures off highs; CY +45%, XOP +19.8%, TSLA +6.0%, WYNN +5.4%, GILD -1.0%, VZ -0.8%"
"2020-03-10 13:46:00","2020-03-10 21:46:00","2U Inc (TWOU) is reportedly in its second round of its sale process, according to dealreporter"
"2020-03-10 13:43:00","2020-03-10 21:43:00","6th person has died from the coronavirus in the UK, BBC"
"2020-03-10 13:43:00","2020-03-10 21:43:00","Dow Inc (DOW) has seen an impact to bottom and top line, and sees further impact to come"
"2020-03-10 13:39:00","2020-03-10 21:39:00","Austria's Industry Federation says the ECB could help with the TLTRO programme"
"2020-03-10 13:38:00","2020-03-10 21:38:00","Newsquawk Ad-Hoc Economic Analysis - PREVIEW: UK Budget due Wednesday March 11th 2020 at 1230GMT/0830ET"
"2020-03-10 13:25:00","2020-03-10 21:25:00","Additional US Equity Stories - HPQ, XRX"
"2020-03-10 13:25:00","2020-03-10 21:25:00","Additional US Equity Stories - HPQ, XRX"
"2020-03-10 13:19:00","2020-03-10 21:19:00","United Airlines (UAL) expect to incur a loss for Q1, have suspended existing share buybacks; are withdrawing Q1 2020 guidance. Anticipate reductions of at a minimum 20% "
"2020-03-10 13:04:00","2020-03-10 21:04:00","Swedish Public Health Agency are to increase the risk assessment for the virus contagion to very high from moderate"
"2020-03-10 13:03:00","2020-03-10 21:03:00","Newsquawk Daily US Equity Opening News - 10th March 2020"
"2020-03-10 13:02:00","2020-03-10 21:02:00","Qualcomm (QCOM) increase their dividend to USD 0.65/shr vs. Prev. USD 0.62/shr"
"2020-03-10 13:01:00","2020-03-10 21:01:00","European Commission is actively mulling all options including amending aviation slits rule as a response to the virus outbreak, according to an EU official"
"2020-03-10 13:00:00","2020-03-10 21:00:00","Newsquawk Central Banks - PREVIEW: ECB policy decision due Thursday 12th March 2020"
"2020-03-10 13:00:00","2020-03-10 21:00:00","Czech Central Bank Governor does not, at present, see the need to cut rates; but a cut can come in March if it is necessary"
"2020-03-10 12:53:00","2020-03-10 20:53:00","Germany is reportedly weighting bank capital reliefs to counter the impact from coronavirus"
"2020-03-10 12:50:00","2020-03-10 20:50:00","Norwegian Finance Minister notes that general stimulus for the economy may be introduced, first measures to be presented in parliament on Friday"
"2020-03-10 12:50:00","2020-03-10 20:50:00","US Syria Envoy says does not believe that Russia or Syrian Gov't have any interest in a permanent Idlib ceasefire, are focusing on attaining overall victory in Syria"
"2020-03-10 12:49:00","2020-03-10 20:49:00","European Parliament will be shutting down some services due to coronavirus, according to Euronews' McCaffrey"
"2020-03-10 12:41:00","2020-03-10 20:41:00","British Oil & Gas authority says it has temporarily paused the licence round activity, noting there will be no round in 2020/21"
"2020-03-10 12:39:00","2020-03-10 20:39:00","Norwegian Gov't state they are working on 3-phases of measures to combat the coronavirus effect; measures will be targeted and must have a rapid impact "
"2020-03-10 12:38:00","2020-03-10 20:38:00","US President Trump reportedly spoke with Saudi Arabia's Crown Prince MBS to discuss the oil situation, according to sources"
"2020-03-10 12:37:00","2020-03-10 20:37:00","Spanish Parliament has suspended activities for a minimum of one week following a lawmaker being diagnosed with coronavirus, according to El Pais"
"2020-03-10 12:35:00","2020-03-10 20:35:00","Whispers amongst UK Conservative rebels that the Gov't may be shifting and may offer a timetable to Huawei's market share dropping to 0%, FT's Payne"
"2020-03-10 12:32:00","2020-03-10 20:32:00","Delta CEO says he thinks ""no question"" we'll see government intervention with airlines because of the coronavirus, acccording to a WSJ reporter"
"2020-03-10 12:30:00","2020-03-10 20:30:00","Ryanair (RYAL LN) - lower its FY20 passenger target by 3mln, do not expect this to have a material impact on guidance"
"2020-03-10 12:28:00","2020-03-10 20:28:00","Spain reports 1622 total coronavirus cases vs. Prev. 1204"
"2020-03-10 12:17:00","2020-03-10 20:17:00","Exxon (XOM) Baton Rouge refinery (503k BPD) is restarting its large crude unit after February fire, according to sources "
"2020-03-10 12:16:00","2020-03-10 20:16:00","NY Fed accept USD 45bln of the USD 93bln in bids at the 14-day term operation"
"2020-03-10 12:14:00","2020-03-10 20:14:00","German Economy Ministry expects the coronavirus to impact supply chains relating to the industrial sector in the coming weeks"
"2020-03-10 12:07:00","2020-03-10 20:07:00","White House is not ready to roll out specific economic proposals in its response to the widening impact of the coronavirus outbreak, according to admin officials cited by CNBC"
"2020-03-10 12:06:00","2020-03-10 20:06:00","Delta Airlines (DAL) - Co. state they are taking cost reduction measures due to the coronavirus"
"2020-03-10 12:02:00","2020-03-10 20:02:00","Scotiabank FX Daily - USD Gains Ahead of White House Stimulus Announcement  "
"2020-03-10 11:55:00","2020-03-10 19:55:00","ECB President Lagarde will be partaking in the video conference with EU leaders this afternoon regarding the coronavirus"
"2020-03-10 11:52:00","2020-03-10 19:52:00","Eskom are to extend South Africa's rolling blackouts to Stage 4 as of 12:00 GMT on Tuesday, after a Koeberg nuclear plant unit tripped"
"2020-03-10 11:50:00","2020-03-10 19:50:00","Iraq oil minister says he is in contact with other OPEC+ members to discuss ways to stop the collapse in oil prices"
"2020-03-10 11:48:00","2020-03-10 19:48:00","American Airlines (AAL) have suspended Q1 and FY guidance, as the environment is fluid from the coronavirus. Noting the decline in fuel prices alone are to drive around a USD 3bln cost saving for the year vs. Prev. projections"
"2020-03-10 11:45:00","2020-03-10 19:45:00","Southwest (LUV) CEO is to cut his pay by 10%, as well as the Co. considering cutting flying capacity and undertaking other cost cutting measures, will keep options open for Boeing (BA) 737 MAX deliveries if there is no demand recovery, WSJ"
"2020-03-10 11:38:00","2020-03-10 19:38:00","Italy Bourse CEO says the ECB is monitoring European Gov't bond movements, but nothing specific against Italy"
"2020-03-10 11:33:00","2020-03-10 19:33:00","EU Commission President von der Leyen to speak to Italian PM Conte on Wednesday to discuss national measure against COVID-19"
"2020-03-10 11:32:00","2020-03-10 19:32:00","Czech National Bank member Michl says will propose a 25bps rate cut at its next meeting "
"2020-03-10 11:28:00","2020-03-10 19:28:00","Russian President Putin is to address the Lower House parliament later today after proposal that would allow him to run for president again"
"2020-03-10 11:24:00","2020-03-10 19:24:00","Lanxess (LXS GY) - Co. has decided on a share buyback program of EUR 500mln "
"2020-03-10 11:21:00","2020-03-10 19:21:00","Barclays (BARC LN) is to offer to increase 12-month capital repayment holidays on existing loans of GBP 25k for those affected by coronavirus, is also offering to increased of new overdraft facilities and other working capital to businesses affected"
"2020-03-10 11:19:00","2020-03-10 19:19:00","UK PM Johnson spokesman, on Huawei, says the government wants to get to a place where there are no high-risk vendors involve, will keep 35% cap under review "
"2020-03-10 11:16:00","2020-03-10 19:16:00","UK PM Johnson expects the next round of Brexit negotiations to go ahead as plans and there are no contingency measures in place, adds we are clear what we want to achieve in negotiations"
"2020-03-10 11:15:00","2020-03-10 19:15:00","US Health Secretary Azar says the US now has a surplus of coronavirus tests available"
"2020-03-10 11:12:00","2020-03-10 19:12:00","Chevron (CVX) is reviewing alternatives to reduce capital expenditures following drop in oil prices, reduced spending is ""expected to lower short-term production and preserve long-term value"""
"2020-03-10 11:10:00","2020-03-10 19:10:00","Turkish President Erdogan says US is softening its stance on the purchase of US patriot systems, US asked Turkey to guarantee that it will not activate the Russian system"
"2020-03-10 11:08:00","2020-03-10 19:08:00","Turkish President Erdogan says he asked Russian President Putin to mutually manage oil fields in Syria's Deir Al Zor, Putin is reportedly evaluating offer, may make the same offer to the US"
"2020-03-10 11:04:00","2020-03-10 19:04:00","Newsquawk Daily US Opening News - 10th March 2020"
"2020-03-10 11:02:00","2020-03-10 19:02:00","Turkish President Erdogan says he will meet with German Chancellor Merkel, French President Macron and potentially UK PM Johnson on March 17th, adds Turkey is not considering closing its border gates to Europe for now an Greece must open its own gates"
"2020-03-10 11:01:00","2020-03-10 19:01:00","UK Mortgage Providers/Housing Names - Watchdog says research shows there is a case for intervening to help mortgage Co's who do not switch to a better deal; will issue a consultation paper later this year"
"2020-03-10 10:57:00","2020-03-10 18:57:00","Newsquawk EU Mid Session: Calm after the storm amid stimulus hopes and broad consolidation - 10th March 2020"
"2020-03-10 10:50:00","2020-03-10 18:50:00","China may buy additional oil at cheaper prices for its strategic stockpile, but those purchases may be limited, top govt researcher Wang Yongzhong said, cited by SCMP"
"2020-03-10 10:49:00","2020-03-10 18:49:00"," E-Mini S&P 500 (H0) has hit limit up at 2879; as such, the future can continue to trade below this figure but cannot eclipse it "
"2020-03-10 10:48:00","2020-03-10 18:48:00","Fixed Income: decent demand for DMO supply, but lengthy tail"
"2020-03-10 10:48:00","2020-03-10 18:48:00","Fixed Income: decent demand for DMO supply, but lengthy tail"
"2020-03-10 10:44:00","2020-03-10 18:44:00","Russian Finance Ministry are to suspend their OFZ bond auctions until the market stabilises "
"2020-03-10 10:40:00","2020-03-10 18:40:00","Italy have brought back EUR 1.946bln in BTPs, according to the Treasury"
"2020-03-10 10:39:00","2020-03-10 18:39:00","UK Treasury are to increase UK export finance lending capacity GBP 8bln vs. Prev. GBP 3bln; GBP 2bln of extra finance will be for green growth and GBP 1bln for the defence industry"
"2020-03-10 10:34:00","2020-03-10 18:34:00","UK sells GBP 2.25bln 4.75% 2030 Gillt, b/c 2.23x, average yield 0.307% and tail 0.6bps"
"2020-03-10 10:33:00","2020-03-10 18:33:00","BoJ are reportedly mulling the expansion of ETF purchase program, according to Kyodo "
"2020-03-10 10:29:00","2020-03-10 18:29:00","NOTE: E-Mini S&P 500 (H0) would hit limit up at 2879, currently 2866; session high at 2877.75 "
"2020-03-10 10:15:00","2020-03-10 18:15:00","Russian Energy Ministry has called a meeting with Russian oil Co's for tomorrow, expect the Energy Ministry to discuss future co-operation with OPEC, according to sources"
"2020-03-10 10:11:00","2020-03-10 18:11:00","FX Morning Colour: some tranquillity after the turbulence"
"2020-03-10 10:10:00","2020-03-10 18:10:00","Iraq April OSP for Basra Light to Asia to -USD 3.20/bbl to Oman/Dubai; to US to ASCI -USD 1.05/bbl and Europe at Dated Brent -USD 8.80/bbl"
"2020-03-10 10:05:00","2020-03-10 18:05:00","Russian Kremlin when asked if there was any chance of Saudi and Russia returning to OPEC discussions, says this is possible; and volatility via the oil price crash will likely continue for a while but this was expected and accounted for"
"2020-03-10 09:55:00","2020-03-10 17:55:00","Saudi Energy Minister says he fails to see the wisdom in holding the OPEC meeting in June only to demonstrate failures in dealing with the ongoing crisis"
"2020-03-10 09:49:00","2020-03-10 17:49:00","Netherlands sell EUR vs. Exp. EUR 4-6bln 0.00% 2030 DSL via Dutch Direct Auction (DDA): average yield -0.487% vs. Prev. -0.115%"
"2020-03-10 09:32:00","2020-03-10 17:32:00","Riksbank’s Bremen says Riksbank’s actions are not automatically influenced by actions by other central banks; one option would be to lend to Co's via banks rather than purchasing corporate bonds"
"2020-03-10 09:27:00","2020-03-10 17:27:00","ECB confirms that a staff member has been diagnosed with coronavirus; Note ECB statement regarding this on the website dates to yesterday "
"2020-03-10 09:26:00","2020-03-10 17:26:00","Japanese PM Abe says the virus outbreak is significantly affecting the Japanese, and will adopt all possible steps to prevent further threat of the outbreak "
"2020-03-10 09:21:00","2020-03-10 17:21:00","Turkish Foreign Minister says the Russian S-400 defence systems are not an obstacle to deploying US patriot systems"
"2020-03-10 09:16:00","2020-03-10 17:16:00","Turkish Foreign Minister reiterates if Syrian govt violates ceasefire, Turkey will retaliate"
"2020-03-10 08:58:00","2020-03-10 16:58:00","Russia Energy Minister Novak says Russian companies may boost oil output by up to 300k BPD and has potential to increase by 500k BPD; after initial reaction, markets are now more balanced– next OPEC+ meeting will be planned for May/June"
"2020-03-10 08:50:00","2020-03-10 16:50:00","Japanese PM Abe says the country is to expand virus testing capacity and accelerate the speed of vaccine development"
"2020-03-10 08:48:00","2020-03-10 16:48:00","Turkish Foreign Minister says Turkey is ready for constructive discussions with the EU on the migrant issue "
"2020-03-10 08:47:00","2020-03-10 16:47:00","BoJ purchases JPY 101.4bln of ETFs today"
"2020-03-10 08:46:00","2020-03-10 16:46:00","Japanese PM Abe confirms the JPY 430bln stimulus package to tackle the virus outbreak"
"2020-03-10 08:40:00","2020-03-10 16:40:00","Gilts and Short Sterling futures unwind more safe-haven premium pre-supply"
"2020-03-10 08:36:00","2020-03-10 16:36:00","Saudi Aramco CEO said the Co. will supply customers with 12.3mln BPD in April"
"2020-03-10 08:11:00","2020-03-10 16:11:00","Santander (SAN SM) offers EUR 20bln in pre-approved loans for SMEs and self-employed workers in Spain to mitigate virus outbreak"
"2020-03-10 08:07:00","2020-03-10 16:07:00","European Equity Movers this Morning: Wood Group (WG/ LN) +13.4%; Tullow Oil (TLW LN) +6.1%; Schaeffler (SHA GY) +5.8%; Air France (AF FP) +4.9%; Total (FP FP) +4.0%; Infineon (IFX GY) +3.5%; UBI Banca (UBI IM) -0.5%"
"2020-03-10 08:05:00","2020-03-10 16:05:00","Italy's Deputy Economy Minister says payments on mortgages from individuals and households will be suspended across the whole of Italy after the virus outbreak"
"2020-03-10 08:02:00","2020-03-10 16:02:00","Riksbank Remarks before the Riksdag: Governor Ingves - Do not see a lower policy rate as the most important measure at present, assess the balance sheet should not be reduced in the coming year"
"2020-03-10 08:00:00","2020-03-10 16:00:00","Deutsche Post (DPW GY) - Co. says they are at the lower-end of guidance for EUR 60-70mln EBIT hit in Feb"
"2020-03-10 07:56:00","2020-03-10 15:56:00","CEO of Schaeffler (SHA GY) sees a recovering in the auto market over the course of the year, says situation in China seems to be improving and Co. supply chains are intact"
"2020-03-10 07:55:00","2020-03-10 15:55:00","Bunds: grinding back up towards opening Eurex 'highs'"
"2020-03-10 07:45:00","2020-03-10 15:45:00","Italian Industry Minister says the government will ask for the review of EU stability pact and fiscal compact rules due to the virus outbreak"
"2020-03-10 07:31:00","2020-03-10 15:31:00","England's Deputy Chief Medical Officer said that many thousands of cases of the virus will appear in the UK in due course, according to Sky News"
"2020-03-10 07:31:00","2020-03-10 15:31:00","Japan is reportedly planning to spend JPY 430.8bln in second package of steps on virus outbreak, according to sources"
"2020-03-10 07:29:00","2020-03-10 15:29:00","Italy's Industry Minister said the government will adopt measures worth EUR 10bln (Prev. 7.5bln) to tackle the virus outbreak"
"2020-03-10 07:18:00","2020-03-10 15:18:00","South Korean regulator will ban short selling of overheated stocks for 10 days starting March 11th "
"2020-03-10 07:14:00","2020-03-10 15:14:00","Newsquawk Bond Auction Previews - 10th March 2020"
"2020-03-10 07:13:00","2020-03-10 15:13:00","38 out of the 42 Apple (AAPL) stores in Chinese mainland have reopened as of Tuesday as coronavirus outbreak eased, but some with shorter business hours,  3 stores in Tianjin and 1 in Suzhou remain close, according to Global Times"
"2020-03-10 07:09:00","2020-03-10 15:09:00","Additional European Equities post release of the Daily European Equity Opening News"
"2020-03-10 07:07:00","2020-03-10 15:07:00","China says all temporary coronavirus hospitals are now shut, according to state media"
"2020-03-10 07:06:00","2020-03-10 15:06:00","Head of Germany's Ifo Institute sees recession in Germany due to the virus outbreak and global economy is on bring of crisis "
"2020-03-10 07:02:00","2020-03-10 15:02:00","Larger FX option expiries for today's NY cut"
"2020-03-10 06:47:00","2020-03-10 14:47:00","Daily European Equity Opening News"
"2020-03-10 06:26:00","2020-03-10 14:26:00","Newsquawk Daily European Opening News - 10th March 2020"
"2020-03-10 06:18:00","2020-03-10 14:18:00","German Economy Minister says measures to deal with coronavirus can be extended if needed"
"2020-03-10 06:02:00","2020-03-10 14:02:00","Japanese Machine Tool Orders (Feb P) Y/Y -30.1% (Prev. -35.6%)"
"2020-03-10 06:01:00","2020-03-10 14:01:00","Russian Central Bank says will sell foreign currency from today to lower market volatility, will conduct RUB 500bln repo operations, will increase currency swap operations limit to USD 5bln today, moves are preemptive measures"
"2020-03-10 06:00:00","2020-03-10 14:00:00","BoJ Governor Kuroda says there is no need to change current Yield Curve Control (YCC) framework"
"2020-03-10 05:51:00","2020-03-10 13:51:00","ASIA-PAC MARKET WRAP: Asian stocks rebounded as the region picked up the pieces from the recent oil-triggered devastation"
"2020-03-10 05:51:00","2020-03-10 13:51:00","ASIA-PAC MARKET WRAP: Asian stocks rebounded as the region picked up the pieces from the recent oil-triggered devastation"
"2020-03-10 05:46:00","2020-03-10 13:46:00","RBNZ Governor Orr says lower bound for rates could be in negative territory although it is hard to ascertain anything for now, adds New Zealand has capacity to respond to the coronavirus"
"2020-03-10 05:31:00","2020-03-10 13:31:00","TSMC (2330 TT) Feb. rev. TWD 93.4B vs. Prev. TWD 103.7bln"
"2020-03-10 05:15:00","2020-03-10 13:15:00","Japan ruling LDP reportedly sees need for JPY 10tln-20tln of stimulus to deal with coronavirus"
"2020-03-10 05:14:00","2020-03-10 13:14:00","Tesla (TSLA) plans to boost capacity of cooling pipes in Shanghai to 260k sets annually from Prev. 150k "
"2020-03-10 04:59:00","2020-03-10 12:59:00","China Hubei province says to implement health code system to start permitting people to travel within the province"
"2020-03-10 04:26:00","2020-03-10 12:26:00","Wharf Holdings (4 HK) final FY19 net HKD 3.5bln vs. Prev. HKD 6.7bln Y/Y"
"2020-03-10 04:11:00","2020-03-10 12:11:00","BOC Aviation (2588 HK) to buy 22 Boeing (BA) 787-8 planes which it plans to lease to American Airlines (AAL)"
"2020-03-10 03:56:00","2020-03-10 11:56:00","Toyota (7203 JT) is planning to cut Lexus production for 2 weeks from March 16th"
"2020-03-10 03:35:00","2020-03-10 11:35:00","Japan sells JPY 1.6tln in 5yr JGBs b/c 2.73 vs. Prev. 4.49, avg. yield -0.220% vs. Prev. -0.144%"
"2020-03-10 03:28:00","2020-03-10 11:28:00","US President Trump's coronavirus aid package will leave out the travel industry for now but will include payroll tax cut and short-term paid sick leave"
"2020-03-10 03:25:00","2020-03-10 11:25:00","Japanese PM Abe says will submit emergency measure package to parliament today and will implement what is needed without hesitation to respond to coronavirus situation, adds second emergency package will include steps related to jobs and small firms"
"2020-03-10 03:21:00","2020-03-10 11:21:00","Chinese President Xi arrives in Wuhan, which is the epicentre of the coronavirus outbreak"
"2020-03-10 03:09:00","2020-03-10 11:09:00","ASIA-PAC MID-SESSION UPDATE: Asia-Pac trades mixed as the region picks up the pieces from the oil-triggered devastation"
"2020-03-10 02:55:00","2020-03-10 10:55:00","BoJ senior official says BoJ is watching daily market moves and is ready to respond appropriately to nervous market moves through fund supply and ETF purchases, adds BoJ wont hesitate to take additional steps if needed with eye on market developments"
"2020-03-10 02:44:00","2020-03-10 10:44:00","Blackstone (BX) is in exclusive discussions to take SOHO China (410 HK) private in a USD 4bln deal"
"2020-03-10 01:50:00","2020-03-10 09:50:00","BoJ Governor Kuroda says they have purchased cumulative 2.0442tln of ETFs since October last year, adds market value of BoJ ETF holdings will fall below book value when Nikkei average declines below 19K"
"2020-03-10 01:42:00","2020-03-10 09:42:00","BoJ Governor Kuroda reiterates uncertainties are increasing due to coronavirus and that the BoJ is ready to take appropriate action as needed without hesitation"
"2020-03-10 01:20:00","2020-03-10 09:20:00","PRE-MARKET CHINESE STOCK NEWS: Geely Auto (175 HK) Feb. vehicle sales fell 75% Y/Y to 21.2k units"
"2020-03-10 01:18:00","2020-03-10 09:18:00","RBNZ Governor Orr says need to be considered and realistic as to how effective change in rates will be in buffering the economy"
"2020-03-10 01:17:00","2020-03-10 09:17:00","PBoC skips open market operations for a daily net neutral position"
"2020-03-10 01:16:00","2020-03-10 09:16:00","South Korea coronavirus cases increased by 131 to a total of 7513 and death toll increased by 3 to a total of 54"
"2020-03-10 01:15:00","2020-03-10 09:15:00","PBoC sets USD/CNY mid-point at 6.9389 vs. Exp. 6.9562 (Prev. 6.9260)"
"2020-03-10 01:07:00","2020-03-10 09:07:00","RBNZ Governor Orr says zero bound for rates is far from most likely outcome but cannot be ruled out, adds steps being considered include forward guidance, negative rates and rate swaps"
"2020-03-10 01:05:00","2020-03-10 09:05:00","Philippines Imports (Jan) Y/Y 1.0% vs. Exp. -4.1% (Prev. -7.6%)"
"2020-03-10 01:05:00","2020-03-10 09:05:00","Philippines Trade Balance (USD)(Jan) -3.5B vs. Exp. -3.3B (Prev. -2.5B)"
"2020-03-10 01:05:00","2020-03-10 09:05:00","Philippines Exports (Jan) Y/Y 9.7% vs. Exp. 3.0% (Prev. 21.4%)"
"2020-03-10 01:01:00","2020-03-10 09:01:00","RBNZ Governor Orr says have not and still do not need to use alternative monetary policy instruments, adds fortunate to have time to prepare for alternative steps unlike other OECD countries"
"2020-03-10 00:56:00","2020-03-10 08:56:00","Some 31 patients test positive for coronavirus at Seattle-area nursing home at centre of the outbreak"
"2020-03-10 00:52:00","2020-03-10 08:52:00","Japanese Finance Minister Aso says need to examine current situation first when asked about the need to compile an extra budget"
"2020-03-10 00:48:00","2020-03-10 08:48:00","PRE-MARKET TAIWAN AND SINGAPORE STOCK NEWS: Taiwan Exports (Feb) Y/Y 24.9% vs. Exp. 2.9% "
"2020-03-10 00:46:00","2020-03-10 08:46:00","Japanese Finance Minister Aso says government to announce 2nd package of steps on coronavirus on Tuesday afternoon, adds G7 agreed to take fiscal and monetary steps as appropriate"
"2020-03-10 00:40:00","2020-03-10 08:40:00","New Zealand Finance Minister Roberstson says RBNZ has room to move on rates"
"2020-03-10 00:33:00","2020-03-10 08:33:00","Barclays sees WTI and Brent crude averaging USD 40/bbl and USD 43/bbl respectively for 2020"
"2020-03-10 00:20:00","2020-03-10 08:20:00","Asia stocks remain pressured following Wall St's worst performance since the GFC, although US equity futures have since found mild reprieve and are up over 1% after having briefly slipped into bear market territory"
"2020-03-10 00:16:00","2020-03-10 08:16:00","PBoC is expected to set the USD/CNY midpoint at 6.9562, according to Newswires estimates"
"2020-03-10 00:13:00","2020-03-10 08:13:00","BoK says will actively use available tools to stabilize markets and is closely watching FX, adds will use loans and open market operations to support SMEs"
"2020-03-10 00:11:00","2020-03-10 08:11:00","China's Hubei province reports 17 new coronavirus cases and 17 additional deaths as of March 9th vs. 36 additional cases and 21 additional deaths on March 8th"
"2020-03-10 00:09:00","2020-03-10 08:09:00","Mainland China reports 19 additional cases of coronavirus and 17 additional deaths on March 9th vs. Prev. 40 additional cases and 22 additional deaths on March 8th"
"2020-03-10 00:05:00","2020-03-10 08:05:00","Australia sells AUD 100mln 2.50% 2030 Indexed Bonds, avg. yield -0.3336%, b/c 3.65x"
"2020-03-10 00:05:00","2020-03-10 08:05:00","Barclaycard says UK consumer spending rose 2.2% Y/Y in Feb. vs. 3.9% Y/Y increase in January, adds coronavirus fears led to 28% of respondents avoiding the high street and other busy places"
"2020-03-10 00:04:00","2020-03-10 08:04:00","New Zealand March Preliminary Business Confidence -53.3 (Prev. -19.4), Activity Outlook -12.8 (Prev. 12.0)"
"2020-03-10 00:01:00","2020-03-10 08:01:00","UK BRC Sales Like For Like (Feb) Y/Y -0.4% (Prev. 0.0%)"