"gmt_time","hk_time","subject"
"2020-03-16 23:46:00","2020-03-17 07:46:00","PRE-MARKET JAPANESE AND SOUTH KOREAN STOCK NEWS: BoK cut key base rate by 50bps to 0.75% in an emergency meeting "
"2020-03-16 23:42:00","2020-03-17 07:42:00","China's Hubei province reports 1 new coronavirus cases and 12 additional deaths as of March 16th vs. 4 additional cases and 14 additional deaths on March 15th"
"2020-03-16 23:41:00","2020-03-17 07:41:00","FDA to give states authority to approve coronavirus tests to expedite testing"
"2020-03-16 23:40:00","2020-03-17 07:40:00","Mainland China reports 21 additional cases of coronavirus and 13 additional deaths on March 16th vs. Prev. 16 additional cases and 14 additional deaths on March 15th"
"2020-03-16 23:31:00","2020-03-17 07:31:00","US Republican Senator Rubio says Mnuchin asked Senate Republicans to move on additional coronavirus measure targetting airlines and small businesses this week"
"2020-03-16 23:29:00","2020-03-17 07:29:00","Ohio judge denies request to postpone state primary election until June 2nd"
"2020-03-16 23:24:00","2020-03-17 07:24:00","US Senate Majority Leader McConnell says aims to win Senate passage of the House-passed coronavirus legislation"
"2020-03-16 23:23:00","2020-03-17 07:23:00","US Treasury Secretary Mnuchin says he is seeking a large number for additional coronavirus stimulus legislation, but did not elaborate on the size of the additional stimulus package and said he will discuss it with GOP Senators on Tuesday"
"2020-03-16 23:22:00","2020-03-17 07:22:00","ExxonMobil (XOM AT) is considering a condierable cut to its capex program and will provide details at a later date"
"2020-03-16 23:20:00","2020-03-17 07:20:00","RBA says it adds AUD 8.8bln to the banking system through repos"
"2020-03-16 23:18:00","2020-03-17 07:18:00","Philippines suspends FX and fixed income trading as of March 17th"
"2020-03-16 23:11:00","2020-03-17 07:11:00","Washington State announces 6 additional deaths from coronavirus to bring the death toll in the state to 48"
"2020-03-16 23:10:00","2020-03-17 07:10:00","American Airlines (AAL) said to be in discussions to borrow billions of dollars to deal with coronavirus"
"2020-03-16 22:55:00","2020-03-17 06:55:00","PRE-MARKET AUSTRALIAN STOCK NEWS: Qantas (QAN AT) - Co. is to cut international capacity by around 90% and domestic capacity by 60% until at least end-May"
"2020-03-16 22:33:00","2020-03-17 06:33:00","Qantas (QAN AT) to cut international capacity by around 90% until at least end-May"
"2020-03-16 22:30:00","2020-03-17 06:30:00","Australian ANZ Roy Morgan Consumer Confidence (Mar 15) W/W 100.0 (Prev. 100.4)"
"2020-03-16 22:28:00","2020-03-17 06:28:00","UK Chancellor Sunak is to unveil significant financial package on Tuesday to assist firms impacted by the coronavirus outbreak, according to Daily Mail reporter"
"2020-03-16 22:26:00","2020-03-17 06:26:00","UK Chancellor Sunak will be at PM Johnson's press conference tomorrow where he is expected to outline further support for businesses"
"2020-03-16 22:10:00","2020-03-17 06:10:00","US Treasury Secretary Mnuchin says will update the Senate regarding virus relief bill, while Mnuchin is said to be discussing the bill and more with GOP Senators"
"2020-03-16 21:52:00","2020-03-17 05:52:00","ASIAN DAILY ECONOMIC RELEASE CALENDAR IS AVAILABLE IN THE RESEARCH SECTION OF THE WEBSITE: Highlights include RBA Minutes and Austalian House Price Index"
"2020-03-16 21:51:00","2020-03-17 05:51:00","US ITC to launch probe of certain touch-controlled phones and computers following complaint by Neodron of Ireland"
"2020-03-16 21:47:00","2020-03-17 05:47:00","McDonald's (MCD) to shut all dining rooms in its owned restaurants in US and is asking franchisees to close dining rooms also"
"2020-03-16 21:43:00","2020-03-17 05:43:00","Boeing (BA) is seeking short-term aid for itself, suppliers and airlines, while it is in discussions with White House and lawmakers"
"2020-03-16 21:41:00","2020-03-17 05:41:00","Washington DC Mayor orders 2-week shutdown of restaurants, bars, nightclubs, theatres and health clubs due to coronavirus"
"2020-03-16 21:37:00","2020-03-17 05:37:00","Chesapeake Energy (CHK) taps debt advisers amid oil rout and coronavirus impact on markets, according to sources"
"2020-03-16 21:23:00","2020-03-17 05:23:00","Australian Finance Minister Cormann said it is clear stimulus needs to be scaled up and we will do more"
"2020-03-16 21:15:00","2020-03-17 05:15:00","DAILY ASIA-PAC OPENING NEWS"
"2020-03-16 21:14:00","2020-03-17 05:14:00","Jordan central bank says lowers main rate by 100bps to 2.50% to support the economy"
"2020-03-16 21:05:00","2020-03-17 05:05:00","China Global Times tweets continued US stock sell-off proves US President Trump has run out of tricks with his most significant political capital and Monday’s stocks decline indicates he has lost trade war leverage and can face more pressure to end it"
"2020-03-16 20:56:00","2020-03-17 04:56:00","BuzzFeed's Political Editor Wickham tweets UK only realised ""in the last few days"" that attempts to ""mitigate"" the coronavirus pandemic would not work, and that it needed to shift to a strategy to ""suppress"" according to a report by a team of experts"
"2020-03-16 20:07:00","2020-03-17 04:07:00","US Market Wrap - 16th March 2020: Fed aggressive easing fails to stem aggressive liquidations"
"2020-03-16 20:00:00","2020-03-17 04:00:00","China Treasury holdings USD 1.079trln in Januart, up from 1.070trln in December; Japan Treasury holdings USD 1.212trln in January, rising from USD 1.155trln in December"
"2020-03-16 19:50:00","2020-03-17 03:50:00","MOC: SPX -4.4bln (Prev. -3.1bln at 15:49 EDT); DJ -1.3bln (prev. -1bln)"
"2020-03-16 19:45:00","2020-03-17 03:45:00","Amazon (AMZN) to boost pay USD two dollars per hour for warehouse and delivery employees, WSJ reports; adds will add 100k more warehouse and delivery employees"
"2020-03-16 19:44:00","2020-03-17 03:44:00","US President Trump says US wil back the airlines 100%, has told airlines it will help them and backstop the airlines"
"2020-03-16 19:43:00","2020-03-17 03:43:00","Eurogroup says it has thus far committed to providing liquidity facilities amounting to at least 10% of GDP - these figures could be much larger going forward"
"2020-03-16 19:38:00","2020-03-17 03:38:00","US President Trump says US may extend sick leave to companies with more than 500 people"
"2020-03-16 19:38:00","2020-03-17 03:38:00","US President Trump says US may extend sick leave to companies with more than 500 people"
"2020-03-16 19:36:00","2020-03-17 03:36:00","Germany ready to take on new debt if necessary to combat the virus, according to economy minister Altmaier"
"2020-03-16 19:34:00","2020-03-17 03:34:00","NY Fed sets max size of Tuesday's overnight repo operation at USD 500bln (vs regular size of USD 175bln) "
"2020-03-16 19:34:00","2020-03-17 03:34:00","US President Trump says Administration not currently considering nationwide lockdown, but looking at certain regions"
"2020-03-16 19:31:00","2020-03-17 03:31:00","US President Trump says worst of the virus outbreak could be over by July/August, perhaps later"
"2020-03-16 19:27:00","2020-03-17 03:27:00","Spanish PM Sanchez called Saudi Crown Prince, both agreeing to call an urgent and extraordinary G20 summit for COVID-19"
"2020-03-16 19:23:00","2020-03-17 03:23:00","Eurozone finance ministers agree to fiscal boost of 1%/GDP to combat COVID"
"2020-03-16 19:21:00","2020-03-17 03:21:00","White House recommends 15-day nationwide guidelines to slow spread of virus; recommends avoiding social gatherings, says affected states should close schools and surrounding areas"
"2020-03-16 19:19:00","2020-03-17 03:19:00","US CDC says 53 states have reported cases as of Sunday 4pm, versus 47 on Saturday; cases now at 3536 vs 1678"
"2020-03-16 19:15:00","2020-03-17 03:15:00","France President Macron says Shengen area borders in France will be shut from tomorrow midday, in coordination with EU nations "
"2020-03-16 19:15:00","2020-03-17 03:15:00","San Francisco Mayor puts City on lock-down (shelter in place directive) until 7th April 2020; measure forbids people to leave their homes without permission"
"2020-03-16 19:10:00","2020-03-17 03:10:00","Canada covid cases rise to 407 form 324 reported earlier in the day"
"2020-03-16 19:06:00","2020-03-17 03:06:00","France President Macron says all companies must take steps to work from home; says citizens should work from home and only leave for essential duties; will step up measures to limit peoples' movements"
"2020-03-16 19:04:00","2020-03-17 03:04:00","Riksbank to boost asset purchases and take measures to facilitate credit supply; will support economic developments and avoid credit supply issues"
"2020-03-16 19:01:00","2020-03-17 03:01:00","Motiva Port Arthur (k BPD) refinery continues FCC restart, sources say"
"2020-03-16 18:40:00","2020-03-17 02:40:00","White House says Microsfot (MSFT), Google (GOOG) and others are making a machine-readable database of COVID-19 research"
"2020-03-16 18:32:00","2020-03-17 02:32:00","WTI (J0) settles USD 3.03 lower at USD 28.70/bbl; Brent (K0) settles USD 3.80 lower at USD 30.05/bbl"
"2020-03-16 18:29:00","2020-03-17 02:29:00","US Senate Minority Leader Schumer is to propose at least USD 750bln to fight COVID-19 "
"2020-03-16 18:21:00","2020-03-17 02:21:00","Germany COVID-19 cases rises to 6012 on Monday (up more than 1100) and death toll rises by 1 to 13"
"2020-03-16 18:12:00","2020-03-17 02:12:00","President Trump reportedly tells US governors to work on getting respirators and ventilators on their own, and not wait for the Federal Government to provide them, WaPo reports"
"2020-03-16 18:04:00","2020-03-17 02:04:00","EIA says US total shale regions oil production for April seen rising about 18k BPD to 9.075mln BPD"
"2020-03-16 18:03:00","2020-03-17 02:03:00","UK COVID-19 death toll rises to 53 on Monday (prev. 35)"
"2020-03-16 18:01:00","2020-03-17 02:01:00","BoE says it will offer its US Dollar repo operations with 84 day maturity this week"
"2020-03-16 17:46:00","2020-03-17 01:46:00","NY Fed accepts USD 19.40bln of bids submitted in its second o/n repo operation (USD 500bln offered)"
"2020-03-16 17:41:00","2020-03-17 01:41:00","Canadian PM Trudeau says Canada will close its borders to non-citizens and non-residents; won't apply to commerce or trade; will not rule out any measure to keep Canadians safe"
"2020-03-16 17:24:00","2020-03-17 01:24:00","US Senate may want to amend the House virus Bill package, and it might not pass immediately, Politico reports"
"2020-03-16 17:14:00","2020-03-17 01:14:00","Exxon Mobil (XOM) has its rating at S&P cut to AA/negative from AA+/negative "
"2020-03-16 17:13:00","2020-03-17 01:13:00","G7 leaders say stepping up their COVID-19 response is their foremost priority; make efforts to increase the availability of medical equipment where it is most needed"
"2020-03-16 17:11:00","2020-03-17 01:11:00","German Chancellor Merkel says G7 countries have agreed to act in a coordinated fashion to combat the COVID-19 impact"
"2020-03-16 17:10:00","2020-03-17 01:10:00","US airline group says US carriers in need of ""immediate assistance as the current economic environment is simply not sustainable"""
"2020-03-16 17:08:00","2020-03-17 01:08:00","Italy total COVID-19 cases rises to 27,980 (prev. 24,747 on Sunday); death toll rises to 2158 (prev. 1809)"
"2020-03-16 17:03:00","2020-03-17 01:03:00","UK Government Chief Scientific Advisor Vallance says other possible measures, such as closing schools, may be necessary "
"2020-03-16 17:02:00","2020-03-17 01:02:00","German Chancellor Merkel says we want to maintain economic activities in Germany as much as possible despite sweeping measures to slow the virus spread"
"2020-03-16 17:00:00","2020-03-17 01:00:00","Swiss Government says more than 2,200 people have tested positive for COVID-19, with 1680 confirmed"
"2020-03-16 16:54:00","2020-03-17 00:54:00","IATA says dramatic travel restrictions and collapse of passenger demand have severly cut cargo capacity; calls on governments to take urgent measures to ensure air cargo will be available "
"2020-03-16 16:51:00","2020-03-17 00:51:00","UK PM Johnson says we need to further on COVID-19 advice; looks as though UK is approaching the fast growth part of the virus spread; without drastic action, cases could double every five days"
"2020-03-16 16:40:00","2020-03-17 00:40:00","Chilean Central Bank cuts interest rate to 1% from 1.75% in an emergency rate cut"
"2020-03-16 16:39:00","2020-03-17 00:39:00","US NIH clinical trial of investigational vaccine for COVID-19 has begun study, accepting health adult volunteers for Moderna's (MRNA) first participants MRNA-1273"
"2020-03-16 16:36:00","2020-03-17 00:36:00","Volkswagen (VOW GY) Spanish unit Seat to present temporary layoff plan for all 14,800 staff due COVID"
"2020-03-16 16:33:00","2020-03-17 00:33:00","WHO Tedros says financial support for the outbreak is encouraging, WHO is getting close to the funding it had sought"
"2020-03-16 16:30:00","2020-03-17 00:30:00","European stocks prelim cash closes: Stoxx50 -4% at 2395.97, Dax -5.3% at 8740.75, FTSE 100 -4.7% at 5113.45, Cac 40 -5.9% at 3874.54, IBEX -8.3% at 6081.2, FTSE MIB -5.9% at 15010.83, SMI -1.7% at 8227.08."
"2020-03-16 16:26:00","2020-03-17 00:26:00","Polish Central Bank says it is in favour of a rate cut and is planning large-scale treasury bond purchases on the secondary market"
"2020-03-16 16:23:00","2020-03-17 00:23:00","Czech Central Bank Governor says we are not currently in a situation that would require a launch of FX interventions "
"2020-03-16 16:22:00","2020-03-17 00:22:00","WHO says countries should stick to containment strategies since the pandemic is controlable"
"2020-03-16 16:21:00","2020-03-17 00:21:00","Daily FX Wrap: another Monday mauling for risk, but mood improves incrementally"
"2020-03-16 16:20:00","2020-03-17 00:20:00","German Finance Minister Scholz says the country will counter the economic impact of the coronavirus ""with full force"", says fiscal measures to counter the virus will impact federal budget plans from 2021-24"
"2020-03-16 16:12:00","2020-03-17 00:12:00","White House is drafting a financial assistance package for airlines (AAL ,UAL, DAL) that is expected to include direct help, loans, and tax relief, sources report"
"2020-03-16 16:12:00","2020-03-17 00:12:00","Denmark's Central Bank increased its government bond issuance to DKR 125bln this year (Prev. 75bln)"
"2020-03-16 16:11:00","2020-03-17 00:11:00","Switzerland says border checks will be introduced with Germany, France and Austria, noting only Swiss citizens, residents and business travelers can enter the country "
"2020-03-16 16:09:00","2020-03-17 00:09:00","French Opposition Party expects French President Macron to postpone the second round of regional elections "
"2020-03-16 16:09:00","2020-03-17 00:09:00","French Opposition Party expects French President Macron to postpone the second round of regional elections "
"2020-03-16 16:08:00","2020-03-17 00:08:00","Spain's Interior Minister states the government has decided to establish controls on land borders taken in coordination with EU partners"
"2020-03-16 16:05:00","2020-03-17 00:05:00","Bank of Canada says it will broaden eligible collateral for its term repo facility, where it will include the full range of collateral eligible under the standing liquidity facility "
"2020-03-16 16:03:00","2020-03-17 00:03:00","NEC Director Kudlow says the administration would consider sending cash to households as a form of short term relief"
"2020-03-16 16:02:00","2020-03-17 00:02:00","NEC Director Kudlow says the administration is thinking about 100% expensing companies moving back to the US from China and elsewhere"
"2020-03-16 16:00:00","2020-03-17 00:00:00","Swiss Government says that all public and private gatherings are banned until 19th April 2020"
"2020-03-16 15:54:00","2020-03-16 23:54:00","NEC Director Kudlow says there is more than USD 800bln of fiscal measures, including a possible payroll tax holiday, that could or have been put in place to support the US, comments from FBN interview"
"2020-03-16 15:48:00","2020-03-16 23:48:00","European Commission says the EU economy is to shrink by 1% in 2020 rather than grow at 1.4%; internal Commission estimates put the negative impact of the COVID-19 even higher at EU 2020 growth at -2.5%"
"2020-03-16 15:44:00","2020-03-16 23:44:00","NY Fed to conduct an additional o/n repo operation for same-day settlement Monday from 13:30 to 13:45 EDT; offering USD 500bln"
"2020-03-16 15:41:00","2020-03-16 23:41:00","US Chamber of Commerce says many US businesses are experiencing a severe drop in Revenues due to COVID-19, some face a complete loss of Revenues"
"2020-03-16 15:40:00","2020-03-16 23:40:00","NEC Director Kudlow says the US is going to be ""very challenged with economy"", the US has USD 400bln in fiscal actions it could take to support the economy, adding the payroll tax holiday is a very powerful weapon"
"2020-03-16 15:38:00","2020-03-16 23:38:00","Renault (RNO FP) shuts down production facilities in France"
"2020-03-16 15:36:00","2020-03-16 23:36:00","Danaher (DHR) integrated DNA technologies achieves large-scale manufacturing success of the key COVID-19 test component"
"2020-03-16 15:34:00","2020-03-16 23:34:00","China to send more medical experts to Italy, according to Xinhua citing President Xi and Italian PM Conte telephone call"
"2020-03-16 15:31:00","2020-03-16 23:31:00","German Finance Ministry expects GDP to shrink this year, says this will most likely be the case, expects impact of COVID-19 on tax revenues and state spending to be “not insignificant”, according to government sources"
"2020-03-16 15:31:00","2020-03-16 23:31:00","New York State says coronavirus cases have risen 221 to 950; New York City rises by 134 to 463"
"2020-03-16 15:30:00","2020-03-16 23:30:00","Czech Central Bank cuts its repo rate by 50bps and says it is ready to cut more if needed, as well as to react to excessive swings in the FX rate"
"2020-03-16 15:29:00","2020-03-16 23:29:00","EU Commission President von der Leyen says there are no restrictions for UK citizens travelling to continental Europe"
"2020-03-16 15:25:00","2020-03-16 23:25:00","European Commission President Von der Leyen says EU will not hesitate to take further measures as the situation evolves "
"2020-03-16 15:24:00","2020-03-16 23:24:00","William Hill (WMH LN) suspends dividend; anticipates a material COVID-19 impact on financials in 2020, too soon to be accurate; sees EBITDA down by GBP 100mln-110mln"
"2020-03-16 15:17:00","2020-03-16 23:17:00","EU's Michel says G7 leaders have agreed to work more together during their video call"
"2020-03-16 15:05:00","2020-03-16 23:05:00","EU Commission President von der Leyen says the EU is introduce temporary restrictions on non-essential travel to EU for 30 days"
"2020-03-16 14:57:00","2020-03-16 22:57:00","Italy's Lombardy virus case has risen in the lowest pace in a week"
"2020-03-16 14:50:00","2020-03-16 22:50:00","Europe are looking to halt incoming travel for foreign nations to the Schegen Zone amid COVID-19, according to sources"
"2020-03-16 14:49:00","2020-03-16 22:49:00","BoE GBP 1.455bln 3-7yr Gilt reinvestment offer-to-cover ratio 3.03 (Prev. 4.04)"
"2020-03-16 14:47:00","2020-03-16 22:47:00","The White House is pushing back on earlier talk of a potential nationwide curfew, according to VOA News Herman "
"2020-03-16 14:45:00","2020-03-16 22:45:00"," ECB Asset Purchases (EUR): PSPP +1.561bln (Prev. 4.599bln); ABS +902mln (Prev. +271mln), Corporate +1.877bln (Prev. 1.355bln), CBPP3 +948mln (Prev. +262mln)"
"2020-03-16 14:30:00","2020-03-16 22:30:00","EU could muster between EUR 28-40bln immediately to support firms against the backdrop of the virus, according to the European Investment Bank"
"2020-03-16 14:28:00","2020-03-16 22:28:00","There are active discussions within the Trump administration to encourage a possible “curfew” across the nation in which non-essential businesses would have to close by a certain time each night, according to CNN's Sciutto"
"2020-03-16 14:12:00","2020-03-16 22:12:00","US could start purchasing crude in the next two weeks to top up its strategic reserve; could purchase 77mln barrels of US-produced oil"
"2020-03-16 14:10:00","2020-03-16 22:10:00","UK number of coronavirus cases rises to 1,543 on Monday (from 1,372 on Sunday)"
"2020-03-16 14:07:00","2020-03-16 22:07:00","India reportedly to fill its strategic oil reserve with crude from UAE and Saudi Arabia to take advantage of low oil prices, sources say"
"2020-03-16 14:01:00","2020-03-16 22:01:00","Italy already working on second economic decree to be unveiled in April"
"2020-03-16 13:50:00","2020-03-16 21:50:00","US equities open heavily in the red after triggering a level 1 circuit breaker as the latest emergency announcement from the Federal Reserve spurs further panic"
"2020-03-16 13:40:00","2020-03-16 21:40:00","China urges US to immediately lift unilateral sanctions on Iran, saying that continued sanctions will hamper Iran's response to the COVID outbreak"
"2020-03-16 13:35:00","2020-03-16 21:35:00","Spain's government have not yet decided on the size of its aid package for companies, and is to reportedly loosen labour rules to help companies against the coronavirus"
"2020-03-16 13:34:00","2020-03-16 21:34:00","IHS Markit says oil markets are facing a possible build up of the most extreme oil supply surplus ever recorded; says US production could decline between 2-4mln BPD over the next 18-months"
"2020-03-16 13:33:00","2020-03-16 21:33:00","Swedish regulators say anks will temporarily be allowed to breach liquidity ratios"
"2020-03-16 13:32:00","2020-03-16 21:32:00","Federal Reserve, Federal Deposit Insurance Corporation and Office of the Comptroller of the Currency are encouraging depository institutions to use the discount window to meet demands for credit"
"2020-03-16 13:30:00","2020-03-16 21:30:00","S&P 500 triggers Level 1 circuit breaker after falling 7.0%; trading suspended for 15 minutes"
"2020-03-16 13:28:00","2020-03-16 21:28:00","Spain's Government is reportedly preparing a new package of liquidity measures for companies, SME's and self-employed workers, according to a government source"
"2020-03-16 13:26:00","2020-03-16 21:26:00","Italy has approved decree worth EUR 25bln to aid the economy amid the virus outbreak, sources state"
"2020-03-16 13:25:00","2020-03-16 21:25:00","US Treasury Secretary Mnuchin says the banking system in the US ""can handle this"" in wake of the Federal reserve's emergency action, says the fed is ahead of issues, noting nobody has to pull money out of the banks "
"2020-03-16 13:23:00","2020-03-16 21:23:00","Fixed and FX latest: debt still mixed, but Dollar off lows"
"2020-03-16 13:23:00","2020-03-16 21:23:00","Germany is to close shops, while restaurants and inns should open at 06:00 at the earliest and close no later than 18:00, according to Bild citing a government plan"
"2020-03-16 13:22:00","2020-03-16 21:22:00","Additional US Equity Stories: Carnival (CCL), Churchill Downs (CHDN)"
"2020-03-16 13:20:00","2020-03-16 21:20:00"," PSA (UG FP) closing all factories in Europe "
"2020-03-16 13:19:00","2020-03-16 21:19:00","Germany Government Aerospace Policy coordinator says on the issue of direct stakes and aid will be decided later on and it is not a necessity today"
"2020-03-16 13:06:00","2020-03-16 21:06:00","German Government Aerospace policy coordinator says we have spoken possible moratorium for certain loans"
"2020-03-16 13:03:00","2020-03-16 21:03:00","Newsquawk Daily US Equity Opening News - 16th March 2020"
"2020-03-16 13:03:00","2020-03-16 21:03:00","Newsquawk Daily US Equity Opening News - 16th March 2020"
"2020-03-16 13:03:00","2020-03-16 21:03:00","Netherlands reports 278 new coronavirus cases with total at 1413 and deaths at 24"
"2020-03-16 13:02:00","2020-03-16 21:02:00","Saudi Aramco CEO says the co. is very conformable with oil at USD 30/bbl"
"2020-03-16 12:51:00","2020-03-16 20:51:00","Saudi Arabia says it is developing 2021 guidance and says it is ready to respond to whatever the market conditions are"
"2020-03-16 12:47:00","2020-03-16 20:47:00","NY Fed o/n: accepts all USD 129.600bln in bids submitted (max offering USD 175bln)"
"2020-03-16 12:40:00","2020-03-16 20:40:00","Saudi Aramco CEO says we will be producing at our maximum oil production capacity "
"2020-03-16 12:39:00","2020-03-16 20:39:00","US HHS Department has reportedly been hit by a cyber attack last night"
"2020-03-16 12:36:00","2020-03-16 20:36:00","Italian government to grant Alitalia a further EUR 600mln in 2020 to stay afloat amid COVID-19 "
"2020-03-16 12:31:00","2020-03-16 20:31:00","Saudi Aramco CEO says we are currently assessing raising oil production capacity to 13mln BPD"
"2020-03-16 12:25:00","2020-03-16 20:25:00","White House Advisor Navarro says he is bringing an executive order to US President Trump which would lower the dependency on foreign countries for medicines"
"2020-03-16 12:23:00","2020-03-16 20:23:00","Brazilian Central Bank says an estimated BRL 3.2trln of loans eligible to benefit from new relaxed terms, depending on take up; to expand ability of banks to use their capital to back up relaxed loan terms and maintain credit flow"
"2020-03-16 12:20:00","2020-03-16 20:20:00","US Secretary of State Pompeo urges Iraq's PM to defend coalition personnel supporting efforts to defeat ISIS; will take additional action as necessary in self defense if attacked"
"2020-03-16 12:19:00","2020-03-16 20:19:00","German Transport Ministry stops flights from Iran and China due, according to Bild"
"2020-03-16 12:18:00","2020-03-16 20:18:00","Saudi Aramco CFO says financial flexibility retained for further action"
"2020-03-16 12:11:00","2020-03-16 20:11:00","White House Trade Advisor Navarro has asked Congress to consider payroll tax cut through 2020-end, bringing Executive Order to US President Trump on supply chain, CNBC"
"2020-03-16 12:08:00","2020-03-16 20:08:00","Brazil's National monetary council has approved emergency measures to shield the economy from the impact from COVID-19; companies and households in good financial shape will renegotiate loans "
"2020-03-16 12:06:00","2020-03-16 20:06:00","US Treasury Secretary Mnuchin and other senior administration officials were meeting throughout the weekend to prepare the next round of proposals, which Politico says ""we should hear about soon"", via Politico MM"
"2020-03-16 12:01:00","2020-03-16 20:01:00","Sanofi (SAN FP)/ Regeneron (REGN) - Cos are to begin global Kevzara trials for patients with severe coronavirus, US Phase II/III trials initiated and will begin enrolling patients immediately, US based trials will begin at medical centers in NY"
"2020-03-16 12:00:00","2020-03-16 20:00:00","IMF says it is ready to mobilize USD 1trln loan capacity to fight COVID-19; fiscal stimulus will be necessary to prevent long-lasting economic damage, such as raised paid sick leave and targeted tax relief"
"2020-03-16 11:57:00","2020-03-16 19:57:00","German regulator BAFIN sees no systematic risk for the financial sector (DBK GY, CBK GY), according to Handelsblatt"
"2020-03-16 11:46:00","2020-03-16 19:46:00","UK PM Johnson spokesperson says the scientific advice is that school closures is not a step that should be taken currently"
"2020-03-16 11:44:00","2020-03-16 19:44:00","Brazil's Vale (VALE) says admin employees and third-party service providers are to begin working from home globally "
"2020-03-16 11:42:00","2020-03-16 19:42:00","UK PM Johnson spokesperson says HMRC is ready to support all businesses, including airlines (IAG LN, EZJ LN, RYA LN)"
"2020-03-16 11:35:00","2020-03-16 19:35:00","UK PM Johnson spokesperson says will be unveiling own response to coronavirus later today"
"2020-03-16 11:35:00","2020-03-16 19:35:00","France, Germany and EU's Michel and von der Leyen agreed to enact measures on the EU's external borders in the coming hours, according to French official  "
"2020-03-16 11:35:00","2020-03-16 19:35:00","Scotiabank FX Daily - COVID-19—Central Banks 0"
"2020-03-16 11:34:00","2020-03-16 19:34:00","CIRCUIT BREAKERS (16 Mar) [REFILE]: Hard upside or downside limit of 5% during non-US hours in Futures, 7%, 13% and 20% circuit breakers in US Futures during US hours"
"2020-03-16 11:24:00","2020-03-16 19:24:00","UBS believes the Brazilian Central Bank will cut the Selic rate by 100bps to 3.25% as soon as later on Monday possibly "
"2020-03-16 11:23:00","2020-03-16 19:23:00","UK rail operators have asked the government for bailout as passenger numbers plunge due to COVID-19 work from home trend, according to a source"
"2020-03-16 11:22:00","2020-03-16 19:22:00","European Commission says the closing of borders is not the best way to make sure EU contains the virus "
"2020-03-16 11:20:00","2020-03-16 19:20:00","EU border measures are said to be coming in the following hours, according to Elysee sources cited by AFP"
"2020-03-16 11:18:00","2020-03-16 19:18:00","EU Commission says EU Executive Chief is to partake in G7 conference call at 14:00 GMT"
"2020-03-16 11:17:00","2020-03-16 19:17:00","US Surgeon General says US may need between 6-8 weeks to get over the worst"
"2020-03-16 11:16:00","2020-03-16 19:16:00","China says imported COVID-19 cases bring uncertainties to the end of the outbreak, according to state media "
"2020-03-16 11:15:00","2020-03-16 19:15:00","UK PM Johnson spokesperson says the PM also spoke to the BoE Governor Bailey; will discuss the latest developments in global markets and coordinated action overnight with Bailey and the Chancellor "
"2020-03-16 11:14:00","2020-03-16 19:14:00","Turkey is mulling tax relief among several measures to provide support to companies"
"2020-03-16 11:11:00","2020-03-16 19:11:00","French President Macron has condemned unilateral border control measures taken by certain EU countries "
"2020-03-16 11:09:00","2020-03-16 19:09:00","Newsquawk Daily US Opening News - 16th March 2020"
"2020-03-16 11:05:00","2020-03-16 19:05:00","Newsquawk EU Mid Session: Central Bank support unable to stop the rot - 16th March 2020"
"2020-03-16 11:02:00","2020-03-16 19:02:00","SEC says CBOE options exchange has temporarily shifted to fully electronic trading "
"2020-03-16 11:00:00","2020-03-16 19:00:00","BoE Governor Bailey says you will see prompt action from the BoE again when it is needed; will see the effect of swap lines in the coming days; move by CBs is a strong signal of coordination; very keen to ensure long-term economic damage is minimized "
"2020-03-16 10:59:00","2020-03-16 18:59:00","RBI Governor says it is time for policy to be impactful, and the central bank stands ready to take all measures; will decide on timing of any rate action based on evolving situation "
"2020-03-16 10:56:00","2020-03-16 18:56:00","Polish Central Bank has conducted repo operations to improve liquidity, according to dealers"
"2020-03-16 10:55:00","2020-03-16 18:55:00","Fixed Income: divergence, decoupling and dislocation"
"2020-03-16 10:51:00","2020-03-16 18:51:00","Hungarian Central Bank has offered EUR 308mln of FX swaps as HUF liquidity to banks"
"2020-03-16 10:44:00","2020-03-16 18:44:00","Spain's coronavirus cases have risen to 8744 vs. 7753 on Sunday; death toll 297 vs. 288 on Sunday"
"2020-03-16 10:44:00","2020-03-16 18:44:00","FX Morning Colour: Dollars in the doldrums after more monetary easing"
"2020-03-16 10:39:00","2020-03-16 18:39:00","China is reportedly mulling holding a rescheduled parliament in late April/early May, sources state"
"2020-03-16 10:35:00","2020-03-16 18:35:00","German Finance Minister states that the German Federal Government is sticking to its debt brake, via Funke"
"2020-03-16 10:32:00","2020-03-16 18:32:00","EU Council President Michel is to conduct a video call with EU leaders tomorrow to discuss coronavirus"
"2020-03-16 10:32:00","2020-03-16 18:32:00","EU Council President Michel is to conduct a video call with EU leaders tomorrow to discuss coronavirus"
"2020-03-16 10:23:00","2020-03-16 18:23:00","Standard Chartered (STAN LN/2888HK) will be leaving best lending rate unchanged at 5.25%"
"2020-03-16 10:21:00","2020-03-16 18:21:00","OPEC/OPEC+ JTC meeting planned for March 18th in Vienna has been cancelled; sources state"
"2020-03-16 10:20:00","2020-03-16 18:20:00","Russia's Kremlin says there are no planned immediate contacts with Saudi Arabia's leadership"
"2020-03-16 10:17:00","2020-03-16 18:17:00","Central Bank of Israel state that they are adding liquidity via USD/ISL swaps"
"2020-03-16 10:06:00","2020-03-16 18:06:00","Israeli President has tasked Netanyahu rival Benny Gantz with forming a new government, according to statement"
"2020-03-16 10:05:00","2020-03-16 18:05:00","German State Baden-Wuerttemberg is mulling stopping all flights in its air space due to the virus, according to Focus Magazine"
"2020-03-16 10:03:00","2020-03-16 18:03:00","Salzgitter (SZG GY)/ Thyssenkrupp (TKA GY) – Salzgitter CEO says we are in talks with Thyssenkrupp but not about any kind of merger and reorganisation"
"2020-03-16 10:02:00","2020-03-16 18:02:00","Ryanair (RYA LN) – expects grounding of a majority of its flights across Europe over the next 10 days, Co. has seen a substantial decline in bookings over the last two weeks and expects this to continue for a foreseeable future"
"2020-03-16 09:46:00","2020-03-16 17:46:00","French President Macron is to address French nation at 1900GMT today"
"2020-03-16 09:44:00","2020-03-16 17:44:00","Russian Foreign Ministry says militants in Syria's Idlib are not complying with the ceasefire agreement, according to IFAX"
"2020-03-16 09:40:00","2020-03-16 17:40:00","Apple (AAPL) - Co. has been fined EUR 1.1bln by the French anti-trust agency"
"2020-03-16 09:39:00","2020-03-16 17:39:00","Philippine Central Bank Governor says there will be no off-cycle meeting, but the Central Bank may consider a 50bps cut "
"2020-03-16 09:34:00","2020-03-16 17:34:00","Japanese Finance Minister Aso has asked banks to support lending to businesses to ease virus concerns; not seeing loss of liquidity as we did after Lehman shock"
"2020-03-16 09:21:00","2020-03-16 17:21:00","French President Macron is to organise a new top-level meeting today to discuss the virus, sources state"
"2020-03-16 09:20:00","2020-03-16 17:20:00","BoK Governor Lee states that the Central Bank is ready to deploy all policy tools if needed, outright purchases of govt bonds is an option if needed"
"2020-03-16 09:19:00","2020-03-16 17:19:00","German State of Bavaria is making available up to EUR 10bln of special funds due to coronavirus"
"2020-03-16 09:03:00","2020-03-16 17:03:00","BoJ announces additional JPY 100bln JGB purcahses in 3-5yr and 5-10yr maturities on March 17th"
"2020-03-16 09:02:00","2020-03-16 17:02:00","Gilts and Short Sterling strip both on a firmer footing, eventually"
"2020-03-16 09:01:00","2020-03-16 17:01:00","Swiss Sight Deposits: Domestic; CHF 505.938bln vs. Prev CHF 503.598bln. Total; CHF 602.992bln vs. Prev. CHF 598.548bln"
"2020-03-16 09:00:00","2020-03-16 17:00:00","Germany Economy Ministry says it sees economic growth notably more subdued as of March due to COIVD-19"
"2020-03-16 08:51:00","2020-03-16 16:51:00","ECB's Holzmann says if there is a need to intervene in government bonds, measures will be taken"
"2020-03-16 08:41:00","2020-03-16 16:41:00","IAG (IAG LN) - CEO sees lower 2021 capacity and thus it will make sense to permanently retire some aircrafts"
"2020-03-16 08:25:00","2020-03-16 16:25:00","Bunds: unwinding overnight Eurex gains and more"
"2020-03-16 08:20:00","2020-03-16 16:20:00","Deutsche Bank (DBK GY) - Co. is to keep all branches open for now, according "
"2020-03-16 08:17:00","2020-03-16 16:17:00","China Medical Expert says the affect of weather on coronavirus infection rate has not yet been confirmed"
"2020-03-16 08:14:00","2020-03-16 16:14:00","Michelin (ML FP) halts plans in Italy, France and Spain for a week, according to AFP"
"2020-03-16 08:13:00","2020-03-16 16:13:00","Commerzbank (CBK GY) - Co. is to close several hundred branches, with exact number to be determined, according to a spokesman"
"2020-03-16 08:06:00","2020-03-16 16:06:00","Morning EU Movers: Bayer (BAYN GY) -3.3%, Volkswagen (VOW3 GY) -7.6%, ADP (ADP FP) -8%, Lufthansa (LHA GY) -8.4%, H&M (HMB SS) -9.0%, Air France (AF FP) -11.0%, easyJet (EZJ LN) -18%, AMS (AMS SW) -34%"
"2020-03-16 08:05:00","2020-03-16 16:05:00","Spanish Transport Ministry says measures against virus will be extended to beyond 15 days"
"2020-03-16 08:03:00","2020-03-16 16:03:00","Swedish Finance Ministry to present a crisis package worth over SEK 300bln"
"2020-03-16 07:49:00","2020-03-16 15:49:00","BoK cuts key base rate by 50bps to 0.75% in an emergency move"
"2020-03-16 07:47:00","2020-03-16 15:47:00","London Metal Exchange says a ring-dealing member has been diagnosed with coronavirus "
"2020-03-16 07:36:00","2020-03-16 15:36:00","UK Government is to make further announcements on coronavirus measures later today, according to PM's Senior Advisor Cummings"
"2020-03-16 07:33:00","2020-03-16 15:33:00","Larger FX option expiries for today's NY cut"
"2020-03-16 07:11:00","2020-03-16 15:11:00","RBI Governor is to hold a press conference at 1600 local time (1030GMT)"
"2020-03-16 07:05:00","2020-03-16 15:05:00","BoJ Governor says the impact of the virus on the Japanese economy will last for the time being, will not hesitate to add easing if necessary, it is possible further deepen negative rates and further boost JGB purchases"
"2020-03-16 07:04:00","2020-03-16 15:04:00","Additional European Equities post release of the Daily European Equity Opening News"
"2020-03-16 06:57:00","2020-03-16 14:57:00","Bank of Korea are to hold an emergency policy meeting at 04:30 local time (07:30 GMT)"
"2020-03-16 06:47:00","2020-03-16 14:47:00","Saudi Aramco notes that the tax rate applicable to Co's downstream activities was reduced to 20% from 50% effect Jan 1st 2020"
"2020-03-16 06:45:00","2020-03-16 14:45:00","Daily European Equity Opening News"
"2020-03-16 06:43:00","2020-03-16 14:43:00","French President Macron says the virus situation is ""deteriorating very fast"", according to AFP News"
"2020-03-16 06:34:00","2020-03-16 14:34:00","Turkish President Erdogan is to announce steps to support the Turkish economy in light of the virus outbreak, according to the Turkish Finance Minister"
"2020-03-16 06:23:00","2020-03-16 14:23:00","Newsquawk Daily European Opening News - 16th March 2020"
"2020-03-16 06:19:00","2020-03-16 14:19:00","Italian PM Conte says the virus outbreak has not reached its peak in the country; there is no need for new bans; approved measures are not sufficient to support businesses in crisis; govt ready to intervene again"
"2020-03-16 06:13:00","2020-03-16 14:13:00","Russian PM says the country will create an anti-crisis fund of RUB 300bln over the virus outbreak, according to IFAX"
"2020-03-16 05:49:00","2020-03-16 13:49:00","ASIA-PAC MARKET WRAP: Asia stocks slump and US equity futures hit limit down amid coronavirus disruptions despite the Fed throwing the kitchen sink"
"2020-03-16 05:31:00","2020-03-16 13:31:00","CIRCUIT BREAKERS (16 Mar): Hard upside or downside limit of 5% during non-US hours in Futures, 7%, 13% and 20% circuit breakers in US Futures during US hours "
"2020-03-16 05:16:00","2020-03-16 13:16:00","Australia ASIC begins proceedings against CBA (CBA AT) over credit services to a gambler"
"2020-03-16 05:08:00","2020-03-16 13:08:00","BoJ keeps rates at -0.10% and maintains long-term yield target at 0%, but raises purchases of ETFs to JPY 12tln from JPY 6tln and J-REITS to JPY 180bln from JPY 90bln"
"2020-03-16 05:08:00","2020-03-16 13:08:00","BoJ keeps rates at -0.10% and maintains long-term yield target at 0%, but raises purchases of ETFs to JPY 12tln from JPY 6tln and J-REITS to JPY 180bln from JPY 90bln"
"2020-03-16 04:59:00","2020-03-16 12:59:00","Philippines January Remittances USD 2.7bln vs. Exp. USD 2.6bln"
"2020-03-16 04:45:00","2020-03-16 12:45:00","NSE spokesperson says there is no proposal for a ban on short-selling with India's securities regulator"
"2020-03-16 04:32:00","2020-03-16 12:32:00","HKMA says countercyclical buffer to be lowered to 1% from 2% ith immediate effect"
"2020-03-16 04:12:00","2020-03-16 12:12:00","Mexico suffers 1st death from coronavirus, according to media reports"
"2020-03-16 03:41:00","2020-03-16 11:41:00","Goldman Sachs says SPR purchases could raise equilibrium price where global oil market rebalances by USD 2/bbl, adds SPR purchases could be insufficient to reverse increasingly likely risk Brent declines beneath Q2-Q3 USD 30/bbl forecast"
"2020-03-16 03:38:00","2020-03-16 11:38:00","PRE-MARKET INDIAN STOCK NEWS: NSE is to remove the Yes Bank (YES IS) from all NIFTY equity indices, while other reports note it secured new investors in INR 100bln bailout"
"2020-03-16 03:35:00","2020-03-16 11:35:00","Japan sells JPY 599.5bln in 10yr, 20yr and 30yr JGBs in enhanced liquidity auction; b/c 2.98 vs. Prev. 2.66"
"2020-03-16 03:22:00","2020-03-16 11:22:00","New Zealand PM Ardern says business continuity package which will be announced on Tuesday will be significant, will focus on jobs and is phase 1 of the response"
"2020-03-16 03:16:00","2020-03-16 11:16:00","Los Angeles Mayor orders close of restaurants, bars and nightclubs in an effort to contain spread of coronavirus"
"2020-03-16 03:02:00","2020-03-16 11:02:00","ASIA-PAC MID-SESSION UPDATE: Asia-Pac stocks decline and US equity futures hit limit down as COVID-19 continues to take its toll despite emergency policy action including a 100bps cut and QE by the Fed"
"2020-03-16 02:51:00","2020-03-16 10:51:00","China stats bureau says there is room for China to appropriately increase budget deficit ratio"
"2020-03-16 02:38:00","2020-03-16 10:38:00","PBoC reportedly issued CNY 184bln of low interest rate loans through relending quota"
"2020-03-16 02:35:00","2020-03-16 10:35:00","Washington Governor Inslee says will sign statewide emergency proclamation to temporary shut down restaurants, bars, entertainment and recreational facilities although restaurants will be allowed to provide take-out and delivery"
"2020-03-16 02:31:00","2020-03-16 10:31:00","Australia's Unisuper announces to suspend stock lending program indefinitely and says restricting ability to short-sell is in bext interest of promoting ordely markets"
"2020-03-16 02:26:00","2020-03-16 10:26:00","China stats bureau says expects economy to show significant improvement in March and sees impact to economy from coronavirus to decrease in Q2"
"2020-03-16 02:15:00","2020-03-16 10:15:00","China's stats bureau says China's economy remains resilient despite coronavirus impact"
"2020-03-16 02:11:00","2020-03-16 10:11:00","Japanese Chief Cabinet Secretary Suga says studying what is needed when asked regarding proposal to reduce sales tax "
"2020-03-16 02:10:00","2020-03-16 10:10:00","New York City Mayor De Blasio orders restaurants, bars, nightlife and cinemas to shut except for delivery"
"2020-03-16 02:08:00","2020-03-16 10:08:00","RBNZ Chief Economist Young Ha said bond purchase program is to be ready for May if needed"
"2020-03-16 02:00:00","2020-03-16 10:00:00","Chinese Unemployment Rate (Feb) 6.2% (Prev. 5.2%)"
"2020-03-16 01:46:00","2020-03-16 09:46:00","PBoC conducts CNY 100bln in 1yr MLF operations at 3.15% vs. Prev. 3.15%"
"2020-03-16 01:31:00","2020-03-16 09:31:00","United Airlines (UAL) is to cut flight capacity 50% for April and May, according to a memo"
"2020-03-16 01:28:00","2020-03-16 09:28:00","Philippines Central Bank Governor Diokno says 25bps cut is almost a certainty and can certainly go higher"
"2020-03-16 01:26:00","2020-03-16 09:26:00","RBNZ Assistant Governor Hawkesby says rate cut and other measures announced today give bank sufficicent time to reassess situation, adds stopping at 0.25% signals RBNZ are not looking to go to zero or negative rates"
"2020-03-16 01:19:00","2020-03-16 09:19:00","South Korea coronavirus cases increased by 74 to a total of 8236, while there were 303 additional recovered patients and no additional death were reported for the 1st time since Feb. 15th"
"2020-03-16 01:15:00","2020-03-16 09:15:00","PBoC sets USD/CNY mid-point at 7.0018 vs. Exp. 7.0067 (Prev. 7.0033)"
"2020-03-16 01:10:00","2020-03-16 09:10:00","PBoC is said to conduct MLF operations today, according to reports"
"2020-03-16 01:06:00","2020-03-16 09:06:00","PRE-MARKET CHINESE STOCK NEWS: PBoC announced to cut RRR for some banks by 50-100bps under inclusive finance scheme and an additional 100bps cut for joint-stock banks from March 16th"
"2020-03-16 01:02:00","2020-03-16 09:02:00","RBA says ready to purchase Australia government bonds and will announce further policy steps on Thursday"
"2020-03-16 00:55:00","2020-03-16 08:55:00","Japanese PM Abe says will rake unprecedented economic policies that carry a strong message with firm commitment"
"2020-03-16 00:53:00","2020-03-16 08:53:00","GrainCorp (GNC AT) shareholders approve demerger of United Malt Group in which shares of the latter will trade on ASX on April 2nd"
"2020-03-16 00:48:00","2020-03-16 08:48:00","MGM Resorts (MGM) to close Las Vegas properties until further notice amid coronavirus"
"2020-03-16 00:41:00","2020-03-16 08:41:00","PRE-MARKET TAIWAN AND SINGAPORE STOCK NEWS: China Airlines (2610 TT) and EVA Airways (2618 TT) are suspending some flights to US and EU"
"2020-03-16 00:29:00","2020-03-16 08:29:00","China's Hubei province reports 4 new coronavirus cases and 14 additional deaths as of March 15th vs. 4 additional cases and 10 additional deaths on March 14th"
"2020-03-16 00:27:00","2020-03-16 08:27:00","Mainland China reports 16 additional cases of coronavirus and 14 additional deaths on March 15th vs. Prev. 20 additional cases and 10 additional deaths on March 14th"
"2020-03-16 00:23:00","2020-03-16 08:23:00","PBoC is expected to set the USD/CNY midpoint at 7.0067, according to Newswires estimates"
"2020-03-16 00:21:00","2020-03-16 08:21:00","BoJ's emergency meeting today is likely to discuss steps to smooth corporate financing and ensure market stability, according to a source"
"2020-03-16 00:16:00","2020-03-16 08:16:00","Japanese PM Abe says G7 video conference is to begin at 2300 local time / 1400GMT"
"2020-03-16 00:10:00","2020-03-16 08:10:00","Asia equity markets trade lower and US equity futures hit limit down as coronavirus fears and disruption continue to spook sentiment, despite the Fed throwing the kitchen sink with a 100bps emergency rate cut and USD 700bln QE"
"2020-03-16 00:01:00","2020-03-16 08:01:00","UK Rightmove House Prices (Mar) Y/Y 3.5% (Prev. 2.9%)"
"2020-03-16 00:01:00","2020-03-16 08:01:00","UK Rightmove House Prices (Mar) M/M 1.0% (Prev. 0.8%)"