"gmt_time","hk_time","subject"
"2020-01-15 23:56:00","2020-01-16 07:56:00","German Chancellor Merkel will seek to quash dispute regarding Huawei within her party"
"2020-01-15 23:34:00","2020-01-16 07:34:00","PRE-MARKET JAPANESE AND SOUTH KOREAN STOCK NEWS: Toshiba Machine (6104 JT) is to sell its stake of almost 16% in NuFlare Technology (6256 JT) to Toshiba (6502 JT)"
"2020-01-15 23:10:00","2020-01-16 07:10:00","US Treasury Secretary Mnuchin says USMCA and US-China trade deal will contribute 50-70bps to US GDP, adds has data on Chinese subsidies and will address this in Phase 2"
"2020-01-15 23:02:00","2020-01-16 07:02:00","Czech Central Bank Governor Rusnok says interest rates are most likely to be stable this year"
"2020-01-15 22:52:00","2020-01-16 06:52:00","PRE-MARKET AUSTRALIAN STOCK NEWS: Quarterly updates from Caltex (CTX AT), Whitehaven Coal (WHC AT) and Woodside Petroleum (WPL AT)"
"2020-01-15 22:52:00","2020-01-16 06:52:00","PRE-MARKET AUSTRALIAN STOCK NEWS: Quarterly updates from Caltex (CTX AT), Whitehaven Coal (WHC AT) and Woodside Petroleum (WPL AT)"
"2020-01-15 22:46:00","2020-01-16 06:46:00","US Senate Majority Leader McConnell says impeachment trial will begin on Tuesday and that Senate will complete USMCA trade deal tomorrow"
"2020-01-15 22:23:00","2020-01-16 06:23:00","China Global Times tweets inking of Phase one 1 deal between China and US is set to gradually normalize the trade ties of the two economies but yuan’s rapid rise is worth watching closely"
"2020-01-15 22:18:00","2020-01-16 06:18:00","ASB says RBNZ can be patient and that although it has penciled a 25bps cut this year, the OCR could stay at 1% for a while"
"2020-01-15 22:00:00","2020-01-16 06:00:00","ASIA-PAC SERVICE IS NOW LIVE FOR TODAY'S SESSION"
"2020-01-15 22:00:00","2020-01-16 06:00:00","ASIAN DAILY ECONOMIC RELEASE CALENDAR IS AVAILABLE IN THE RESEARCH SECTION OF THE WEBSITE: Highlights include Japanese Machinery Orders, Australian Home Loans and Chinese House Prices"
"2020-01-15 22:00:00","2020-01-16 06:00:00","DAILY ASIA-PAC OPENING NEWS"
"2020-01-15 21:47:00","2020-01-16 05:47:00","German Chancellor Merkel warns that Brexit is a wake up call for the EU, in interview with FT"
"2020-01-15 21:45:00","2020-01-16 05:45:00","New Zealand Card Spending Total (Nov) M/M -0.6% (Prev. 1.0%)"
"2020-01-15 21:29:00","2020-01-16 05:29:00","Chinese Vice Premier Liu He says will use results of Phase 1 deal to prove our negotiations are helping improve the economy, adds US decision to remove currency manipulator designation on China was correct"
"2020-01-15 21:10:00","2020-01-16 05:10:00","Newsquawk US Market Wrap - 15th January 2020: Volatile risk appetite upon Phase One signing"
"2020-01-15 20:50:00","2020-01-16 04:50:00","MOC: SPX 1bln to buy (vs. 400mln to buy at 1549 EST); Dow 500mln to buy (vs. 200mln to buy)"
"2020-01-15 20:47:00","2020-01-16 04:47:00","Toyota Motors (TM) invests USD 400mln in the flying taxi startup, Joby"
"2020-01-15 20:43:00","2020-01-16 04:43:00","Report, cited by 9to5mac.com, shows Apple (AAPL) took 71% of total wireless headphone revenue in 2019, selling 60mln AirPods"
"2020-01-15 20:41:00","2020-01-16 04:41:00","South African government has not yet provided the ZAR 2bln it promised to rescue South African Airways, according to NTM trade union"
"2020-01-15 20:32:00","2020-01-16 04:32:00","The dispute settlement mechanism in the Phase One deal is designed to be completed in 90 days, noting if US reimposes tariffs in an enforcement dispute, China cannot implement retaliatory tariffs but it can quit the agreement, according to a US official"
"2020-01-15 20:18:00","2020-01-16 04:18:00","US NEC Director Larry Kudlow says Huawei cannot be a part of 5G in the US; there will be some disputes that need to be resolved in the China trade deal, comments from Fox Business"
"2020-01-15 19:56:00","2020-01-16 03:56:00","Valero (VLO) Port Arthur, Texas refinery (395k BPD) is reportedly repairing its small hydrocracker, according to sources "
"2020-01-15 19:47:00","2020-01-16 03:47:00","Tegna (TGNA) is reportedly to face new activist investor interest from Donnerail"
"2020-01-15 19:33:00","2020-01-16 03:33:00","WTI (G0) SETTLED USD 0.42 LOWER AT USD 57.81/BBL; BRENT (H0) SETTLED USD 0.49 LOWER AT USD 64.00/BBL"
"2020-01-15 19:05:00","2020-01-16 03:05:00","Upslope Capital see 50% downside for Focus Financial Partners (FOCS)"
"2020-01-15 19:00:00","2020-01-16 03:00:00","Fed's Beige Book: US activity continued to expand modestly in the last 6 weeks of 2019, expectations for near term outlook remained modestly favourable across the nation, consumer spending grew at a modest to moderate pace, some noted a pick up from prev."
"2020-01-15 18:55:00","2020-01-16 02:55:00","Fed's Kaplan (voter, neutral) says it would be healthy to lay out a path where the Fed can reduce repo operations and curtail balance sheet growth"
"2020-01-15 18:34:00","2020-01-16 02:34:00","US President Trump previously threatened auto tariffs of 25% on European autos if Europe refused to initiate the dispute mechanism in the JCPOA deal, according to the Washington Post"
"2020-01-15 18:25:00","2020-01-16 02:25:00","Italy's new 30-year bond issue met good demand with strong interest from international investors which include those outide of Europe, according to a treasury official"
"2020-01-15 18:19:00","2020-01-16 02:19:00","State Grid in China warns China GDP is at risk of falling to 4% over the next five years, according to reports in FT"
"2020-01-15 18:04:00","2020-01-16 02:04:00","Official Phase 1 Deal cited by USTR Lighthizer: In the 2020/21 period, on top of 2017 baseline figure, China is to purchase an additional USD 32bln of agricultural goods, USD 77.7bln of manufacturing, USD 52.4bln of energy and USD 37.9bln of services"
"2020-01-15 18:01:00","2020-01-16 02:01:00","Fed's Kaplan (voter, neutral) says the Fed should have a structure in place so that it can have the smallest balance sheet possible"
"2020-01-15 17:53:00","2020-01-16 01:53:00","Chinese Vice Premier Liu He says China will purchase agricultural goods based on market conditions, as specified in the deal; China will adhere to the deal out of mutual respect"
"2020-01-15 17:47:00","2020-01-16 01:47:00","Chinese President Xi, in a letter cited by Vice Premier Liu He, says the deal shows the two sides can resolve their differences and find solutions based on dialogue"
"2020-01-15 17:30:00","2020-01-16 01:30:00","US President Trump says work on Phase 2 will begin as soon as this one kicks in; leaving tariffs on so the US has more cards to negotiate for Phase 2, where he will agree to remove all tariffs if Phase 2 is completed; expects Phase 2 to be the last"
"2020-01-15 17:27:00","2020-01-16 01:27:00","US President Trump says the US dollar is high"
"2020-01-15 17:19:00","2020-01-16 01:19:00","Fed's Kaplan (voter, neutral) expects business investment to continue to underperform; consumer is strong and the job market is tight on a historical basis, unemployment rate could fall a little bit"
"2020-01-15 17:07:00","2020-01-16 01:07:00","Disney (DIS) Star Wars: Rise of Skywalker reaches USD 1bln at the global box office, according to CNBC"
"2020-01-15 17:00:00","2020-01-16 01:00:00","Fed's Harker (voter, neutral) says rates are in a good place unless there is a significant change in inflation; don't need to lower rates right now, citing risks of financial stability"
"2020-01-15 16:56:00","2020-01-16 00:56:00","US President Trump says USMCA deal should be sorted next week, will discuss more soon"
"2020-01-15 16:52:00","2020-01-16 00:52:00","US President Trump says will visit China in the not too distant future to reciprocate for the Phase 1 signing"
"2020-01-15 16:41:00","2020-01-16 00:41:00","Mylan (MYL) asserts in confidence in its forecasts, adding emerging markets like China, LATAM and Asia will be a growth driver going forward comments from JPM healthcare conference"
"2020-01-15 16:37:00","2020-01-16 00:37:00","WATCH LIVE: US China phase one deal signing "
"2020-01-15 16:29:00","2020-01-16 00:29:00","Fed's Daly (non-voter, neutral) expects US GDP to grow at 2% in 2020 and unemployment to remain little changed, whilst seeing inflation rising to 2%"
"2020-01-15 16:28:00","2020-01-16 00:28:00","Fed's Harker (voter, neutral) says the Fed can implement some forms of forward guidance by allowing inflation to rise above 2%, not evident inflation would increase if the FFR was moved"
"2020-01-15 16:27:00","2020-01-16 00:27:00","South Africa's Eskom appoints interim Chairman"
"2020-01-15 16:24:00","2020-01-16 00:24:00","Daily FX Wrap: Buck buckles and Rouble rocks, but Franc fortified"
"2020-01-15 16:12:00","2020-01-16 00:12:00","Russian President Putin nominates current Russian tax unit chief, Mishustin, as the next PM "
"2020-01-15 16:05:00","2020-01-16 00:05:00","ANALYSIS: US-China Phase One Signing: 16:30GMT/11:30EST"
"2020-01-15 16:03:00","2020-01-16 00:03:00","AbbVie (ABBV) expects Humira sales to slow going into 2022 and 2023, in comments from the JPM healthcare conference "
"2020-01-15 16:00:00","2020-01-16 00:00:00","Fed's Harker (voter, neutral) says talks on potential standing repo facility are very much in discourse, not the decision phase"
"2020-01-15 15:59:00","2020-01-15 23:59:00","ThyssenKrupp (TKA GY) - RAG Foundation has entered the bidding consortium headed up by Advent and Cinven for the Co.'s elevator unit"
"2020-01-15 15:37:00","2020-01-15 23:37:00","Fed's Kaplan (Voter) says he is concerned regarding the impact of Fed policy on asset prices"
"2020-01-15 15:08:00","2020-01-15 23:08:00","EIA Inventory Expectations: Crude -0.474mln, Distillate +1.214mln, Gasoline +3.386mln"
"2020-01-15 15:08:00","2020-01-15 23:08:00","EIA Inventory Expectations: Crude -0.474mln, Distillate +1.214mln, Gasoline +3.386mln"
"2020-01-15 14:55:00","2020-01-15 22:55:00","Parsley Energy (PE) says it sees a chance to cut supply chain costs by 20%, and that most M&A will occur among E&Ps running 5 rigs or less, adding most major oil companies (XOM, CVX, COP) need to make an M&A move in the next 2-3 years"
"2020-01-15 14:54:00","2020-01-15 22:54:00","Salesforce (CRM) have reportedly made an acquisition offer for Dropbox (DBX) - UNCONFIRMED"
"2020-01-15 14:51:00","2020-01-15 22:51:00","Uber (UBER) - Goldman Sachs is said to have sold its entire stake in UBER in the latter part of 2019, according to CNBC"
"2020-01-15 14:47:00","2020-01-15 22:47:00","Newsquawk sources note of unconfirmed chatter for UPS (UPS) - UNCONFIRMED"
"2020-01-15 14:45:00","2020-01-15 22:45:00","Saipem (SPM IM) & Eni (ENI IM) – Co’s have been acquitted of all charges regarding the Algerian corruption case"
"2020-01-15 14:37:00","2020-01-15 22:37:00","US NEC Director Kudlow says the Phase One deal is a pro-growth deal, expects a 0.5% increase to GDP from the deal in 2020"
"2020-01-15 14:36:00","2020-01-15 22:36:00","US Equity Open Summary: Major bourses open higher ahead of the Phase One signing today "
"2020-01-15 14:35:00","2020-01-15 22:35:00","FBN Gasparino states the White House is considering election-year fiscal stimulus within their budget proposal, ideas include payroll tax reduction., via congressional sources "
"2020-01-15 14:25:00","2020-01-15 22:25:00","Additional US Equity Stories - FRC, HAS, MAT"
"2020-01-15 14:22:00","2020-01-15 22:22:00","Iran has not answered requests from Ukraine for access to the black boxes., Ifax citing a Ukraine Official"
"2020-01-15 14:18:00","2020-01-15 22:18:00","The signing of a phase one deal may reportedly not lead to phase two talks any time soon, while trade tensions, additional tariffs and US investment restrictions on China will become the ""new normal"", according to Global Times citing sources "
"2020-01-15 14:17:00","2020-01-15 22:17:00","Fixed and FX latest: debt futures notch new highs, Dollar depressed"
"2020-01-15 14:04:00","2020-01-15 22:04:00","Newsquawk Daily US Equity Opening News - 15th January 2020"
"2020-01-15 14:04:00","2020-01-15 22:04:00","FBN ‘s Lawrence confirms that the Chinese delegation will arrive at the White House at 1100ET/1600GMT with the Phase One deal to be signed at around 1130ET/1630GMT. A text of the deal will be release following the signing"
"2020-01-15 13:58:00","2020-01-15 21:58:00","SHORT STERLING OPTIONS: more bullish BoE chips laid"
"2020-01-15 13:56:00","2020-01-15 21:56:00","Bank of America (BAC) CFO states that H2 will see a increase in net interest income vs. H1"
"2020-01-15 13:55:00","2020-01-15 21:55:00","China’s Vice Premier Liu He says the Phase One deal signing will benefit the US and China as well as the world; following the signing, they will work together to attain tangible results., Xinhua"
"2020-01-15 13:39:00","2020-01-15 21:39:00","China's imports of US agricultural items are to 'rise significantly' following on from the Phase One deal signing., Global Times citing a Senior Economist"
"2020-01-15 13:29:00","2020-01-15 21:29:00","Russia's PM Medvedev states that the Russian Government is to resign, President Putin will decide the makeup of new Government, Medvedev to be appointed Deputy Head of Security Council, Tass and IFX report"
"2020-01-15 13:25:00","2020-01-15 21:25:00","Reports note that multiple rocket sirens heard in Israeli communities near Gaza, via ELINT News - details light at the moment"
"2020-01-15 13:14:00","2020-01-15 21:14:00","China Global Times opinion tweets ""The phase one trade agreement is still not sufficient, as many biting tariffs remain and keep jittering investors"", adds that US President Trump needs to cancel all the tariffs to be reciprocated by Beijing"
"2020-01-15 13:11:00","2020-01-15 21:11:00","India is reportedly planning to cut imports of oil and steel products from Turkey, as according to sources"
"2020-01-15 13:00:00","2020-01-15 21:00:00","Glencore (GLEN LN) - Tesla (TSLA) is said to be in talks to acquire Cobalt from Glencore for its China car plant, according to sources"
"2020-01-15 12:42:00","2020-01-15 20:42:00","US Treasury Secretary Mnuchin notes the deal will be fully enforceable, and there is a dispute mechanism; Tariffs will be increased in the event that China does not adhere to its agreements., CNBC"
"2020-01-15 12:41:00","2020-01-15 20:41:00","Scotiabank FX Daily - USD Mixed as Markets Await China-US Trade Deal Details  "
"2020-01-15 12:40:00","2020-01-15 20:40:00","OPEC MONTHLY OIL REPORT (Jan): 2019 world oil demand growth forecast revised lower, 2020 lifted from the prior report"
"2020-01-15 12:24:00","2020-01-15 20:24:00","Goldman Sachs Group Inc (GS) Q4 19 (USD): EPS 4.69 (exp. 5.54), Revenue 9.96bln (exp. 8.49bln)"
"2020-01-15 11:50:00","2020-01-15 19:50:00","Newsquawk Daily US Opening News - 15th January 2020"
"2020-01-15 11:48:00","2020-01-15 19:48:00","U.S. Bancorp (USB) Q4 19 (USD): EPS 1.15 (exp. 1.09), Revenue 5.92bln (exp. 5.79bln)"
"2020-01-15 11:47:00","2020-01-15 19:47:00","PNC Financial Services Group Inc (PNC) Q4 19 (USD): EPS 2.97 (exp. 2.92), Revenue 4.6 (exp. 4.48bln)"
"2020-01-15 11:45:00","2020-01-15 19:45:00","Bank of America Corp (BAC) Q4 19 (USD): EPS 0.74 (exp. 0.70), Revenue 22.3bln (exp. 22.36bln). "
"2020-01-15 11:41:00","2020-01-15 19:41:00","Newsquawk EU Mid Session: Markets tread cautiously with all eyes on Phase One ceremony - 15th January 2020"
"2020-01-15 11:35:00","2020-01-15 19:35:00","Fixed Income: bonds maintain recovery momentum and breach upside chart levels"
"2020-01-15 11:34:00","2020-01-15 19:34:00","Target Corp. (TGT)  Nov/Dec sales +1.4% Y/Y, missing its goal for a 3-4% gain, affirms Q4 EPS (USD) 1.54-1.74 (exp. 1.70)"
"2020-01-15 11:28:00","2020-01-15 19:28:00","BlackRock Inc (BLK) Q4 19 (USD): EPS 8.34 (exp. 7.33), Revenue 3.98bln (exp. 3.82bln)"
"2020-01-15 11:19:00","2020-01-15 19:19:00","US-China Phase One signing is expected to include provisions such as a suspension of tariff increases on Chinese imports which will be in exchange for increased agri purchases., WSJ"
"2020-01-15 11:14:00","2020-01-15 19:14:00","FX Morning Colour: Sterling stumbles as soft UK CPI crimps BoE rate cut odds"
"2020-01-15 10:55:00","2020-01-15 18:55:00","UnitedHealth Group Inc (UNH) Q4 19 (USD): adj. EPS 3.90 (exp. 3.75), Revenue 61.0bln (exp. 61.06bln) - affirms FY20 outlook; sees FY20 adj. EPS 16.25-16.55 (exp. 16.45)"
"2020-01-15 10:45:00","2020-01-15 18:45:00","OPEC Monthly Oil Report will be released at 12:40GMT today"
"2020-01-15 10:33:00","2020-01-15 18:33:00","Germany sell EUR 1.114bln vs. Exp. EUR 1.5bln 0.0% 2050 Bund: b/c 1.1x (Prev. 1.2x), average yield 0.31% (Prev. 0.14%) and retention (Prev. 22.0%)"
"2020-01-15 10:25:00","2020-01-15 18:25:00","US Earnings: Goldman Sachs (GS) Preview and JPM, WFC & C Summary"
"2020-01-15 10:08:00","2020-01-15 18:08:00","Atlantia (ATL IM) - Co. are said to be prepared to sit down with the Italian government to discuss cuts to motorway tolls, according to sources"
"2020-01-15 10:05:00","2020-01-15 18:05:00","FBN’s Lawrence’s sources say the Chinese delegation will be at the White House at 11am ET, then will meet with President Trump prior to the signing, issue of Huawei will not be specially addressed in the agreement "
"2020-01-15 09:56:00","2020-01-15 17:56:00","ECB allots USD 53.5mln in its 7-day USD operation"
"2020-01-15 09:53:00","2020-01-15 17:53:00","Books for Italy's new 30yr BTP exceeds EUR 38bln, with guidance lowered to 7bps over Sept 2049 BTP (Prev. 9bps)"
"2020-01-15 09:37:00","2020-01-15 17:37:00","FBN's Lawrence says to watch out at 1000GMT/0500ET as he has new information and video from a meeting last night between Chinese Vice Premier Liu He, US Trade Representative Robert Lighthizer, and Treasury Sec Steven Mnuchin"
"2020-01-15 09:30:00","2020-01-15 17:30:00","ONS House Price Index (Nov) YY 2.2% vs. Exp. 1.0%"
"2020-01-15 09:30:00","2020-01-15 17:30:00","UK CPI MM (Dec) 0.0% vs. Exp. 0.2% (Prev. 0.2%); Core CPI 0.0% vs. Exp. 0.2% (Prev. 0.2%)"
"2020-01-15 09:17:00","2020-01-15 17:17:00","Belgium's 10yr books have exceeded EUR 23bln with guidance tightening to 6bps below mid-swaps"
"2020-01-15 09:17:00","2020-01-15 17:17:00","Belgium's 10yr books have exceeded EUR 23bln with guidance tightening to 6bps below mid-swaps"
"2020-01-15 09:10:00","2020-01-15 17:10:00","UK CPI Preview: YY Exp. 1.5%, MM Exp. 0.2% - 09:30GMT"
"2020-01-15 09:09:00","2020-01-15 17:09:00","German Economy Ministry says weak phase in German industrial sector is not yet over but orders and business expectations are sending a more positive signal, industrial sector likely to reach a turning point, German exports remain subdued "
"2020-01-15 09:00:00","2020-01-15 17:00:00","ASIA-PAC SERVICE HAS NOW FINISHED, PLEASE REVERT BACK TO YOUR ORIGINAL CHANNEL FOR COVERAGE ON THE UK & EUROPEAN SESSION"
"2020-01-15 08:54:00","2020-01-15 16:54:00","Russian Energy Minister Novak states there are no plans to delay the March OPEC+ meeting; and should define further steps at this meeting., IFX"
"2020-01-15 08:43:00","2020-01-15 16:43:00","UBS spot FX trading ideas, 15th January 2020"
"2020-01-15 08:40:00","2020-01-15 16:40:00","BoE's Saunders (Dove, Dissenter) says it will probably be appropriate to maintain an expansionary monetary policy stance, and possibly cut rates further"
"2020-01-15 08:38:00","2020-01-15 16:38:00","UAE Energy Minister expects a positive meeting at the March OPEC+ event"
"2020-01-15 08:30:00","2020-01-15 16:30:00","US has reportedly increased pressure on Taiwan Semiconductor (TSMC), to produce is chips for military use within the US; to guarantee that the high-security chips are produced without Chinese interference., Nikkei citing sources"
"2020-01-15 08:24:00","2020-01-15 16:24:00","Gilts correct higher and Short Sterling futures overcome early Liffe wobble"
"2020-01-15 08:17:00","2020-01-15 16:17:00","Newsquawk Bond Auction Previews - 15th January 2020"
"2020-01-15 08:10:00","2020-01-15 16:10:00","Italy has begun marketing a new 30-year BTP, initial price target area is at +9bps to mid-swaps; orders in excess of EUR 18bln"
"2020-01-15 08:04:00","2020-01-15 16:04:00","European Equity Movers this Morning: ASM International (ASM NA) +6.5%; Capita (CPI LN) +2.6%; Altran (ALT FP) +2.6%; Julius Baer (BAER SW) +1.0%; ASML (ASML NA) +1.0%; Tullow Oil (TLW LN) -5.0%; Fraport (FRA GY) -1.8%"
"2020-01-15 07:56:00","2020-01-15 15:56:00","Bunds: braced for Eurozone data, 30 year German issuance and Phase 1 sign off"
"2020-01-15 07:51:00","2020-01-15 15:51:00","Iranian President Rouhani says US forces are not safe in the region today and EU forecast may be in danger tomorrow, reported via Al-Jazeera"
"2020-01-15 07:39:00","2020-01-15 15:39:00","Iranian President Rouhani states that all steps taken to distance themselves from the deal are reversible, adds foreign forces should leave the Middles East"
"2020-01-15 07:27:00","2020-01-15 15:27:00","Iranian Foreign Minster said he did not ask for US troops to be withdrawn from Iraq"
"2020-01-15 07:25:00","2020-01-15 15:25:00","Additional European Equities post release of the Daily European Equity Opening News"
"2020-01-15 07:03:00","2020-01-15 15:03:00","Major FX option expiries for today's NY cut"
"2020-01-15 06:50:00","2020-01-15 14:50:00","Daily European Equity Opening News"
"2020-01-15 06:40:00","2020-01-15 14:40:00","Swedish CPIF Preview: YY Exp. 1.7% (Prev. 1.7%), MM Exp. 0.5% (Prev. 0.1%) – 08:30GMT"
"2020-01-15 06:34:00","2020-01-15 14:34:00","OPEC+ are to reportedly start consultation to delay the oil output cut review from March to June, according to sources cited by TASS"
"2020-01-15 06:25:00","2020-01-15 14:25:00","Newsquawk Daily European Opening News - 15th January 2020"
"2020-01-15 06:08:00","2020-01-15 14:08:00","India Foreign Minister says have shut the door on prospect of a China-led regional economic pact"
"2020-01-15 06:01:00","2020-01-15 14:01:00","Chinese Ambassador warns Netherlands-China ties are at risk if the Dutch government continues to block the export of an ASML chip machines to China for political reasons"
"2020-01-15 05:59:00","2020-01-15 13:59:00","Japanese Machine Tool Orders (Dec P) Y/Y -33.6% (Prev. -37.9%)"
"2020-01-15 05:49:00","2020-01-15 13:49:00","ASIA-PAC MARKET WRAP: Asia traded mostly negative on tariff-rollback disappointment"
"2020-01-15 05:44:00","2020-01-15 13:44:00","Larsen & Toubro (LT IS) secured contracts valued at INR 25bln-50bln "
"2020-01-15 05:00:00","2020-01-15 13:00:00","BoJ cuts assessment on 3 of Japan's 9 regions and maintained assessment of the remaining regions in its quarterly report"
"2020-01-15 04:48:00","2020-01-15 12:48:00","Thailand Fiscal Office Policy Chief Lavaron said will relax mortgage loan rules to support growth and that Q4 GDP may see a recovery of around 3%"
"2020-01-15 04:17:00","2020-01-15 12:17:00","Indonesia Imports (Dec) Y/Y -5.6% vs. Exp. -6.3% (Prev. -9.2%)"
"2020-01-15 04:17:00","2020-01-15 12:17:00","Indonesia Trade Balance (Dec) -0.03B vs. Exp. -0.47B (Prev. -1.33B)"
"2020-01-15 04:11:00","2020-01-15 12:11:00","India is reportedly mulling tweaking border levy on importers and will offer incentives to entice suppliers of Apple (AAPL) and Samsung Electronics (005930 KS)"
"2020-01-15 04:07:00","2020-01-15 12:07:00","Indonesia Exports (Dec) Y/Y +1.3% vs. Exp. -3.0% (Prev. -5.7%)"
"2020-01-15 03:35:00","2020-01-15 11:35:00","Japan sells JPY 1.56tln in 5yr JGBs b/c 4.48 vs. Prev. 4.02, avg. yield -0.087% vs. Prev. -0.083%"
"2020-01-15 03:25:00","2020-01-15 11:25:00","PRE-MARKET INDIAN STOCK NEWS: Wipro (WPRO IS) Q3 net INR 24.6bln vs. Exp. INR 24.5bln"
"2020-01-15 03:14:00","2020-01-15 11:14:00","Major natgas leak has reportedly closed down State Route 2 in Guyandotte, Cabell County West Virginia"
"2020-01-15 02:55:00","2020-01-15 10:55:00","ASIA-PAC MID-SESSION UPDATE: Asia trades mostly lower amid tariff-rollback disappointment"
"2020-01-15 02:52:00","2020-01-15 10:52:00","Hyundai Engineering & Construction (000720 KS) receives KRW 674bln contract regarding power plant construction in Algeria"
"2020-01-15 02:13:00","2020-01-15 10:13:00","Twitter reports note JPMorgan technical analysis suggests S&P500 is not overextended, adds index would have to reach 3700 in H2 and year-long period of elevated performance still needed to be viewed as a bubble"
"2020-01-15 01:46:00","2020-01-15 09:46:00","PBoC conducts CNY 300bln in 1yr MLF operations at 3.25% vs. Prev. 3.25%"
"2020-01-15 01:15:00","2020-01-15 09:15:00","PBoC injects CNY 100bln through 14-day reverse repos"
"2020-01-15 01:15:00","2020-01-15 09:15:00","PBoC sets USD/CNY mid-point at 6.8845 vs. Exp. 6.8832 (Prev. 6.8954)"
"2020-01-15 01:12:00","2020-01-15 09:12:00","PRE-MARKET CHINESE STOCK NEWS: China tariffs are to remain until after US election despite the Phase One deal "
"2020-01-15 01:09:00","2020-01-15 09:09:00","Reports note US-China trade deal is to be signed at 1130EST/1630GMT on Wednesday"
"2020-01-15 00:48:00","2020-01-15 08:48:00","Australian PM Morrison says bushfire outlook continues to look less harmful"
"2020-01-15 00:47:00","2020-01-15 08:47:00","PBoC will conduct MLF operations today, according to sources"
"2020-01-15 00:36:00","2020-01-15 08:36:00","PRE-MARKET TAIWAN AND SINGAPORE STOCK NEWS: Powertech Technology (6239 TT) Q4 net rose 30.3% Q/Q "
"2020-01-15 00:26:00","2020-01-15 08:26:00","BoJ Governor Kuroda economy is likely to continue on moderate expanding trend although affected by overseas slowdown for the timebeing, adds will not hesitate to ease further if risks grow that momentum to reaching the price target is lost"
"2020-01-15 00:25:00","2020-01-15 08:25:00","US Treasury Secretary Mnuchin says there are no side agreements to the US-China phase 1 deal and that structural reforms under phase 2 could lead to additional Chinese purchases"
"2020-01-15 00:25:00","2020-01-15 08:25:00","US Treasury Secretary Mnuchin says there are no side agreements to the US-China phase 1 deal and that structural reforms under phase 2 could lead to additional Chinese purchases"
"2020-01-15 00:19:00","2020-01-15 08:19:00","PBoC is expected to set the USD/CNY midpoint at 6.8832"
"2020-01-15 00:14:00","2020-01-15 08:14:00","Twitter reports note that China Vice Premier Liu He is still at the USTR office and what was supposed to be a quick chat before dinner, is going on for much longer than anticipated"
"2020-01-15 00:03:00","2020-01-15 08:03:00","Asia equity markets begin mostly lower following the similar negative bias seen on Wall St after US confirmed China tariffs will remain until after the US election despite the Phase 1 deal"
"2020-01-15 00:01:00","2020-01-15 08:01:00","Australia sells AUD 400mln 2.75% 2024 Bonds avg. yield 0.8481%, b/c 6.54"