"gmt_time","hk_time","subject"
"2020-03-17 23:58:00","2020-03-18 07:58:00","US coronavirus plan to combat coronavirus warned policy makers last week that pandemic will last 18-months involving shortages, according to New York Times"
"2020-03-17 23:50:00","2020-03-18 07:50:00","Japanese Adjusted Trade Balance (JPY)(Feb) 498.3B vs. Exp. 543.5B (Prev. -224.1B)"
"2020-03-17 23:48:00","2020-03-18 07:48:00","China Global Times tweets China-EU trade to fall by over 25% in March as transportation stalls citing an industry insider"
"2020-03-17 23:41:00","2020-03-18 07:41:00","PRE-MARKET JAPANESE AND SOUTH KOREAN STOCK NEWS: China said Fujifilm's influenza drug was effective against coronavirus and plans to officially recommend its use, while SoftBank reportedly backs away from part of the planned WeWork bailout "
"2020-03-17 23:30:00","2020-03-18 07:30:00","Australian Westpac Leading Index (Feb) -0.4% (Prev. 0.1%)"
"2020-03-17 23:20:00","2020-03-18 07:20:00","Polling USA reports Florida Democratic Primary results with 17.5% reporting has Biden at 57.5% and Sanders at 20.8%"
"2020-03-17 23:11:00","2020-03-18 07:11:00","Stocks are pressured in early Asia trade with ASX 200 down 1.6% 10 mins after the open, while US equity futures also decline 2.0% as markets remain jittery despite prior session's rebound on Wall St"
"2020-03-17 23:07:00","2020-03-18 07:07:00","Oil Search (OSH AT) lowers FY20 capes to USD 200mln-300mln from USD 400mln-500mln"
"2020-03-17 22:58:00","2020-03-18 06:58:00","RBA added AUD 10.7bln to banking system through repo vs. Prev. AUD 8.8bln "
"2020-03-17 22:54:00","2020-03-18 06:54:00","PRE-MARKET AUSTRALIAN STOCK NEWS: Virgin Australia (VAH AT) will suspend all international flights and reduce domestic flight capacity by 50% until June 14th, although government approved AUD 715mln relief package for airlines"
"2020-03-17 22:50:00","2020-03-18 06:50:00","Boeing (BA) says it supports a minimum of USD 60bln in access to liquidity for the airline industry"
"2020-03-17 22:46:00","2020-03-18 06:46:00","South Korea Finance Minister says will deploy funds to stabilize local bond market if required and will announce a comprehensive measure to stabilize markets"
"2020-03-17 22:40:00","2020-03-18 06:40:00","US Treasury Secretary Mnuchin says virus will yield 20% jobless rate without action"
"2020-03-17 22:37:00","2020-03-18 06:37:00","South Korea will loosen cap on banks' currency forward positions to 50% of equity, adds seeing herd-like behaviour in FX swap market and will monitor situation in FX market"
"2020-03-17 22:25:00","2020-03-18 06:25:00","ASIAN DAILY ECONOMIC RELEASE CALENDAR IS AVAILABLE IN THE RESEARCH SECTION OF THE WEBSITE: Highlights include Australian Westpac Leading Index; Japanese Trade Balance, Exports and Imports"
"2020-03-17 22:19:00","2020-03-18 06:19:00","Canada's stimulus package is to be over CAD 25bln, according to local media"
"2020-03-17 22:16:00","2020-03-18 06:16:00","Australian PM Morrison upgrades travel ban on Australians across the world to Level 4 and recommends do not travel"
"2020-03-17 22:12:00","2020-03-18 06:12:00","US Treasury Secretary Mnuchin says has approved creation of primary dealer credit facility to provide liquidity to the financial system"
"2020-03-17 22:08:00","2020-03-18 06:08:00","Australian PM Morrison says will keep Australia running and functioning, adds no short-term quick fix for the virus and the situation could last 6 months or longer"
"2020-03-17 22:01:00","2020-03-18 06:01:00","Fed establishes primary dealer facility to support market function beginning March 20th, which will last at least 6 months for 90-day loans and the interest rate will be at primary credit or discount window rate"
"2020-03-17 21:59:00","2020-03-18 05:59:00","NYSE considering permitting early trading on days after a level 3 halt, which are halts caused by a 20% move in S&P 500"
"2020-03-17 21:46:00","2020-03-18 05:46:00","Belgium regulators institute short selling ban until April 17th"
"2020-03-17 21:46:00","2020-03-18 05:46:00","Australia government said to have approved AUD 715mln relief package for airlines"
"2020-03-17 21:41:00","2020-03-18 05:41:00","BoC to buy up to CAD 10bln of 1-month bankers' acceptances in first operation of new measure to support funding markets on March 23rd"
"2020-03-17 21:37:00","2020-03-18 05:37:00","DAILY ASIA-PAC OPENING NEWS"
"2020-03-17 21:26:00","2020-03-18 05:26:00","Virgin Australia (VAH AT) says will suspend all international flights and reduce domestic flight capacity by 50% until June 14th"
"2020-03-17 21:23:00","2020-03-18 05:23:00","China Global Times tweets reducing tariffs, which could save billions of dollars for US firms, could be a more immediate relief to US economy than Fed cut citing analysts"
"2020-03-17 21:13:00","2020-03-18 05:13:00","Irish PM Varadkar says there will be help from banks and government utilities for those who lost jobs, adds damage to the economy will be significant and lasting with the bill enormous, notes we can borrow billions of EURs on financial markets if needed"
"2020-03-17 21:12:00","2020-03-18 05:12:00","US House Speaker Pelosi spoke with airline CEOs in which they agreed large and immediate action was required to help the aviation sector"
"2020-03-17 21:09:00","2020-03-18 05:09:00","SoftBank (9984 JT) reportedly backs away from part of the planned bailout of WeWork (WE), according to WSJ"
"2020-03-17 21:06:00","2020-03-18 05:06:00","Irish PM Varadkar says at some point, we will tell the elderly and those with underlying illnesses to stay at home for a number of weeks"
"2020-03-17 21:03:00","2020-03-18 05:03:00","Irish PM Varadkar says Ireland could see 15,000 cases of coronavirus by end of the month, according to RTE's Connelly"
"2020-03-17 21:03:00","2020-03-18 05:03:00","Irish PM Varadkar says Ireland could see 15,000 cases of coronavirus by end of the month, according to RTE's Connelly"
"2020-03-17 20:59:00","2020-03-18 04:59:00","Twitter report notes Qatar A380 flight #QR905 from Melbourne to Doha is declaring an emergency and circling over Indonesia, although cause of the emergency is not stated"
"2020-03-17 20:57:00","2020-03-18 04:57:00","Saudi Arabia will convene virtual G20 leaders summit next week to discuss coronavirus pandemic"
"2020-03-17 20:56:00","2020-03-18 04:56:00","CME raises RBOB gasoline futures margins by 20.3% to USD 7100/contract from USD 5900/contract"
"2020-03-17 20:47:00","2020-03-18 04:47:00","Japanese government, ruling parties and BoJ to begin panel which will meet daily for discussions on steps to revive economy hit by the coronavirus outbreak, according to Nikkei"
"2020-03-17 20:43:00","2020-03-18 04:43:00","Fed's George (Non-Voter, Hawk) says KC Fed continues to carry out key functions in this extraordinary time and we stand ready to lend through discount window, as well as address any regulatory or supervisory concerns"
"2020-03-17 20:36:00","2020-03-18 04:36:00","US Private Inventory Crude Stocks (w/e 13th Mar) -0.42mln (exp. +3.3mln, prev. +6.4mln)"
"2020-03-17 20:31:00","2020-03-18 04:31:00","Fed's Bostic (non-voter) says Fed actions are meant to show there will be maximum stimulus available now and when US gets on the other side "
"2020-03-17 20:24:00","2020-03-18 04:24:00","Group of asset managers told BoE Governor Bailey that financial markets should close for two weeks, according to WSJ citing sources"
"2020-03-17 20:21:00","2020-03-18 04:21:00","Italy bans short selling on all stocks for three months"
"2020-03-17 20:18:00","2020-03-18 04:18:00","Target (TGT) reduces store hours and dedicates shopping periods for those who are vulnerable "
"2020-03-17 20:16:00","2020-03-18 04:16:00","Newsquawk US Market Wrap - 17th March 2020: Equities surge as policy makers make it rain stimulus"
"2020-03-17 20:06:00","2020-03-18 04:06:00","US Energy Inventory Expectations (bbls): crude +3.3mln, gasoline -2.9mln, distillates -2.0mln"
"2020-03-17 20:04:00","2020-03-18 04:04:00","FedEx (FDX) Q3 2020 earnings (USD): Adj EPS 1.41 (est. 1.69); revenue 17.5bln (est. 17.1bln); FedEx suspends FY20 outlook due to coronavirus"
"2020-03-17 19:55:00","2020-03-18 03:55:00","Boing (BA) reportedly seeking ""tens of billions"" in government loan guarantees and other support"
"2020-03-17 19:50:00","2020-03-18 03:50:00","MOC: SPX -1.3bln (Prev. -2.6bln at 15:49 EDT); DJ -500mln (prev. -700mln)"
"2020-03-17 19:45:00","2020-03-18 03:45:00","Rockets have reportedly beeen fired into the Greenzone in Baghdad, Iraq, according to witnesses cited by LA Times reporter"
"2020-03-17 19:38:00","2020-03-18 03:38:00","Fed's Harker (voter, neutral) says the situation is different than a typical shick that one might see to the US economy, like a trade war. "
"2020-03-17 19:33:00","2020-03-18 03:33:00","Phillips 66 (PSX) reportedly cutting production at its LA refinery due to a loss of demand, sources say"
"2020-03-17 19:24:00","2020-03-18 03:24:00","EU Commission's Von Der Leyen says EU state aid rules will be flexible so government's can support their companies"
"2020-03-17 19:22:00","2020-03-18 03:22:00","US House Speaker Pelosi spoke with Fed Chair Powell on Tuesday, according to a spokesperson; urged him to assist states and local governments"
"2020-03-17 19:14:00","2020-03-18 03:14:00","German Chancellor Merkel says EU ministers discussed joint debt issuance, although no conclusion has been reached"
"2020-03-17 19:10:00","2020-03-18 03:10:00","New York Fed to offer USD 1trln in O/N repo operations for the remainder of the week (USD 500bln both in the morning and afternoon)"
"2020-03-17 19:07:00","2020-03-18 03:07:00","Senate Majority Leader Mcconnell says it is too early to say if he supports elements of the White House coronavirus stimulus plan"
"2020-03-17 19:00:00","2020-03-18 03:00:00","EU Leaders agree to close borders to prevent virus spread; borders will be shut for a 30-day period"
"2020-03-17 18:56:00","2020-03-18 02:56:00","Iraq oil minister calls for OPEC/Non-Opec emergency meeting"
"2020-03-17 18:32:00","2020-03-18 02:32:00","WTI (J0) settles USD 1.75 lower at USD 26.95. Brent (K0) settles USD 1.32 lower at USD 28.73/bbl."
"2020-03-17 18:31:00","2020-03-18 02:31:00","Fed's Kashkari (voter, dove) says virus outbreak will quickly become an economic crisis for the US, this could quickly become a recession; says it could be a long crisis"
"2020-03-17 18:28:00","2020-03-18 02:28:00","Senator Rubio says Trump Aministration proposes government guaranteed bank loans for SMEs for virus relief"
"2020-03-17 18:26:00","2020-03-18 02:26:00","France total COVID-19 cases rise to 7730 (prev. 6633); death toll rises to 175 (prev. 148)"
"2020-03-17 18:20:00","2020-03-18 02:20:00","Trump Administration discussing USD 1trln stimulus plan, CNN reports"
"2020-03-17 18:16:00","2020-03-18 02:16:00","Tesco (TSCO LN) will announce all 24-hour stors will reduce hours to 6am-10pm"
"2020-03-17 18:14:00","2020-03-18 02:14:00","BoE Governor Bailey says new CP facility will be funded by creation of additional central bank reserves"
"2020-03-17 18:02:00","2020-03-18 02:02:00","Dutch Finance Minister says covid response package will be worth EUR 10-20bln in Q1"
"2020-03-17 17:53:00","2020-03-18 01:53:00","BoE Governor Bailey says CP in new SME funding scheme will be for non-financial companies that make material contributions to the economy; scheme will last for at least 12 months"
"2020-03-17 17:49:00","2020-03-18 01:49:00","Exxon Mobil (XOM) launches USD 8.5bln five-parter senior notes (5s, 7s, 10s, 20s, 30s)"
"2020-03-17 17:41:00","2020-03-18 01:41:00","US House Speaker Pelosi says House Democrats are working on third COVID-19 response act"
"2020-03-17 17:35:00","2020-03-18 01:35:00","UK PM Johnson says we are keeping the situation regarding schools under continuous review"
"2020-03-17 17:34:00","2020-03-18 01:34:00","Total (FP FP) says it is adapting its refinery output in France to meet the current demand situation"
"2020-03-17 17:20:00","2020-03-18 01:20:00","US Secretary of State Pompeo says US imposing sanctions on nine entities in South Africa and China for helping Iran"
"2020-03-17 17:12:00","2020-03-18 01:12:00","Italian COVID-19 death toll rises to 2503 on Tuesday (prev. 2158); cases rise to 31506 (prev. 27980)"
"2020-03-17 17:11:00","2020-03-18 01:11:00","UK Chancellor Sunak announces new measures including cash grants, tax holidays, mortgage moratoriums, lending facilities; government interventions to be made in the economy on an ""unimaginable"" scale "
"2020-03-17 17:06:00","2020-03-18 01:06:00","UK PM Johnson says although measures are extreme, we may have to go further and faster in the coming days; doing all we can to increase NHS capacity"
"2020-03-17 16:59:00","2020-03-18 00:59:00","US President Trump says US looking to protect Boeing (BA)"
"2020-03-17 16:58:00","2020-03-18 00:58:00","US President Trump says 'hopefully' the US will not need a national lockdown"
"2020-03-17 16:56:00","2020-03-18 00:56:00","Atlanta Fed GDPnow Q1 2020 tracker 2.9% (vs 3.1% on 6th March("
"2020-03-17 16:54:00","2020-03-18 00:54:00","Tiffany (TIF) says it will be temporarily closing stores, including its flagship, and reducing hours at some locations"
"2020-03-17 16:53:00","2020-03-18 00:53:00","Dutch Central Bank says it will allow banks to lower capital buffers; move could free-up EUR 200bln of money for loans"
"2020-03-17 16:52:00","2020-03-18 00:52:00","US President Trump says he took exception to China suggesting that the US brought the virus into China; says it is accurate that the virus came from China"
"2020-03-17 16:47:00","2020-03-18 00:47:00","China Foreign Ministry says China is taking countermeasures against the restrictions placed on its media agencies in the US "
"2020-03-17 16:47:00","2020-03-18 00:47:00","China Foreign Ministry says China is taking countermeasures against the restrictions placed on its media agencies in the US "
"2020-03-17 16:41:00","2020-03-18 00:41:00","UK COVID-19 deaths rises to 67 on Tuesday (prev. 53)"
"2020-03-17 16:30:00","2020-03-18 00:30:00","EUROPEAN PRELIMINARY CASH CLOSE: EURO STOXX 50 (+3.84%) at 2529, FTSE100 (+2.75%) at 5286, DAX (+1.98%) at 8917, CAC 40 (+2.61%) at 3983, IBEX 35 (+6.26%) at 6486, FTSE Italia (+2.42%) at 15338, SMI (+3.37%) at 8509"
"2020-03-17 16:23:00","2020-03-18 00:23:00","Daily FX Wrap: DXY back within striking distance of ytd peak"
"2020-03-17 16:19:00","2020-03-18 00:19:00","Lyft (LYFT) suspends share rides across all markets to limit the spread of COVID-19, effective immediately "
"2020-03-17 16:15:00","2020-03-18 00:15:00","US CDC COVID-19 cases rise to 4275 in latest update (prev. 3536); death toll rises to 75 (prev. 68)"
"2020-03-17 16:07:00","2020-03-18 00:07:00","Daimler (DAI GY) has decided to suspend the majority of its operations in Europe for an initial period of two weeks"
"2020-03-17 16:04:00","2020-03-18 00:04:00","US Treasury Secretary Mnuchin says we intend to keep markets open, could come a time where trading hours are shortened "
"2020-03-17 16:02:00","2020-03-18 00:02:00","Riksbank says it will make its first asset purchase on Wednesday at an amount of SEK 2.5bln"
"2020-03-17 15:57:00","2020-03-17 23:57:00","Brexit talks scheduled for tomorrow have been delayed due to coronavirus "
"2020-03-17 15:56:00","2020-03-17 23:56:00"," US Treasury Secretary Mnuchin says US President Trump has authorised deferral of USD 300bln in IRS payments, Americans can defer up to USD 1mln in payments and corporations USD 10mln to IRS, govts looking at sending checks to Americans in two weeks"
"2020-03-17 15:52:00","2020-03-17 23:52:00","Sprint (S) will temporarily close around 71% of retail stores across the country starting today"
"2020-03-17 15:48:00","2020-03-17 23:48:00","Canadian PM Trudeau states that Canada is planning to bring the House of Commons back briefly to pass emergency economic measures; Canadian Parliament would be recalled to pass legislation to approve methods of getting money to citizens"
"2020-03-17 15:45:00","2020-03-17 23:45:00","Apple (AAPL) says its stores will be closed until further notice (prev. until March 27th) "
"2020-03-17 15:41:00","2020-03-17 23:41:00","US President Trump announces an expansion of Medicare tele-health services; believes economy will come back rapidly "
"2020-03-17 15:36:00","2020-03-17 23:36:00","Polish Central Bank has cut reserve requirement rate on PLN and foreign currency funds held in bank accounts to 0.5% (Prev. 3.5%)"
"2020-03-17 15:34:00","2020-03-17 23:34:00","Bank of Canada reiterates that it is ready to cut rates further and to deploy other market tools if required, to support growth and keep inflation on target"
"2020-03-17 15:34:00","2020-03-17 23:34:00","UK Chancellor Sunak will bring a ""blunderbuss"" to Tuesday's press conference, as the government tries to halt the plunge in confidence and reassure families and markets, according to The Guardian"
"2020-03-17 15:14:00","2020-03-17 23:14:00","French Auto Industry Federation wants a support package that goes beyond measures already put forwards"
"2020-03-17 15:10:00","2020-03-17 23:10:00","Facebook (FB) to pay each employee USD 1000 bonus, according to The Information"
"2020-03-17 15:07:00","2020-03-17 23:07:00","Bundesbank has not seen increased cash withdrawals in the past two weeks, according to Handelsblatt "
"2020-03-17 15:06:00","2020-03-17 23:06:00","Germany COVID-19 cases rise to 8061 on Tuesday (prev. 6981)"
"2020-03-17 15:03:00","2020-03-17 23:03:00","GDT Price Index (17 Mar) USD 2980 -3.9%; Whole Milk Powder USD 2797 -4.2%"
"2020-03-17 14:57:00","2020-03-17 22:57:00","Polish Central Bank has cuts its key interest rate to 1.0% (Prev. 1.5%) in an emergency move, Lombard rate cut to 1.5% (Prev. 2.5%), Rediscount rate cut to 1.05% (Prev. 1.75%)"
"2020-03-17 14:54:00","2020-03-17 22:54:00","Spanish PM says Spain is to block foreign takeovers of its companies that have fallen in value"
"2020-03-17 14:49:00","2020-03-17 22:49:00","BoE GBP 1.456bln 15yr+ buyback: o/c 2.86x vs. Prev. 2.87x"
"2020-03-17 14:45:00","2020-03-17 22:45:00","Fed says it will establish commercial paper funding facility (CPFF) to support credit flow; providing liquidity backstop to CP market through special purpose vehicle purchasing unsecured and asset-backed paper rated A1/PI as of March 17th directly"
"2020-03-17 14:44:00","2020-03-17 22:44:00","Spanish PM Sanchez has announced a EUR 200bln of aid in order to mitigate the impact from the virus outbreak, this will equate to around 20% of GDP"
"2020-03-17 14:38:00","2020-03-17 22:38:00","UK reports total coronavius cases at 1950 vs. 1543 on Monday"
"2020-03-17 14:36:00","2020-03-17 22:36:00","UK Government is going to issue new guidance to the courts to prevent anyone being evicted due to the economic impact of coronavirus, Sky News tweets"
"2020-03-17 14:26:00","2020-03-17 22:26:00","The Office of the Comptroller of the Currency is looking at relaxing leveraged lending rules, according to CNBC"
"2020-03-17 14:25:00","2020-03-17 22:25:00","Fixed and FX latest: debt and Dollar choppy"
"2020-03-17 14:13:00","2020-03-17 22:13:00","US Senate Majority Leader McConnell says that the Senate will not adjourn until bold measures are passed that go beyond the economic relief bill"
"2020-03-17 14:11:00","2020-03-17 22:11:00","NY Fed says will conduct an additional overnight repo operation for same-day settlement today from 1330 ET to 1345 ET, offering USD 500bln"
"2020-03-17 14:00:00","2020-03-17 22:00:00","US regulators proposes rewriting 11 safety features to allow for fully self driving vehicles - of note for Tesla (TSLA)"
"2020-03-17 13:58:00","2020-03-17 21:58:00","Amazon (AMZN) tweets that it will be suspending shipments other than medical supplies and household staples"
"2020-03-17 13:56:00","2020-03-17 21:56:00","Fed's Mester (Voter, Hawk) says she would support reactivating the Fed commercial paper facility"
"2020-03-17 13:55:00","2020-03-17 21:55:00","US equities pare back initial gains at the open after the heavy sell off yesterday, while participants eye any further stimulus packages"
"2020-03-17 13:53:00","2020-03-17 21:53:00","LSE (LSE LN) says it has no plans to suspend trading amid market volatility "
"2020-03-17 13:51:00","2020-03-17 21:51:00","US President Trump administration will look to provide USD 50bln for airlines and USD 250bln for small business loans via emergency stimulus, according to an official"
"2020-03-17 13:49:00","2020-03-17 21:49:00","Intesa Sanpaolo (ISP IM) are to provide EUR 15bln in available credit lines for SMEs amid the fallout from COVID-19"
"2020-03-17 13:47:00","2020-03-17 21:47:00","Newsquawk Central Banks - PREVIEW: SNB policy announcement due 0830GMT/0930CET Thursday 19th March"
"2020-03-17 13:37:00","2020-03-17 21:37:00","UK PM Johnson told ministers of the need to support businesses through challenging COVID-19 environment; will soon announce new measures  "
"2020-03-17 13:37:00","2020-03-17 21:37:00","GVC (GVC LN) - Estimates horse racing suspension will have an EBITDA impact of GBP 20-25mln per month for FY20"
"2020-03-17 13:32:00","2020-03-17 21:32:00","Separate sources suggest Fed to reinstate commercial paper funding facility, with an announcement as early as Tuesday "
"2020-03-17 13:31:00","2020-03-17 21:31:00","French public deficit will rise to 3.9% amid COVID-19, according to the French Budget Minister "
"2020-03-17 13:28:00","2020-03-17 21:28:00","Luxembourg PM has announced a State of Emergency for three months"
"2020-03-17 13:27:00","2020-03-17 21:27:00","Moscow may enforce a lockdown in the coming days, according to Russian press"
"2020-03-17 13:24:00","2020-03-17 21:24:00","Additional US Equity Stories: ROKU, ULTA, COST, AXP, MS"
"2020-03-17 13:24:00","2020-03-17 21:24:00","Swiss Government says that the rate of increasing COVID-19 cases is so fast that it is hard to keep up with the data reporting"
"2020-03-17 13:24:00","2020-03-17 21:24:00","Swiss Government says that the rate of increasing COVID-19 cases is so fast that it is hard to keep up with the data reporting"
"2020-03-17 13:24:00","2020-03-17 21:24:00","Additional US Equity Stories: ROKU, ULTA, COST, AXP, MS"
"2020-03-17 13:19:00","2020-03-17 21:19:00","Fed's Mester  (Voter, Hawk) states that she supported all actions in the emergency FOMC meeting but the 100bps rate cut "
"2020-03-17 13:16:00","2020-03-17 21:16:00","US Banking Regulator has repeated the call for banks to use capital and liquidity buffers to support the economy and businesses; regulators are proposing a rule change to make sure bank payouts gradually reduced if buffer breached"
"2020-03-17 13:14:00","2020-03-17 21:14:00","Newsquawk Daily US Equity Opening News - 17th March 2020"
"2020-03-17 13:13:00","2020-03-17 21:13:00","New York Mayor de Blasio says he is “absolutely considering” a shelter in place order for New York City residents just like the one instituted in California’s Bay Area on Monday, according to CNN "
"2020-03-17 13:11:00","2020-03-17 21:11:00","Goldman Sachs cuts its 3-month spot gold forecast to USD 1,600/oz (Prev. USD 1,700/oz) and 6-month forecast to USD 1,650/oz (Prev. USD 1,750/oz)"
"2020-03-17 13:10:00","2020-03-17 21:10:00","Goldman Sachs cuts its Q2 Brent forecast to USD 20/bbl (Prev. USD 30/bbl)"
"2020-03-17 13:08:00","2020-03-17 21:08:00","Canadian PM Trudeau says the Federal Government will provide income support to millions of Canadians"
"2020-03-17 12:51:00","2020-03-17 20:51:00","US CMA says it has approved first state equest for 1135 medicaid waivers in Florida; expects more states to submit similar requests "
"2020-03-17 12:46:00","2020-03-17 20:46:00","NY Fed O/N repo op: accepts all USD 142.65bln in bids (USD 500bln offered)"
"2020-03-17 12:38:00","2020-03-17 20:38:00","BofA FMS sentiment close to 2008/09 GFC bear extremes in regards to cash and corporate leverage; ""biggest monthly dorp in global growth expectations ever"""
"2020-03-17 12:28:00","2020-03-17 20:28:00","US official confirms White House is seeking USD 850bln economic relief package "
"2020-03-17 12:25:00","2020-03-17 20:25:00","Norwegian FA says Euro 2020 football championship postponed until 2021, UEFA yet to confirm "
"2020-03-17 12:23:00","2020-03-17 20:23:00","Saudi Energy Minister says the increase in crude exports is due to utilizing gas produced by Fadhili plant to compensate for about 250k BPD of domestic oil production "
"2020-03-17 12:16:00","2020-03-17 20:16:00","Fed expected to announce commercial paper market functioning measures today, according to CNBC's Javers citing a trusted source "
"2020-03-17 12:12:00","2020-03-17 20:12:00","Trump administration seeking payroll tax cut or other mechanism; stimulus proposal for airlines (UAL, DAL, AAL, LUV) to seek about USD 50bln, according to Washington Post"
"2020-03-17 12:11:00","2020-03-17 20:11:00","Japanese Finance Minister Aso says no comment of forex and stock markets; affirmed commitment with US Treasury Secretary Mnuchin need for coordinated action"
"2020-03-17 12:09:00","2020-03-17 20:09:00","Spanish government is to give temporarily laid off workers unemployment benefits as part of its aid package against the virus; to allow reduction of working hours for employees"
"2020-03-17 12:04:00","2020-03-17 20:04:00","Saudi Arabia is to boost oil exports to a record of 10mln BPD "
"2020-03-17 12:04:00","2020-03-17 20:04:00","Trump administration is to propose about USD 850bln in its COVID-19 economic package, according to Washington Post"
"2020-03-17 12:02:00","2020-03-17 20:02:00","JPMorgan (JPM) is being probed for market manipulation of Treasury securities and futures contracts, according to WSJ sources"
"2020-03-17 12:01:00","2020-03-17 20:01:00","Spain is to issue a moratorium for mortgage payments, according to local press"
"2020-03-17 11:55:00","2020-03-17 19:55:00","Fitch revises Thailand outlook to BBB+/stable (prev. positive)"
"2020-03-17 11:54:00","2020-03-17 19:54:00","Six Swiss Exchange says temporary change of stop trading category in structured products "
"2020-03-17 11:44:00","2020-03-17 19:44:00","Newsquawk Daily US Opening News - 17th March 20"
"2020-03-17 11:34:00","2020-03-17 19:34:00","Scotiabank FX Daily - USD Rises Broadly as Funding Tensions Mount  "
"2020-03-17 11:31:00","2020-03-17 19:31:00","ECB allots EUR 109bln in its new three-month LTRO operation "
"2020-03-17 11:23:00","2020-03-17 19:23:00","China State Media says China is to approve the first COVID-19 vaccine for clinical trial"
"2020-03-17 11:19:00","2020-03-17 19:19:00","China Cabinet says it will accelerate issuance and use local government special bonds "
"2020-03-17 11:17:00","2020-03-17 19:17:00","Iraq has halted production at its 95k BPD Gharraf southern oilfield after Petronas evacuated its staff from the field, according to oil officials "
"2020-03-17 11:16:00","2020-03-17 19:16:00","Fed’s Kashkari (dove, voter) says Fed hasn’t used all its ammunition; does believe slowdown will be a mild one - CNBC interview"
"2020-03-17 11:15:00","2020-03-17 19:15:00","Newsquawk EU Mid Session: Stocks get a second wind as Mnuchin eyes further stimulus - 17th March 2020"
"2020-03-17 11:12:00","2020-03-17 19:12:00","LME ring to be closed from March 23rd temporarily "
"2020-03-17 11:09:00","2020-03-17 19:09:00","Turkish FX RRRs to be cut by 500bps in all liability types; conventional (multi-price) swap auctions with maturieties of one, three and six months that are available against USD could also be held against EUR and Gold"
"2020-03-17 11:05:00","2020-03-17 19:05:00","Turkey cuts its one week repo rate by 100bps to 9.25%"
"2020-03-17 11:04:00","2020-03-17 19:04:00","JD.com (JD) to launch a USD 2bln share repurchase programme "
"2020-03-17 11:04:00","2020-03-17 19:04:00","Fixed Income: bonds roundly flogged even though risk assets are fragile"
"2020-03-17 11:01:00","2020-03-17 19:01:00","Regeneron (REGN) says its COVID-19 antibody programme has potential to enter human clinical studies by early summer; has identified ""hundreds"" of virus-neutralizing antibodies; plans for large-scale mfg. by mid-April with antibody cocktail therapy"
"2020-03-17 10:58:00","2020-03-17 18:58:00","Glencore (GLEN LN) has sourced 3mln bbls of crude shipments in Europe to store at sea for at least three months"
"2020-03-17 10:50:00","2020-03-17 18:50:00","UK Foreign Secretary Raab's statement is due at 12:30 GMT and the economic statement at 19:00 GMT following the budget debate, according to Labour "
"2020-03-17 10:49:00","2020-03-17 18:49:00","FX Morning Colour: only a token reprieve in risk sentiment before aversion resurfaces"
"2020-03-17 10:45:00","2020-03-17 18:45:00","UK is aiming to maintain open and orderly markets notwithstanding current volatility"
"2020-03-17 10:42:00","2020-03-17 18:42:00","BoE allots GBP 3.7bln in 6-month GBP-enhanced liquidity repo operations"
"2020-03-17 10:39:00","2020-03-17 18:39:00","Spain COVID-19 cases rise to 11178  on Tuesday (prev. 8744); death toll rises to 491 (prev. 297)"
"2020-03-17 10:37:00","2020-03-17 18:37:00","ECB allots EUR 1.5bln in their 7-day MRO"
"2020-03-17 10:35:00","2020-03-17 18:35:00","UK to sells GBP 2bln 1.75% 2049 Gilt; b/c 2.12 (Prev. 2.08x), average yield 1.029% (Prev. 1.289%) and tail 1.8bps (Prev. 0.2bps)"
"2020-03-17 10:31:00","2020-03-17 18:31:00","FDA policy change is to allow fast domestic expansion of co-diagnostic coronavirus tests"
"2020-03-17 10:14:00","2020-03-17 18:14:00","US Treasury Secretary Mnuchin is said to be seeking USD 850bln package or more of stimulus, according to Politico citing sources"
"2020-03-17 10:13:00","2020-03-17 18:13:00","Evonik (EVK GY) – Co. has achieved a major breakthrough with a fermentation-based collagen platform"
"2020-03-17 10:13:00","2020-03-17 18:13:00","Evonik (EVK GY) – Co. has achieved a major breakthrough with a fermentation-based collagen platform"
"2020-03-17 09:56:00","2020-03-17 17:56:00","Continental (CON GY) – Co, notes that automakers’ production halts will have an impact on own production, Co. is still evaluating "
"2020-03-17 09:54:00","2020-03-17 17:54:00","London TFL will be running at reduced services, according to Sky News"
"2020-03-17 09:53:00","2020-03-17 17:53:00","UK and EU can't decide how to hold this week's trade talks, but continue to explore alternatives, will be guided by scientific advice, according to Express’ Barnes"
"2020-03-17 09:45:00","2020-03-17 17:45:00","Japanese Government could extend tax cuts for small firms whilst eyeing fixed property tax to cope with the virus outbreak. Nikkei"
"2020-03-17 09:42:00","2020-03-17 17:42:00","EUR/USD 3-month FX Swaps have rise to ~120bps (vs. 86bps on Monday) - now at the highest level since EZ debt crisis in 2011"
"2020-03-17 09:40:00","2020-03-17 17:40:00","CFTC is preparing for the likelihood that trillions of USD of financial market activity may be moved from exchanges and corporate office to homes; WSJ reports"
"2020-03-17 09:31:00","2020-03-17 17:31:00","German Public Health Agency President states that they believe it will take two years for the pandemic to run its course"
"2020-03-17 09:24:00","2020-03-17 17:24:00","RBS (RBS LN) – Co. sees increased drawdown requests from businesses but not a very significant shift at the moment "
"2020-03-17 09:20:00","2020-03-17 17:20:00","Eurex states that they have no plans of market closures, will keep Eurex open even if circumstances worsen"
"2020-03-17 09:13:00","2020-03-17 17:13:00","South Korean Finance Minister is to re-setup currency swap agreement with the US and will announce revised rules on currency forwards tomorrow "
"2020-03-17 09:04:00","2020-03-17 17:04:00","French Finance Minister Le Maire says large French companies can be supported if needed by recapitalisaion, taking a stake and even nationalisation "
"2020-03-17 09:03:00","2020-03-17 17:03:00","S&P affirms Softbank (9984 JT) rating at ""BB+""; cuts outlook to ""negative"""
"2020-03-17 08:53:00","2020-03-17 16:53:00","UK debt and STIR futures conform to bearish leads ahead of data and supply"
"2020-03-17 08:48:00","2020-03-17 16:48:00","French Finance Minister Le Maire said they are prepared to go farther on a short-selling ban of possibly up to a month"
"2020-03-17 08:42:00","2020-03-17 16:42:00","BoJ bought a total of JPY 121.6bln (Prev. 101.4bln) ETFs on March 17th"
"2020-03-17 08:34:00","2020-03-17 16:34:00","French Finance Minister reiterates that France will use all tools for French companies hit in the Finance markets"
"2020-03-17 08:29:00","2020-03-17 16:29:00","BMW (BMW GY) - Spokesperson says there are currently no production cuts"
"2020-03-17 08:15:00","2020-03-17 16:15:00","UK Epidemiologist Ferguson says the UK measures could have an impact on the outbreak in the UK in two to three weeks time"
"2020-03-17 08:08:00","2020-03-17 16:08:00","Morning EU Movers: IWG (IWG LN) +28%, Moncler (MONC IM) +12% Iliad (ILD FP) +11%, EssilorLuxottica (EL FP) +8.3%, Volkswagen (VOW3 GY) +5.2%, Tui, (TUI LN) -3.5%, Tullow Oil (TLW LN) -7.5%"
"2020-03-17 08:02:00","2020-03-17 16:02:00","Bunds: extending post-ECB declines as more EZ Govts join anti-nCoV fiscal fight"
"2020-03-17 08:02:00","2020-03-17 16:02:00","Nokia (NOKIA FH) - Co. have expended wing with 5G IoT capabilities "
"2020-03-17 08:01:00","2020-03-17 16:01:00","Volkswagen (VOW3 GY) - Production is to be suspended in near future at factories operated by group banks, production in China has resumed with the exception of two factories, 2020 will be a difficult year, situation in China is stabilising "
"2020-03-17 07:53:00","2020-03-17 15:53:00","France's AMF regulator confirms the short selling ban on 92 stocks from today"
"2020-03-17 07:43:00","2020-03-17 15:43:00","Newsquawk Bond Auction Previews - 17th March 2020"
"2020-03-17 07:29:00","2020-03-17 15:29:00","Additional European Equities post release of the Daily European Equity Opening News"
"2020-03-17 07:29:00","2020-03-17 15:29:00","Rockets have hit Iraqi base hosting foreign troops, according to military cited by AFP"
"2020-03-17 07:29:00","2020-03-17 15:29:00","German Economy Minsiter Altmaeir expects the virus crisis to potentially last until May"
"2020-03-17 07:25:00","2020-03-17 15:25:00","German Finance Minister Scholz says it is too early to talk about ESM to provide aid to other EZ countries"
"2020-03-17 07:21:00","2020-03-17 15:21:00","French Finance Minister Le Maire says France's AMF regulator is to ban short-selling for 24hrs"
"2020-03-17 07:20:00","2020-03-17 15:20:00","Riksbank Governor Ingves say we have a lot of room for fiscal measures in Sweden"
"2020-03-17 07:05:00","2020-03-17 15:05:00","Major FX option expiries for today's NY cut"
"2020-03-17 07:00:00","2020-03-17 15:00:00","Japan is reportedly mulling reducing I/L bond sales to JPY 300bln (Prev. JPY 400) amid the virus outbreak, sources state"
"2020-03-17 06:57:00","2020-03-17 14:57:00","Daily European Equity Opening News"
"2020-03-17 06:47:00","2020-03-17 14:47:00","French Finance Minister Le Maire said France is going to mobilise EUR 45bln in crisis measures, says they are not closing stock markets because other things can be done such as ban short-selling, thinks the economy will contract 1% this year"
"2020-03-17 06:26:00","2020-03-17 14:26:00","Newsquawk Daily European Opening News - 17th March 2020"
"2020-03-17 06:10:00","2020-03-17 14:10:00","Goldman Sachs has cut its Q1 China GDP estimate to -9% (Prev. +2.5%); reduces FY20 forecast to 3.0% (Prev. 5.5%)"
"2020-03-17 05:58:00","2020-03-17 13:58:00","ASIA-PAC MARKET WRAP: Asia-Pac stocks trade choppy and US equity futures briefly hit limit up as they attempted to recoup the losses following Wall St's worst day since 1987"
"2020-03-17 05:29:00","2020-03-17 13:29:00","CIRCUIT BREAKERS (17 Mar): Hard upside or downside limit of 5% during non-US hours in Futures, 7%, 13% and 20% circuit breakers in US Futures during US hours"
"2020-03-17 05:28:00","2020-03-17 13:28:00","South Korea political parties agree to KRW 11.7tln extra budget"
"2020-03-17 05:24:00","2020-03-17 13:24:00","Macau bans non-residents ex-China from entering the city"
"2020-03-17 05:22:00","2020-03-17 13:22:00","ASIC commences civil penalty proceedings against CBA's (CBA AT) Colonial First State Investments Limited for alleged misleading or deceptive communications"
"2020-03-17 05:05:00","2020-03-17 13:05:00","India prohibits travel of passengers from Afghanistan, Philippines and Malaysia until March 31st"
"2020-03-17 05:00:00","2020-03-17 13:00:00","South Korea is to announce measures to ease FX funding in Korea on Wednesday and will announce more comprehensive, follow up measures to stabilize markets later "
"2020-03-17 04:59:00","2020-03-17 12:59:00","South Korea is to launch emergency economic council amid coronavirus fallout, according to Yonhap"
"2020-03-17 04:30:00","2020-03-17 12:30:00","Japanese Industrial O/P Rev YY (Jan) -2.3% (Prev. -2.5%)"
"2020-03-17 04:30:00","2020-03-17 12:30:00","Japanese Capacity Utilization (Jan) M/M 1.1% vs. Exp. -0.5% (Prev. -0.4%)"
"2020-03-17 04:10:00","2020-03-17 12:10:00","PBoC Vice Governor Chen says to prevent cross border contagion and reduce regulatory arbitrage, also notes China financial opening is unaffected by virus"
"2020-03-17 03:50:00","2020-03-17 11:50:00","Volvo (VOLVB SS) is working with HSBC regarding proposed merger with Geely Auto (175 HK)"
"2020-03-17 03:35:00","2020-03-17 11:35:00","PRE-MARKET INDIAN STOCK NEWS: RBI announced a INR 1tln liquidity infusion for banks through long-term repo operation"
"2020-03-17 03:35:00","2020-03-17 11:35:00","PRE-MARKET INDIAN STOCK NEWS: RBI announced a INR 1tln liquidity infusion for banks through long-term repo operation"
"2020-03-17 03:12:00","2020-03-17 11:12:00","ASIA-PAC MID-SESSION UPDATE: Asia stocks trade choppy and US equity futures briefly hit limit up as they attempt to recoup losses following Wall St's worst day since 1987"
"2020-03-17 02:58:00","2020-03-17 10:58:00","Fast Retailing (9984 JT) to temporarily close all physical Uniqlo stores in the US"
"2020-03-17 02:52:00","2020-03-17 10:52:00","BoJ offered around USD 30.3bln in US dollar liquidity through 84-day operation which was the largest amount since 2008"
"2020-03-17 02:41:00","2020-03-17 10:41:00","Philippines Central Bank Governor Diokno says inclined to lower rates 50bps at March 19th meeting and notes there is fiscal space to support the economy"
"2020-03-17 02:38:00","2020-03-17 10:38:00","China NDRC's sees China economy to return to normal in Q2"
"2020-03-17 02:23:00","2020-03-17 10:23:00","Ohio will order polls to close for Tuesday's Primary due to public health emergency despite judge refusal"
"2020-03-17 02:14:00","2020-03-17 10:14:00","China NDRC says Feb. YTD power consumption fell 7.8% Y/Y"
"2020-03-17 02:12:00","2020-03-17 10:12:00","Hong Kong Chief Executive Lam says unlikely schools will resume on March 18th"
"2020-03-17 01:41:00","2020-03-17 09:41:00","8 largest US banks announce plans to access US Federal Reserve's Discount Window, says they are strong and well capitalized and are accessing it to reassure all banks they can use it"
"2020-03-17 01:33:00","2020-03-17 09:33:00","Taiwan Defense Ministry says Taiwan jets warned offf China fighters during a night time flight"
"2020-03-17 01:26:00","2020-03-17 09:26:00","US equity futures hit limit up as they recover from the worst day since 1987 and the DJIA's largest point-loss on record"
"2020-03-17 01:20:00","2020-03-17 09:20:00","PRE-MARKET CHINESE STOCK NEWS: SJM Holdings (880 HK) FY19 net HKD 3.21bln vs. Prev. HKD 2.85bln Y/Y"
"2020-03-17 01:15:00","2020-03-17 09:15:00","PBoC skips open market operations for a daily net neutral position"
"2020-03-17 01:15:00","2020-03-17 09:15:00","PBoC sets USD/CNY mid-point at 7.0094 vs. Exp. 7.0141 (Prev. 7.0018)"
"2020-03-17 01:12:00","2020-03-17 09:12:00","BoJ offers to buy JPY 100bln in 3yr-5yr and JPY 100bln in 5yr-10yr JGBs in special market operations"
"2020-03-17 01:10:00","2020-03-17 09:10:00","South Korea reports 84 additional coronavirus cases for a total of 8320 and death toll increased by 6 to a total 81, while the number of cured increased by 264 to a total of 1401"
"2020-03-17 01:08:00","2020-03-17 09:08:00","New Zealand Debt MAnagement says 2019-2020 bond program was raised to NZD 13bln from NZD 10bln, while future programs are unchanged for now"
"2020-03-17 01:01:00","2020-03-17 09:01:00","New Zealand announces NZD 12.1bln economic package, while Finance Minister Robertson says a recession is almost certain and that many will lose jobs and businesses will fail, notes budget will be 2nd phase of broader recovery package"
"2020-03-17 00:59:00","2020-03-17 08:59:00","Taiwan FSC says encouraging financial companies to buy first rate stocks in the local stock market"
"2020-03-17 00:56:00","2020-03-17 08:56:00","Boeing (BA) says US aerospace industry is facing urgent challenge due to coronavirus, adds long-term outlook is still strong and that it is leveraging all resources to sustain operations, as well as taking steps to manage pressure on business"
"2020-03-17 00:47:00","2020-03-17 08:47:00","PRE-MARKET TAIWAN AND SINGAPORE STOCK NEWS: Phison Electronics (8299 TT) FY net profit rose 5.3% Y/Y to TWD 4.55bln."
"2020-03-17 00:44:00","2020-03-17 08:44:00","PBoC is expected to set the USD/CNY midpoint at 7.0141, according to Newswires estimates"
"2020-03-17 00:39:00","2020-03-17 08:39:00","Venezuela President Maduro announces nationwide quarantine beginning March 17th and notes price of Venezuelan oil has declined to below cost of production"
"2020-03-17 00:30:00","2020-03-17 08:30:00","Australian House Price Index (Q4) Y/Y 2.5% vs. Exp. 3.0% (Prev. -3.7%)"
"2020-03-17 00:30:00","2020-03-17 08:30:00","Singapore Non-Oil Exports (Feb) M/M -4.8% vs. Exp. -3.8% (Prev. 4.6%)"
"2020-03-17 00:30:00","2020-03-17 08:30:00","Singapore Non-Oil Exports (Feb) Y/Y 3.0% vs. Exp. -7.8% (Prev. -3.3%)"
"2020-03-17 00:30:00","2020-03-17 08:30:00","RBA Minutes from the March meeting stated that board is prepared to ease further to support the economy and it is to ensure financial system has sufficient liquidity"
"2020-03-17 00:18:00","2020-03-17 08:18:00","PBoC may cut Loan Prime Rate despite keeping the MLF rate unchanged yesterday, according to China Securities Journal"
"2020-03-17 00:17:00","2020-03-17 08:17:00","US House overcomes procedural hurdle on coronavirus bill and unanimously sends legislation to the Senate"
"2020-03-17 00:15:00","2020-03-17 08:15:00","Japanese Economic Minister Nishimura says government will compile further steps this week to support households amid the coronavirus outbreak"
"2020-03-17 00:02:00","2020-03-17 08:02:00","Asia equity markets begin mostly lower after Wall St's worst day since 1987 where the DJIA dropped nearly 3000 points which was its biggest 1-day decline in points on record, while initial rebound in ASX 200 from prior day's 9.7% slump is also fleeting "