"gmt_time","hk_time","subject"
"2020-03-09 23:50:00","2020-03-10 07:50:00","Japanese Money Supply M3 (Feb) Y/Y 2.5% (Prev. 2.3%)"
"2020-03-09 23:50:00","2020-03-10 07:50:00","Japanese Money Supply M2 (Feb) Y/Y 3.0% (Prev. 2.8%)"
"2020-03-09 23:45:00","2020-03-10 07:45:00","PRE-MARKET JAPANESE AND SOUTH KOREAN STOCK NEWS: Japan Post Bank (7182 JT) is expected to cut FY20 investment trust sales target by 20%"
"2020-03-09 23:37:00","2020-03-10 07:37:00","South Korea Vice Finance Minister Kim says will act wiftly in cases of herd market behaviour in FX and will make all-out efforts to stabilize financial markets, addsto deploy more stabilizing measures if needed after tightening stock short-selling rules"
"2020-03-09 23:36:00","2020-03-10 07:36:00","Cypress Semiconductor (CY) announces completion of CFIUS review on merger with Infineon (IFX) in which it stated there was no unresolved national security concerns with respect to the merger"
"2020-03-09 23:02:00","2020-03-10 07:02:00","US Treasury Secretary Mnuchin says we will use all our tools to fight economic effects of coronavirus"
"2020-03-09 22:59:00","2020-03-10 06:59:00","South Korea Finance Ministry says will temporarily tighten stock short-selling rules in which an announcement will be made after the close today"
"2020-03-09 22:54:00","2020-03-10 06:54:00","PRE-MARKET AUSTRALIAN STOCK NEWS: Qantas Airways (QAN AT) reduces international capacity by 25% over the next 6-months "
"2020-03-09 22:46:00","2020-03-10 06:46:00","US President Trump says will hold press conference tomorrow on economic measures to respond to coronavirus and that economic steps will be major"
"2020-03-09 22:34:00","2020-03-10 06:34:00","US President Trump says will speak about possible payroll tax relief with Congress, adds is working with industries including airline and cruise ship industries"
"2020-03-09 22:32:00","2020-03-10 06:32:00","CME Raises RBOB gasoline futures margins by 12.2% to USD 4600/contract from USD 4100/contract"
"2020-03-09 22:30:00","2020-03-10 06:30:00","Australian ANZ Roy Morgan Consumer Confidence (Mar 8) W/W 100.4 (Prev. 104.8)"
"2020-03-09 22:30:00","2020-03-10 06:30:00","South Korea is to temporarily ban short selling and may also announce measures to stabilize markets today, according to Maeil"
"2020-03-09 22:27:00","2020-03-10 06:27:00","ECB confirms member of staff has been diagnosed with coronavirus and around 100 colleagues that worked in proximity with the staff member have been informed and will work from home temporarily as a precaution"
"2020-03-09 22:25:00","2020-03-10 06:25:00","CME raises crude oil NYMEX futures margins by 17.1% to USD 4100/contract from USD 3500/contract"
"2020-03-09 22:17:00","2020-03-10 06:17:00","New Jersey Governor declares State of Emergency due to coronavirus"
"2020-03-09 22:01:00","2020-03-10 06:01:00","US equity futures resume pressure with Emini S&P and Dow futures both lower by around 1%, while WTI crude is down 3% as it eyes a retest of USD 30/bbl"
"2020-03-09 21:56:00","2020-03-10 05:56:00","US Energy Secretary Brouillete directs evaluation of options regarding upcoming sale of 12mln bbls of oil from SPR that was announced end-Feb."
"2020-03-09 21:51:00","2020-03-10 05:51:00","Australian PM Morrison says impact of coronavirus on Australian could be greater than expected and risk aversion could lead to reduced spending and demand"
"2020-03-09 21:42:00","2020-03-10 05:42:00","UK PM Johnson Boris says ""extensive preparations"" are being made to shift to the UK's response to coronavirus from the 'contain' to the 'delay' phase, according to Sky News"
"2020-03-09 21:39:00","2020-03-10 05:39:00","US Department of Energy spokesperson says attempts by state actors to manipulate and shock oil markets reinforce importance of US role as reliable energy supplier, also states US can withstand this oil market volatility"
"2020-03-09 21:28:00","2020-03-10 05:28:00","ASIAN DAILY ECONOMIC RELEASE CALENDAR IS AVAILABLE IN THE RESEARCH SECTION OF THE WEBSITE: Highlights include Australian NAB Business Surveys, Chinese CPI and PPI, India markets are closed for holiday"
"2020-03-09 21:28:00","2020-03-10 05:28:00","ASIAN DAILY ECONOMIC RELEASE CALENDAR IS AVAILABLE IN THE RESEARCH SECTION OF THE WEBSITE: Highlights include Australian NAB Business Surveys, Chinese CPI and PPI, India markets are closed for holiday"
"2020-03-09 21:07:00","2020-03-10 05:07:00","DAILY ASIA-PAC OPENING NEWS"
"2020-03-09 21:00:00","2020-03-10 05:00:00","New Zealand Truckometer Heavy Index (Feb) M/M -3.0% (Prev. 4.8%)"
"2020-03-09 20:49:00","2020-03-10 04:49:00","Italian PM Conte says closure of schools and universities all over the country is extended to April 3rd"
"2020-03-09 20:42:00","2020-03-10 04:42:00","Mexico Central Bank says increasing size of MXN hedge auctions in which program of hedges will be increased to USD 30bln from USD 20bln"
"2020-03-09 20:40:00","2020-03-10 04:40:00","Italian PM Conte says adopting tougher measures to tackle coronavirus, adds will no longer be red zone and instead the whole country will be under same condition in which movement will be restricted all over Italy"
"2020-03-09 20:30:00","2020-03-10 04:30:00","US banking regulators says banks should work constructively with borrowers impacted by the virus outbreak and will not be penalized for sound lending, also says they will provide appropriate regulatory assistance to institutions impacted"
"2020-03-09 20:12:00","2020-03-10 04:12:00","Newsquawk US Market Wrap - 9th MARCH 2020: Stocks & oil crushed as Saudi & Russia ram heads"
"2020-03-09 20:12:00","2020-03-10 04:12:00","Andurand goes short oil due to COVID-19"
"2020-03-09 20:06:00","2020-03-10 04:06:00","Stitch Fix (SFIX) Q2 20 (USD): EPS 0.11 (exp. 0.06), Revenue 452mln (exp. 453mln)"
"2020-03-09 20:03:00","2020-03-10 04:03:00","Italy is reportedly planning to increase its 2020 budget deficit above 2.5% of GDP (Prev. 2.2%) to help against the coronavirus, according to a government source"
"2020-03-09 19:50:00","2020-03-10 03:50:00","MOC: SPX -3.3bln (Prev. -1.7bln); DJ -1.1blnmln (prev. -350mln)"
"2020-03-09 19:46:00","2020-03-10 03:46:00","US FINRA grants regulatory relief to brokers as industry triggers coronavirus contingency plans "
"2020-03-09 19:34:00","2020-03-10 03:34:00","US T-NOTE FUTURES (H0) SETTLED 1 POINT 8 TICKS HIGHER AT 139.09+"
"2020-03-09 19:29:00","2020-03-10 03:29:00","Libya's NOC oil output at 114k BPD as of Sunday March 9th (120k BPD on Friday)"
"2020-03-09 18:54:00","2020-03-10 02:54:00","US Treasury Secretary Steve Mnuchin & NEC Director Larry Kudlow will meet with Senate Republicans at their lunch Tuesday to discuss economic options for economic relief from the coronavirus outbreak, according to FBN's Lawrence"
"2020-03-09 18:41:00","2020-03-10 02:41:00","Brazillian Central Bank carried out its 2nd spot market FX auction, where it sold USD 465mln"
"2020-03-09 18:35:00","2020-03-10 02:35:00","Nippon Steel, JFE Steel and Kobe steel have reportedly told unions it will not hike base pay for the first time in 7 years as the trade war saps demand, according to Nikkei"
"2020-03-09 18:32:00","2020-03-10 02:32:00","WTI (J0) settles USD 10.15 lower at USD 31.13/bbl; Brent (K0 settles USD 10.91 lower at USD 34.36/bbl"
"2020-03-09 18:09:00","2020-03-10 02:09:00","Canada reports its first COVID-19 death"
"2020-03-09 18:01:00","2020-03-10 02:01:00","Brazilian President Bolsonaro says Petrobras will maintain its pricing policy, although the trend is lower at refineries"
"2020-03-09 17:58:00","2020-03-10 01:58:00","UK records its fifth COVID-19 death, according to LBC citing NHS "
"2020-03-09 17:40:00","2020-03-10 01:40:00","White House has invited Wall Street executives to discuss COVID-19 on Wednesday"
"2020-03-09 17:35:00","2020-03-10 01:35:00","Italy COVID-19 death toll rises to 463 from 366; total cases rises to 9172 from 7375, according to an official"
"2020-03-09 17:24:00","2020-03-10 01:24:00","It's still too early to ""throw in the towel"" on an OPEC-Russia alliance, according to a Delegate cited by S&P Global Platts "
"2020-03-09 17:19:00","2020-03-10 01:19:00","Brazilian Mines and Energy Minister says the government is not considering raising fuels tax for now to make up for lost revenue due to falling oil prices"
"2020-03-09 17:01:00","2020-03-10 01:01:00","US Democratic Primary Michigan poll via Monmouth University: Biden 51% Sanders 36%; General election: Biden at 48%, Sanders 46%, Trump 41%"
"2020-03-09 16:58:00","2020-03-10 00:58:00","US DOE has delayed the release of its monthly short term energy outlook by one day to Wednesday (11th) to incorporate the recent global oil market events"
"2020-03-09 16:54:00","2020-03-10 00:54:00","UK PM Johnson reiterates UK remains in contain phase, but scientists think containment extremely unlikely to work on its own and we are making extensive preparation for a move to the delay phase"
"2020-03-09 16:47:00","2020-03-10 00:47:00","Senate Finance Committee Grassley is mulling targeted tax relief as a result of COVID-19, according to a spokesperson"
"2020-03-09 16:40:00","2020-03-10 00:40:00","Lombardy region, Italy death toll rises to 333 (prev. 267)"
"2020-03-09 16:32:00","2020-03-10 00:32:00","US official says Trump administration will soon issue an advisory warning anyone holding Iranian oil in violation of US sanctions; soon also issue maritime advisory to target ships that turn off transponders to avoid sanctions"
"2020-03-09 16:30:00","2020-03-10 00:30:00","EUROPEAN PRELIMINARY CASH CLOSE: EURO STOXX 50 (-8.32%) at 2965, FTSE 100 (-7.51%%) at 5977, DAX (-7.89%) at 10632, CAC 40 (-8.39%) at 4708, IBEX 35 (-8.10%) at 7697, FTSE Italia (-11.17%) at 18476, SMI (-5.75%) at 9177"
"2020-03-09 16:23:00","2020-03-10 00:23:00","Daily FX Wrap: some oil on troubled waters as stabilisers break US stock fall"
"2020-03-09 16:22:00","2020-03-10 00:22:00","US CDC says 472 total confirmed and presumptive cases, including repatriated cases; death toll rises by 8 to 19"
"2020-03-09 16:20:00","2020-03-10 00:20:00","Libyan Eastern Commander Haftar is committed to signing a ceasefire deal with French President Macron, according to Elysee "
"2020-03-09 16:18:00","2020-03-10 00:18:00","WHO Tedros says the threat of a pandemic has become very real, but it can still be controlled "
"2020-03-09 16:16:00","2020-03-10 00:16:00","German Finance Minister Scholz reiterates government line that it will do what it can to stabilize the economy "
"2020-03-09 16:03:00","2020-03-10 00:03:00","Hologic (HOLX) - US HHS supports the development of the first high-throughput COVID-19 diagnostic test"
"2020-03-09 15:41:00","2020-03-09 23:41:00","Russia's Energy Minister Novak says Russian oil will remain competitive and keep its market share no matter what they projected price of oil is, according to Interfax"
"2020-03-09 15:32:00","2020-03-09 23:32:00","UK Health Secretary Hancock says the fourth person died from coronavirus in the UK"
"2020-03-09 15:32:00","2020-03-09 23:32:00","US Health Secretary Azar says the Trump Administration has the tools to keep the economy strong"
"2020-03-09 15:31:00","2020-03-09 23:31:00","First coronavirus-related death in Germany has been reported by the district of Heinsberg, according to Bild "
"2020-03-09 15:29:00","2020-03-09 23:29:00","US National Retail Federation says coronavirus impact on imports is expected to be larger and longer than initially expected, but as factories in China continue to reopen, products are flowing again"
"2020-03-09 15:26:00","2020-03-09 23:26:00","Nigeria's Oil minister says it is too increase production to over 2mln BPD (Prev. 1.85mln BPD by the end of February)"
"2020-03-09 15:24:00","2020-03-09 23:24:00","US CDC says colleges and universities should consider asking students who are studying abroad to return to the US"
"2020-03-09 15:22:00","2020-03-09 23:22:00","NY Governor Cuomo says New York State positive COIVD-19 cases has increased to 142 (Prev. 105 on Sunday) "
"2020-03-09 15:13:00","2020-03-09 23:13:00","Guggenheim CIO Minerd states it models indicate possibility rates could ""overshoot"" to -2%, 10-year yields to reach -50bps by year end"
"2020-03-09 15:08:00","2020-03-09 23:08:00","Germany has reportedly quarantined 4-5k people in the Brandenburg region due to the coronavirus, according to the DPA"
"2020-03-09 15:08:00","2020-03-09 23:08:00","White House is reportedly going to present US President Trump later today with a list of policy options to help the economy in the wake of the coronavirus, according to Washington Post"
"2020-03-09 15:08:00","2020-03-09 23:08:00","White House is reportedly going to present US President Trump later today with a list of policy options to help the economy in the wake of the coronavirus, according to Washington Post"
"2020-03-09 15:08:00","2020-03-09 23:08:00","Germany has reportedly quarantined 4-5k people in the Brandenburg region due to the coronavirus, according to the DPA"
"2020-03-09 15:00:00","2020-03-09 23:00:00","NY Fed Survey of Consumer inflation expectations: 1-year 2.5% (Prev. 2.5%); 3-year 2.6% (Prev. 2.5%)"
"2020-03-09 14:49:00","2020-03-09 22:49:00"," BoE GBP 1.455bln 3-7yr Gilt reinvestment offer-to-cover ratio 4.04 (Prev. 1.89)"
"2020-03-09 14:45:00","2020-03-09 22:45:00","ECB APP Results: PSPP +4.599bln (Prev. EUR +1.238bln); CSPP +1.355bln (Prev. EUR +0.711bln); ASBPP 0.271bln (Prev. EUR +0.113bln); CBPP3 0.262bln (Prev. EUR 0.572bln)"
"2020-03-09 14:40:00","2020-03-09 22:40:00","Citron Research posts negative comments on Inovio Pharmaceuticals (INO)"
"2020-03-09 14:30:00","2020-03-09 22:30:00","UK PM Johnson was today urged to unleash an “aggressive” battle against coronavirus now to stop the outbreak spiralling within weeks, according to reports via Evening Standard"
"2020-03-09 14:27:00","2020-03-09 22:27:00","White House Economic Stimulus meeting is expected at this afternoon according to officials cited by VOA's Herman "
"2020-03-09 14:25:00","2020-03-09 22:25:00","UK expects to table a number of legal texts, including a draft FTA” before the next round of talks next week, according to BBC's Fleming "
"2020-03-09 14:14:00","2020-03-09 22:14:00","Fixed and FX latest: Wall Street open sparks more wild trade and whip-saw moves"
"2020-03-09 14:01:00","2020-03-09 22:01:00","Number of UK coronavirus cases rises to 319 vs. Prev. 273, according to the Health Ministry"
"2020-03-09 13:56:00","2020-03-09 21:56:00","SocGen cuts Brent Q2 average price by USD 25 to USD 30/bbl; cuts Q3 average price by USD 22 to USD 35/bbl; cuts Q4 average price by USD 18 to USD 40/bbl"
"2020-03-09 13:49:00","2020-03-09 21:49:00","UK union has reportedly voted for strike action to take place at a Brent crude terminal "
"2020-03-09 13:45:00","2020-03-09 21:45:00","German Economy Minister says Cos hit by COVID-19 will get the help they need; government will propose liquidity measures this week; EU Summit will discuss imapact on March 26th"
"2020-03-09 13:41:00","2020-03-09 21:41:00","France is seeking to delay upcoming bank stress tests as macro environment changed due to coronavirus "
"2020-03-09 13:41:00","2020-03-09 21:41:00","US Health Secretary Azar says over 1mln COVID-19 tests have been shipped as of Saturday, with over 2mln manufactured "
"2020-03-09 13:38:00","2020-03-09 21:38:00","Lyondell Houston refinery (265k BPD) gasoline unit repairs may last through the first week of April"
"2020-03-09 13:38:00","2020-03-09 21:38:00","EZ Finance Ministers have raised possibility with banks supervisors of giving firms struggling with virus impact more time that the usual 90 days before their debt is classified as non-performing loans"
"2020-03-09 13:36:00","2020-03-09 21:36:00","US Equity Open: Stocks hit 7% limit down, trading halted for fifteen minutes; Energy and Financials lead losses "
"2020-03-09 13:34:00","2020-03-09 21:34:00","FDA says there are currently no vaccines or drugs approved to treat or prevent coronavirus "
"2020-03-09 13:34:00","2020-03-09 21:34:00","France reports 1191 confirmed coronavirus cases and two additional deaths, bringing the death toll ti 21, according to Health Ministry"
"2020-03-09 13:23:00","2020-03-09 21:23:00","Italian Treasury is to buyback four BTP bonds tomorrow "
"2020-03-09 13:20:00","2020-03-09 21:20:00","Brazil's Petrobras is to cut diesel and gasoline prices after the decline in oil prices"
"2020-03-09 13:18:00","2020-03-09 21:18:00","CIRCUIT BREAKERS [REFILE]: 7%, 13% and 20% circuit breakers in US cash equities were established in wake of the 1987 Black Monday Crash"
"2020-03-09 13:06:00","2020-03-09 21:06:00","UK PM Johnson says that the Bank of England has made it clear that they will take all necessary steps to protect financial and monetary stability, and government has also said it will take further action as needed on coronavirus  "
"2020-03-09 13:06:00","2020-03-09 21:06:00","Newsquawk Daily US Equity Opening News - 9th March 2020"
"2020-03-09 13:04:00","2020-03-09 21:04:00","Riksbank Deputy Governor Floden has reportedly tested positive for coronavirus "
"2020-03-09 13:04:00","2020-03-09 21:04:00","Coronavirus cases in the Netherlands have risen to 321, +56"
"2020-03-09 13:00:00","2020-03-09 21:00:00","IMF Chief Economist says govt needs ""substantial"" targeted fiscal, monetary and financial market measures to combat drag from coronavirus "
"2020-03-09 12:58:00","2020-03-09 20:58:00","US Administrations is reportedly considering discouraging commercial air travel, according to CNN "
"2020-03-09 12:56:00","2020-03-09 20:56:00","Twitter (TWTR) - Board authories a USD 2bln share repurchase program, ambition in 2020 and beyond is to grow MDAU at 20% or more"
"2020-03-09 12:54:00","2020-03-09 20:54:00","Swedish Finance Minister says there is money available for authorities in order to tackle the virus outbreak"
"2020-03-09 12:49:00","2020-03-09 20:49:00","UK PM Johnson, following the Cobra meeting on coronavirus, states we remain in the contain phase but now accepted that the virus will spread in a significant way, expects further meeting on Wednesday"
"2020-03-09 12:46:00","2020-03-09 20:46:00","Abbvie (ABBV) are partnering with authorities to determine the efficacy of HIV drug in treating the coronavirus"
"2020-03-09 12:40:00","2020-03-09 20:40:00","UK House of Commons Commission has decided against closing Parliament over coronavirus fears, Sources say they’ll be guided by Cobra meetings, according to FT's Payne "
"2020-03-09 12:24:00","2020-03-09 20:24:00","European Commission President Michel tweets that he will hold a EUCO members conference call shortly on coronavirus to coordinate EU efforts, ""We need to cooperate in order to protect the health of our citizens"""
"2020-03-09 12:20:00","2020-03-09 20:20:00","Spanish PM Sanchez says they are preparing to launch an emergency plan in order to deal with the coronavirus as soon as is possible"
"2020-03-09 12:18:00","2020-03-09 20:18:00","BAML: cut average 2020 Brent forecast to USD 45/bbl vs. Prev. USD 54/bbl and WTI to USD 41/bbl vs. Prev. USD 49/bbl"
"2020-03-09 12:18:00","2020-03-09 20:18:00","French President Macron is to announce coronavirus measures as soon as today, calls for more EU and international cooperation"
"2020-03-09 12:14:00","2020-03-09 20:14:00","Italy's stock exchange regulator does not see a need to halt trading; watchdog says the virus' impact cannot be adjusted for via restrictive measures on the Italian stock exchange"
"2020-03-09 12:10:00","2020-03-09 20:10:00","Scotiabank FX Daily - Crude Oil Crash Pushes CAD to Weakest Since Mid-2017  "
"2020-03-09 12:10:00","2020-03-09 20:10:00","Hochtief (HOT GY) - Are to buyback 6.9mln of no-par value shares, with total investment of around EUR 518mln; between March 10th and December 31st"
"2020-03-09 12:07:00","2020-03-09 20:07:00","London tube worker has reportedly tested positive for coronavirus, according to LBC News"
"2020-03-09 11:55:00","2020-03-09 19:55:00","A senior administration official said virus ideas were kicked around at the White House over the weekend but cautions that there’s nothing on paper and it is still a long way off, according to CNBC's Javers"
"2020-03-09 11:43:00","2020-03-09 19:43:00","BCB announce a USD 3bln spot FX auction and have cancelled a USD 1bln auction, according to a statement"
"2020-03-09 11:40:00","2020-03-09 19:40:00","BCB's Serra says they can use all of their instruments and of a volume that they consider to be appropriate, in order to ensure that the FX market functions smoothly"
"2020-03-09 11:37:00","2020-03-09 19:37:00","CIRCUIT BREAKERS [REFILE]: 7%, 13% and 20% circuit breakers in US cash equities were established in wake of the 1987 Black Monday Crash"
"2020-03-09 11:32:00","2020-03-09 19:32:00","US VP Pence is holding a noon video teleconference with governors from the situation room, 16:00EDT/20:00GMT task force meeting, 17:30EDT/21:30GMT press briefing, according to AP's White House Correspondent Miller"
"2020-03-09 11:29:00","2020-03-09 19:29:00","Chile copper export revenue (Feb): USD 2482mln"
"2020-03-09 11:19:00","2020-03-09 19:19:00","Fed Repo Operation update: Daily overnight operations at least USD 150bln (Prev. at least USD 100bln); two-week term repo for March 10th and 12th to at least USD 45bln (Prev. at least USD 20bln)"
"2020-03-09 11:19:00","2020-03-09 19:19:00","Fed Repo Operation update: Daily overnight operations at least USD 150bln (Prev. at least USD 100bln); two-week term repo for March 10th and 12th to at least USD 45bln (Prev. at least USD 20bln)"
"2020-03-09 11:13:00","2020-03-09 19:13:00","French Finance Minister Le Maire says he spoke with his German counterpart at length on Monday to co-ordinate a coronavirus response"
"2020-03-09 11:08:00","2020-03-09 19:08:00","Willis Towers Watson (WLTW) are to combine with AON, WLTW will receive 1.08 AON share for each of their own shares; combined equity value of circa USD 80bln"
"2020-03-09 11:03:00","2020-03-09 19:03:00","China says coronavirus situation remains complex but will firmly prevent the rebound of the epidemic"
"2020-03-09 10:51:00","2020-03-09 18:51:00","Russia's Rosneft is poised to increase production from April while are also said to be prepared for any oil price scenarios "
"2020-03-09 10:28:00","2020-03-09 18:28:00","Indian Government are reportedly in discussion over re-jigging exercise duty to take advantage of lower oil prices, ET citing sources in the Finance Ministry"
"2020-03-09 10:20:00","2020-03-09 18:20:00","Newsquawk Daily US Opening News - 9th March 2020"
"2020-03-09 10:17:00","2020-03-09 18:17:00","EU Commission President Von der Leyen says the EU is looking at everything we can to combat the virus outbreak"
"2020-03-09 10:14:00","2020-03-09 18:14:00","CNN Poll for the Democratic Nomination: Biden 52%, Sanders 36%, Warren 7%, taken March 4th - 7th "
"2020-03-09 10:09:00","2020-03-09 18:09:00","Newsquawk EU Mid Session; Oil prices collapse as Saudi punishes Moscow post-OPEC - 9th March 2020"
"2020-03-09 10:04:00","2020-03-09 18:04:00","Fixed Income: core bonds off the boil, but still simmering"
"2020-03-09 09:51:00","2020-03-09 17:51:00","EU said it is actively mulling slot-rule reliefs for airlines "
"2020-03-09 09:46:00","2020-03-09 17:46:00","Electrolux (LUXB SS) - Chairman has purchased 10k shares, according to FSA Insider Registry"
"2020-03-09 09:41:00","2020-03-09 17:41:00","IEA's Chief Birol says prices below USD 25/bbl would stop new US shale developments, sees the potential for a oil overhand of 3.5mln BPD in Q1 due to the coronavirus"
"2020-03-09 09:35:00","2020-03-09 17:35:00","FX Morning Colour: crude awakening for currency markets as oil prices plummet"
"2020-03-09 09:33:00","2020-03-09 17:33:00","US Administration is pushing for additional trade restrictions via the implementation of national security concerns, contradicting Trump's position last-month that he was eager for US Co's to sell freely to China, WSJ"
"2020-03-09 09:27:00","2020-03-09 17:27:00","Geely Automobile (175 HK) total sales volume for February of 21.26k units, -75% "
"2020-03-09 09:00:00","2020-03-09 17:00:00","Swiss Sight Deposits week ending 6th March: Total, CHF 598.548bln vs. Prev. CHF 595.764bln; Domestic Banks, CHF 503.598bln vs. Prev. CHF 502.208bln"
"2020-03-09 09:00:00","2020-03-09 17:00:00","IEA Monthly Report: cut 2020 world oil demand forecasts by almost 1mln BPD, due to the coronavirus; envisage the first contraction since 2009"
"2020-03-09 08:59:00","2020-03-09 16:59:00","Japan are to boost special financing for small and mid-sized firms to JP 1.6trl, will be announced on Tuesday, according to a Gov't document"
"2020-03-09 08:41:00","2020-03-09 16:41:00","BoJ have purchased JPY 101.4bln of ETF's today, which is the 3rd time this month"
"2020-03-09 08:35:00","2020-03-09 16:35:00","Taiwan Finance Ministry says they saw a USD 1.5-1.8bln impact on exports due to the coronavirus in February"
"2020-03-09 08:32:00","2020-03-09 16:32:00","Beijing Government Official says they are facing increasing pressures to the rise in imports of coronavirus cases "
"2020-03-09 08:21:00","2020-03-09 16:21:00","UK debt and STIR futures extending gains amidst oil-fuelled FTQ"
"2020-03-09 08:21:00","2020-03-09 16:21:00","South Korea reports 96 new coronavirus cases, total now at 7478, according to Yonhap"
"2020-03-09 08:08:00","2020-03-09 16:08:00","Morning EU Movers: BP (BP/ LN) -27.6%, Equinor (EQNR NO) -20%, Siemens Gamesa (SGRE SM) -19.9%, Shell (RDSA LN) -19.4%, Deutsche Bank (DBK GY) -14%, Air France (AF FP) -10%, Tesco (TSCO LN) -4%"
"2020-03-09 08:03:00","2020-03-09 16:03:00","Italy's Deputy Economy Minister says the Gov't is considering extending the tax moratorium"
"2020-03-09 07:56:00","2020-03-09 15:56:00","Bunds: barrelling higher and now eyeing 179.00 and/or -1%"
"2020-03-09 07:54:00","2020-03-09 15:54:00","Italy's Deputy Economy Minister says the government and Bank of Italy are looking into a guarantee scheme, to support banks offering mortoriums to households and Co's following the virus outbreak"
"2020-03-09 07:53:00","2020-03-09 15:53:00","French Finance Minister Le Maire says the ECB has margin and can support banks that lend, also calls on Europe to work on fiscal stimulus plan"
"2020-03-09 07:50:00","2020-03-09 15:50:00","China's Civil Aviation Authority announce measures to help airlines amidst the virus; include, reducing airport/air control fees and postponing a flight implementation plan"
"2020-03-09 07:45:00","2020-03-09 15:45:00","ANALYSIS: SAUDI PLAYS CHICKEN WITH MOSCOW, OIL PRICES COLLAPSE"
"2020-03-09 07:43:00","2020-03-09 15:43:00","Polish Central Bank's Lon says the virus is an argument to cut rates quickly "
"2020-03-09 07:34:00","2020-03-09 15:34:00","Nissan (7201 JN) says that their February China sales -80.3% YY, due to the coronavirus"
"2020-03-09 07:31:00","2020-03-09 15:31:00","Bank of France Business Climate Industrial Indicator 96 (Prev. 96); Services Sector Indicator 96 (Prev. 98); Bank of France sees Q1 French GDP growth of 0.1% (Prev. 0.3%) "
"2020-03-09 07:30:00","2020-03-09 15:30:00","ECB's Villeroy says the slowdown due to the coronavirus is potentially severe but is temporary"
"2020-03-09 07:29:00","2020-03-09 15:29:00","French Finance Minister Le Maire says the ECB has room for manoeuvre on the coronavirus; Europoean Finance Ministers need to come to a economic stimulus plan for the coronavirus"
"2020-03-09 07:05:00","2020-03-09 15:05:00","Additional European Equities post release of the Daily European Equity Opening News"
"2020-03-09 07:00:00","2020-03-09 15:00:00","Japan's MOF's Takeuchi says that the worry about the US economy impact from the coronavirus is a major factor behind the nervous moves seen in markets; will respond to excess volatility as is appropriate "
"2020-03-09 06:55:00","2020-03-09 14:55:00","Apple (AAPL) - 5G iPhone release may be pushed-back to October, which would be a delay of 1-month, due to the coronavirus, according to Global Times Business Source"
"2020-03-09 06:51:00","2020-03-09 14:51:00","CIRCUIT BREAKERS: 7%, 13% and 20% circuit breakers in US cash equities were established in wake of the 1987 Black Monday Crash"
"2020-03-09 06:49:00","2020-03-09 14:49:00","Daily European Equity Opening News"
"2020-03-09 06:30:00","2020-03-09 14:30:00","Italian PM Conte says they are not at present considering postponing regional elections, and will be fully using the flexibility which is envisaged by EU budget rules to confront the virus, according to a paper"
"2020-03-09 06:27:00","2020-03-09 14:27:00","Newsquawk Daily European Opening News - 9th March 2020"
"2020-03-09 06:21:00","2020-03-09 14:21:00","CBR says it will not be buying foreign currency for a period of 30-days"
"2020-03-09 06:20:00","2020-03-09 14:20:00","German Finance Minister Scholz says it cannot be foreseen as to whether the coronavirus is an economy challenge in the long-term, according to DLF Radio"
"2020-03-09 06:14:00","2020-03-09 14:14:00","United Microelectronics (2303 TT) Feb. rev. rose 30.1% Y/Y to TWD 13.6bln vs. Prev. TWD 14.1bln M/Mn M"
"2020-03-09 05:55:00","2020-03-09 13:55:00","Japanese BoJ, MoF and FSA are to meet today to discuss financial markets from 0630GMT"
"2020-03-09 05:52:00","2020-03-09 13:52:00","ASIA-PAC MARKET WRAP: Asian markets were in panic mode as oil prices dropped around 30% after Saudi kicked off an oil price war"
"2020-03-09 05:32:00","2020-03-09 13:32:00","BoJ Governor Kuroda says will act without hesitation based on guidelines laid out in last week's statement, adds BoJ is striving to stabilize markets via appropriate market operations and buying of assets"
"2020-03-09 05:32:00","2020-03-09 13:32:00","BoJ Governor Kuroda says will act without hesitation based on guidelines laid out in last week's statement, adds BoJ is striving to stabilize markets via appropriate market operations and buying of assets"
"2020-03-09 05:05:00","2020-03-09 13:05:00","Japanese Eco Watchers Survey Outlook (Feb) 24.6 vs. Exp. 37.5 (Prev. 41.8)"
"2020-03-09 05:04:00","2020-03-09 13:04:00","US, Canada and Euopean powers reportedly met to discuss concerns regarding Mexico's energy policy"
"2020-03-09 04:58:00","2020-03-09 12:58:00","India Department of Economic Affairs Secretary says decline in oil prices is positive for India and that domestic markets are fallin due to global cues and coronavirus, but added that fundamentals remain strong"
"2020-03-09 04:30:00","2020-03-09 12:30:00","Japanese Bankruptcies (Feb) Y/Y 10.71% (Prev. 16.1%)"
"2020-03-09 04:16:00","2020-03-09 12:16:00","At least 4 Asian refineries aim to maximise purchases following Saudi Arabia's price cuts"
"2020-03-09 03:58:00","2020-03-09 11:58:00","Japan top currency officials says still mulling whether to hold meeting involving MoF, BoJ and FSA"
"2020-03-09 03:54:00","2020-03-09 11:54:00","US President Trump aides are drafting economic measures to combat the virus including expanding paid sick leave although it has not been presented to President Trump yet"
"2020-03-09 03:35:00","2020-03-09 11:35:00","PRE-MARKET INDIAN STOCK NEWS: India government invited bids for sale of its entire 52.98% stake in Bharat Petroleum"
"2020-03-09 03:27:00","2020-03-09 11:27:00","RBNZ says it is watching for signs of market pressures or credit stress and that it has not seen significant presures at this stage"
"2020-03-09 03:24:00","2020-03-09 11:24:00","New Zealand extends border controls on China and Iran by a week, while Finance Minister Roberston says banks have agreed to measures to support business"
"2020-03-09 02:58:00","2020-03-09 10:58:00","ASIA-PAC MID-SESSION UPDATE: Asian markets are in panic mode as oil prices dropped by as much as 30% after Saudi kicked off an oil price war"
"2020-03-09 02:16:00","2020-03-09 10:16:00","Japan government spokesman says closely monitoring market moves and that government will take necessary measures for economy without hesitation "
"2020-03-09 01:56:00","2020-03-09 09:56:00","South Korea Finance Ministry Officials says currency movement is too excessive in short period, adds is closely monitoring for possible speculative FX trading"
"2020-03-09 01:55:00","2020-03-09 09:55:00","NAB says RBA may adopt unconventional policy measures in either May or June"
"2020-03-09 01:51:00","2020-03-09 09:51:00","Widespread panic seen in FX markets resulting to flash crases in which USD/JPY fell by over 1 point in a minute to briefly below 102.00, while AUD/USD slumped 3 points to trade lower by 4.5% before retracing the moves to trade down 3.0%"
"2020-03-09 01:46:00","2020-03-09 09:46:00","Goldman Sachs Commodities Research lowers Brent crude price forecasts to USD 30/bbl for Q2 and Q3"
"2020-03-09 01:30:00","2020-03-09 09:30:00","North Korea was presumed to have fired multiple types of short-range projectiles and is part of ongoing firing drills according to South Korea military"
"2020-03-09 01:23:00","2020-03-09 09:23:00","South Korea reported 248 new coronavirus cases for a total of 7382 and 1 additional death to increase death toll to 51"
"2020-03-09 01:15:00","2020-03-09 09:15:00","PBoC sets USD/CNY mid-point at 6.9260 vs. Exp. 6.9228 (Prev. 6.9337)"
"2020-03-09 01:15:00","2020-03-09 09:15:00","PBoC skips open market operations for a daily net neutral position"
"2020-03-09 01:11:00","2020-03-09 09:11:00","BoJ offers to buy JPY 50bln in up to 1yr JGBs, JPY 420bln in 1yr-3yr JGBs, JPY 340bln in 3yr-5yr JGBs, JPY 120bln in 10yr-25yr JGBs and JPY 30bln in 25yr+ JGBs"
"2020-03-09 01:05:00","2020-03-09 09:05:00","PRE-MARKET CHINESE STOCK NEWS: Chinese Trade Data missed estimates at a surprise deficit of USD 7.09bln as Exports declines 17.2%"
"2020-03-09 00:40:00","2020-03-09 08:40:00","PRE-MARKET TAIWAN AND SINGAPORE STOCK NEWS: TPK Holdings (3673 TT) Feb. rev. TWD 8.2bln vs. Prev. TWD 8.4bln Y/Y"
"2020-03-09 00:19:00","2020-03-09 08:19:00","PBoC are expected to set USD/CNY mid-point at 6.9228"
"2020-03-09 00:14:00","2020-03-09 08:14:00","China's Hubei province reports 36 new coronavirus cases and 21 additional deaths as of March 8th vs. 41 additional cases and 27 additional deaths on March 7th"
"2020-03-09 00:11:00","2020-03-09 08:11:00","Mainland China reports 40 additional cases of coronavirus and 22 additional deaths on March 8th vs. Prev. 44 additional cases and 27 additional deaths on March 7th"
"2020-03-09 00:01:00","2020-03-09 08:01:00","Asia stocks slump across the board amid the collapse in oil prices after Saudi launched an oil price war following the breakdown of the OPEC+ output agreement, while Dow futures fell over 1000 points and S&P 500 futures hit limit down"