"gmt_time","hk_time","subject"
"2020-04-30 23:50:00","2020-05-01 07:50:00","BoJ minutes from March meeting states Japan's economic activity had been weak recently due mainly to the impact of the outbreak of COVID-19 and was likely to remain so for the time being mainly affected by the outbreak of the disease"
"2020-04-30 23:48:00","2020-05-01 07:48:00","RBNZ buys NZD 450mln of bonds in QE auction"
"2020-04-30 23:47:00","2020-05-01 07:47:00","RBA adds AUD 520mln to banking system through repos vs. Prev. AUD 1.61bln"
"2020-04-30 23:40:00","2020-05-01 07:40:00","PRE-MARKET AUSTRALIA AND JAPAN STOCK NEWS: Earnings including Japan Airlines, Japan Tobacco, Murata Manufacturing, West Japan Railway and Z Holdings"
"2020-04-30 23:30:00","2020-05-01 07:30:00","Tokyo CPI Ex. Fresh Food & Energy (Apr) Y/Y 0.2% vs. Exp. 0.5% (Prev. 0.7%)"
"2020-04-30 23:30:00","2020-05-01 07:30:00","Tokyo CPI Ex. Fresh Food (Apr) Y/Y -0.1% vs. Exp. 0.1% (Prev. 0.4%)"
"2020-04-30 23:30:00","2020-05-01 07:30:00","Tokyo CPI (Apr) Y/Y 0.2% vs. Exp. 0.2% (Prev. 0.4%)"
"2020-04-30 23:28:00","2020-05-01 07:28:00","New York Central Park coronavirus hospital will close early May, according to New York Post with article noting the worst of the virus surge has passed"
"2020-04-30 23:21:00","2020-05-01 07:21:00","RBA says excess cash at exchange settlement accounts at AUD 63.7bln vs. Prev.  AUD 66.4bln"
"2020-04-30 23:15:00","2020-05-01 07:15:00","US President Trump says US has no plans to take equity stakes in energy companies"
"2020-04-30 23:00:00","2020-05-01 07:00:00","Australian CBA Manufacturing PMI (Apr F) 44.1 (Prev. 45.6); record low"
"2020-04-30 22:59:00","2020-05-01 06:59:00","Japanese GDP will contract 22% in Q2 for its largest post-war decline, according to Nikkei"
"2020-04-30 22:54:00","2020-05-01 06:54:00","Boeing (BA) says conducted a productive and successful first flight of second 777X airplane"
"2020-04-30 22:48:00","2020-05-01 06:48:00","New Zealand Labor Ministry says Q1 job ads declined 6.4% Q/Q "
"2020-04-30 22:25:00","2020-05-01 06:25:00","ASIAN DAILY ECONOMIC RELEASES CALENDAR IS NOW AVAILABLE IN THE RESEARCH SECTION: Highlights include: Tokyo CPI, BoJ Minutes from March Meeting, Australian PPI and mass holiday closures"
"2020-04-30 22:05:00","2020-05-01 06:05:00","US equity futures extend on losses at the reopen of electronic trade and are lower by over 1% with the Nasdaq 100 futures leading the declines following pressure in mega-cap tech names after Apple and Amazon earnings"
"2020-04-30 22:00:00","2020-05-01 06:00:00","Australian AiG Performance of Manufacturing Index (Apr) 35.8 (Prev. 53.7)"
"2020-04-30 22:00:00","2020-05-01 06:00:00","New Zealand ANZ Consumer Confidence (Apr) 84.8 (Prev. 106.3)"
"2020-04-30 21:58:00","2020-05-01 05:58:00","North Korean Leader Kim's younger sister Kim Yo-Jung is the most likely to succeed him if he dies or becomes incapacitated, according to Yonhap citing a US congressional report"
"2020-04-30 21:34:00","2020-05-01 05:34:00","US President Trump says we are going to look at aid for states mentioned by House Speaker Pelosi, although we want to get something for it"
"2020-04-30 21:24:00","2020-05-01 05:24:00","US President Trump says he has seen evidence the virus had originated from Wuhan Institute of Virology in China, adds cannot say why he has a high degree the virus originated there and suggests he can do tariffs to respond to China"
"2020-04-30 21:17:00","2020-05-01 05:17:00","Fed widens access to its Paycheck Protection Program Facility to include all SBA-approved lenders including non-depository institutions, adds eligible borrowers will be able to pledge entire PPP loans that they purchased as collateral to the PPPLF"
"2020-04-30 21:14:00","2020-05-01 05:14:00","Japanese PM Abe is to formally decide to extend state of emergency due to coronavirus on Monday, according to NHK"
"2020-04-30 21:11:00","2020-05-01 05:11:00","US President Trump says China trade deal is now secondary to what China did regarding the virus"
"2020-04-30 21:04:00","2020-05-01 05:04:00","US President Trump says he would consider bringing back former National Security Adviser Flynn into his administration"
"2020-04-30 21:02:00","2020-05-01 05:02:00","Twitter sources note initial unconfirmed reports of IDF fire in the Golan towards Syria"
"2020-04-30 21:00:00","2020-05-01 05:00:00","DAILY ASIA-PAC OPENING NEWS"
"2020-04-30 20:36:00","2020-05-01 04:36:00","US Fed's total balance sheet at (USD) 6.70trln (prev. 6.62trln), Treasury holdings: 3.97trln (prev. 3.91trln), Commercial Paper holdings at 3.37bln (prev. 2.73bln), Paycheck protection programme assets at 19.5bln (prev. 8bln)"
"2020-04-30 20:35:00","2020-05-01 04:35:00","Outgoing BoC Governor Poloz says Canada faces asymmetric risks as the downside risks are far worse than upside risks"
"2020-04-30 20:30:00","2020-05-01 04:30:00","Apple (AAPL) Q2 2020 (USD): EPS 2.55 (exp. 2.26); Revenue 58.3bln (exp. 54.54bln). Increases its share repurchase programme of up to 50bln and dividend increase to 0.82/shr"
"2020-04-30 20:15:00","2020-05-01 04:15:00","Iraq could reportedly face difficulties to cut up to 1mln BPD in line with OPEC+ deal, says it is still in talks with international oil companies for a deal to cut output in line with the OEPC+ agreement, according to sources"
"2020-04-30 20:07:00","2020-05-01 04:07:00","Newsquawk US Market Wrap - April 30th: Stocks and USD sold amid month-end flows"
"2020-04-30 20:05:00","2020-05-01 04:05:00","Visa Inc (V) Q1 20 (USD): EPS 1.38 (exp. 1.35), Revenue +7% at 5.98bln (exp. 5.75bln). Co doesn't provide FY view. Expects its 4.9bln acquisition of Plaid to close by year-end"
"2020-04-30 20:05:00","2020-05-01 04:05:00","Resmed Inc (RMD) Q1 20 (USD): Adj. EPS 1.29 (exp. 1.05), Revenue 0.77bln (exp. .72bln). "
"2020-04-30 20:05:00","2020-05-01 04:05:00","Illumina Inc (ILMN) Q1 20 (USD): Adj. EPS 1.64 (exp. 1.25), Revenue 859mln (exp. 854mln). "
"2020-04-30 20:03:00","2020-05-01 04:03:00","Gilead Sciences Inc (GILD) Q1 20 (USD): Adj. EPS 1.68 (exp. 1.57), Revenue 5.5bln (exp. 5.45bln). Expects more than 140k treatment courses of remdesivir will be manufactured by May-end"
"2020-04-30 20:01:00","2020-05-01 04:01:00","Amgen Inc (AMGN) Q1 20 (USD): Adj. EPS 4.17 (exp. 3.76), Revenue 6.2bln (exp. 5.98bln). Affirms FY adj. EPS view 14.85-15.60 (exp. 15.42); affirms FY revenue guidance view 25-25.6bln (exp. 25.30bln)"
"2020-04-30 20:01:00","2020-05-01 04:01:00","Atlassian Corporation PLC (TEAM) Q1 20 (USD): Adj. EPS 0.25 (exp. 0.21), Revenue 0.412bln (exp. 0.4bln). Q4 Adj. EPS 0.17-0.22 (exp. 0.23), revenue view 400-415mln (exp. 417mln). "
"2020-04-30 20:01:00","2020-05-01 04:01:00","Amazon (AMZN) Q1 2020 (USD): EPS 5.01 (exp. 6.25/6.18 reported), revenue 75.5bln (exp. 73.61bln). Co expects to spend the entire 4bln of operating profit on COVID-related expenses"
"2020-04-30 20:00:00","2020-05-01 04:00:00","Public Storage (PSA) Q1 20 (USD): FFO 2.61 (exp. 2.58), Revenue 610mln (exp. .71bln)."
"2020-04-30 20:00:00","2020-05-01 04:00:00","Seattle Genetics Inc (SGEN) Q1 20 (USD): EPS -0.98 (exp. -0.79), Revenue 235mln (exp. .21bln). "
"2020-04-30 19:55:00","2020-05-01 03:55:00","US COVID-19 cases 1,031,659 (prev. 1,005,147); death toll 60,057 (Prev. 57505)"
"2020-04-30 19:55:00","2020-05-01 03:55:00","US COVID-19 cases 1,031,659 (prev. 1,005,147); death toll 60,057 (Prev. 57505)"
"2020-04-30 19:25:00","2020-05-01 03:25:00","TREASURY WRAP: US T-Note futures (M0) settle 3 ticks higher at 139-02"
"2020-04-30 19:25:00","2020-05-01 03:25:00","FX WRAP: Dollar sells off amid month end re-balancing, supporting EUR  "
"2020-04-30 18:59:00","2020-05-01 02:59:00","April IG USD bond volume sets a monthly record at USD 288bln, according to IFR"
"2020-04-30 18:56:00","2020-05-01 02:56:00","Boeing (BA) launches its USD 25bln 7-parter in line with guidance"
"2020-04-30 18:48:00","2020-05-01 02:48:00","Georgia Governor has relaxed month long lockdown orders and will allow all businesses to reopen on Friday"
"2020-04-30 18:34:00","2020-05-01 02:34:00","CRUDE WRAP: WTI (N0) settles USD 2.73 higher at USD 21.85; Brent (M0) expires USD 2.73 higher at USD 25.27/bbl, Brent (N0) settles USD 2.25 higher at USD 26.48/bbl"
"2020-04-30 18:25:00","2020-05-01 02:25:00","Republican Senators introduced a bill to hold businesses accountable to consumers if personal data is used to fight the COVID-19 pandemic"
"2020-04-30 18:22:00","2020-05-01 02:22:00","US International Trade Commission votes that imports of Chinese-made tile harms US producers"
"2020-04-30 18:19:00","2020-05-01 02:19:00","IBM (IBM) launches USD 4bln 4-parter "
"2020-04-30 17:55:00","2020-05-01 01:55:00","Boeing (BA) and Embraer (ERJ) made a clause in their USD 4.2bln agreement that BA could not walk away from the deal in case of a pandemic or if ERJ shares fell, according to a document"
"2020-04-30 17:40:00","2020-05-01 01:40:00","SocGen (GLE FP) to revamp its trading arm after its equities revenue got wiped out this quarter; no decision on job cuts until at least September, according to the FT"
"2020-04-30 17:33:00","2020-05-01 01:33:00","Allianz (ALV GY) Q1 net income view EUR 1.4bln vs prev. 2.0 bln Y/Y, expects operating profit of EUR 2.3bln vs prev. EUR 3.0bln"
"2020-04-30 17:31:00","2020-05-01 01:31:00","Ford (F) executives notes it cannot restart until Michigan reopens its economy for manufacturing, adds it is working to safely restart manufacturing in North America, and that it is ready to restart production in the US after the lock-downs"
"2020-04-30 17:30:00","2020-05-01 01:30:00","Boeing (BA) to sell USD 25bln of bonds across seven tranches"
"2020-04-30 17:21:00","2020-05-01 01:21:00","France COVID-19 death toll rises to 24,376 (prev. 24,087)"
"2020-04-30 17:16:00","2020-05-01 01:16:00","Chinse importers reportedly purchase at least 300k tonnes/5 cargoes of US soybeans for Aug-Sept. shipment, according to traders"
"2020-04-30 16:58:00","2020-05-01 00:58:00","NEC Director Kudlow denies that the US would cancel debt obligations to China, according to CNBC"
"2020-04-30 16:37:00","2020-05-01 00:37:00","UK PM Johnson says austerity certainly will not be part of our approach in rebuilding public finances after the coronavirus pandemic"
"2020-04-30 16:33:00","2020-05-01 00:33:00","Russia has increased Urals oil exports through Baltic ports by 400k tonnes to 4.7mln in May. Rosneft, Lukoil Gazprom Neft reportedly have added oil cargoes to the May loading plan, according to traders"
"2020-04-30 16:30:00","2020-05-01 00:30:00","ADM (ADM) says it thinks China will be increasing its purchases of US agricultural products as we move through the year; says most of its customers are exporting ""a lot"" of their meat to China"
"2020-04-30 16:15:00","2020-05-01 00:15:00","Boeing (BA) 7-tranche USD offering books reach over 57bln"
"2020-04-30 16:09:00","2020-05-01 00:09:00","Italy COVID-19 death toll rises by 285 to 27,967; cases rise by 1,872 to 205,463"
"2020-04-30 16:04:00","2020-05-01 00:04:00","UK COVID-19 cases +3.3% at 171,523 (Prev. +2.5% at 165,221); death toll rises to 26,711 (prev. 26,097); PM Johnson says we have passed the peak and are on a downward slope, adds a comprehensive plan will be released next week on the reopening of the UK"
"2020-04-30 16:02:00","2020-05-01 00:02:00","Bank of Italy says Italian banks are likely to face losses on unlikely to pa loans totalling EUR 65bln at end of 2019, they sold net EUR 28bln in domestic government bonds over the last year and returned to net buyers when market tensions resurfaced"
"2020-04-30 15:55:00","2020-04-30 23:55:00","Brazil Economy Guedes says the central bank could print money and buy domestic debt, monetizing the debt without any inflationary impact; we are attentive to all options"
"2020-04-30 15:52:00","2020-04-30 23:52:00","Boeing (BA) is reportedly said to receive USD 50bln of orders for its bond filing, according to sources"
"2020-04-30 15:50:00","2020-04-30 23:50:00","White House is mulling plans to punish or demand financial compensation from China over COVID-19 handling, according to the Washington Post"
"2020-04-30 15:44:00","2020-04-30 23:44:00","US President Trump confirms the US is planning to fast track the development of a coronavirus vaccine and he is in charge of ""operation warp speed"". Says US does not need to worry about food supply shortages"
"2020-04-30 15:43:00","2020-04-30 23:43:00","US House Speaker Pelosi says state and local governments could need nearly USD 1trln in aid over several years"
"2020-04-30 15:38:00","2020-04-30 23:38:00","Oman Oil Ministry notes it has informed its crude oil term customers of a roughly 30% cut in its July oil allocations"
"2020-04-30 15:37:00","2020-04-30 23:37:00","New York Governor Cuomo says death toll +306 (prev. +330); hospitalizations are now below 12,000 (prev. 12,159)"
"2020-04-30 15:31:00","2020-04-30 23:31:00","Daily FX Wrap: ECB and Fed both in action on the final day of the month"
"2020-04-30 15:30:00","2020-04-30 23:30:00","Mexico's PEMEX stated government support in 2020 totals MXN 156.2bln, which includes tax breaks and budget and pension measures"
"2020-04-30 15:30:00","2020-04-30 23:30:00","EUROPEAN PRELIMINARY CASH EQUITY CLOSES: EURO STOXX 50 (-2.4%) at 2925, FTSE 100 (-3.4%) at 5906, DAX (-2.25%) at 10,858, CAC 40 (-2.1%) at 4572, IBEX 35 (-1.9%) at 6921, FTSE MIB (-2.2%) at 17,672.5, SMI (-2.2%) at 9651.5"
"2020-04-30 15:24:00","2020-04-30 23:24:00","Turkish President Spokesman notes the S-400 deal with Russia has been delayed due to the coronavirus, but it will still go ahead as planned"
"2020-04-30 15:22:00","2020-04-30 23:22:00","Fed to buy USD 11bln Treasury Coupons 2.25 to 4.5 year sector; offer-to-cover 2.51x (prev. 2.26x)"
"2020-04-30 15:11:00","2020-04-30 23:11:00","Atlanta Fed GDPNow initial tracker (Q2): -12.1% "
"2020-04-30 15:10:00","2020-04-30 23:10:00","Mexico's PEMEX says crude processing at its refineries during Q1 averaged 542k BPD"
"2020-04-30 15:06:00","2020-04-30 23:06:00","Fed’s Main Street lending programme will be priced off Libor after feedback from Banks noted they were not ready to use SOFR, adds demand for the loans may be limited by need for repayment"
"2020-04-30 14:47:00","2020-04-30 22:47:00","German Federal Government and states have delayed the decision on reopening schools, kindergartens and the resumption of Bundesliga matches "
"2020-04-30 14:39:00","2020-04-30 22:39:00","Boeing (BA) bond offering is seeing enormous demand, according to CNBC's Faber; notes potential USD 75bln demand for as much as USD 75bln in sales "
"2020-04-30 14:32:00","2020-04-30 22:32:00","Fed to buy USD 3bln Treasury Coupons 20 to 30 year sector; offer-to-cover 2.56x (prev. 2.21x)  "
"2020-04-30 14:17:00","2020-04-30 22:17:00","White House Economic Adviser Hassett expects April Labor Market Report to show unemployment at around 19%, White House will have a plan if the economy doesn't snap back"
"2020-04-30 14:13:00","2020-04-30 22:13:00","Forescout Technologies (FSCT) - Spruce Point is short Co. - believe they could negotiate a 35-50% lower price"
"2020-04-30 14:10:00","2020-04-30 22:10:00","UK's largest banks are being ordered to agree to an industry-wide interest rate of less than 3% on loans handed out under the government’s latest scheme to prevent the collapse of small businesses, according to Sky News"
"2020-04-30 14:00:00","2020-04-30 22:00:00","Fed is creating a third loan option with more risk sharing by lenders, lowering minimum loan size to USD 500k from USD 1mln, expanding scope and eligibility for ""main street lending"" programme"
"2020-04-30 13:56:00","2020-04-30 21:56:00","US EQUITY OPEN: Indices open lower although NDX marginally higher thanks to gains in MSFT, TSLA & FB post earnings"
"2020-04-30 13:49:00","2020-04-30 21:49:00","ECB GBP 1.5bln 20yr+ buyback: O/C 2.19x (Prev. 2.24x)"
"2020-04-30 13:47:00","2020-04-30 21:47:00","ANALYSIS: US weekly initial jobless claims lower for the fourth straight week; may be mid-June before claims fall beneath 1mln, Pantheon Macroeconomics says"
"2020-04-30 13:47:00","2020-04-30 21:47:00","ANALYSIS: US weekly initial jobless claims lower for the fourth straight week; may be mid-June before claims fall beneath 1mln, Pantheon Macroeconomics says"
"2020-04-30 13:41:00","2020-04-30 21:41:00","ANALYSIS: US consumer spending froze in March; April likely to be even worse, Oxford Economics says"
"2020-04-30 13:36:00","2020-04-30 21:36:00","Corporate USD issuance deluge as companies emerge from the other side of earnings:"
"2020-04-30 13:28:00","2020-04-30 21:28:00","Additional US Equity Stories: AAL, TPR, PCG, MCD"
"2020-04-30 13:25:00","2020-04-30 21:25:00","ECB PRESS CONFERENCE [ROLLING HEADLINE]"
"2020-04-30 13:24:00","2020-04-30 21:24:00","ECB President Lagarde says it did not discuss extending PELTRO beyond banks, though she again reiterated the ECB's flexibility, and did not rule out lending to non-banks in the future, citing extraordinary times"
"2020-04-30 13:24:00","2020-04-30 21:24:00","Intel (INTC) has launched its S-Series family of microprocessors targeted at gaming machines, increasing competition with AMD (AMD), according to Venture Beat"
"2020-04-30 13:21:00","2020-04-30 21:21:00","ECB President Lagarde, when asked about junk bonds, says did not discuss buying junk bonds under APP"
"2020-04-30 13:20:00","2020-04-30 21:20:00","McDonald's (MCD) says it is not seeing a V shape recovery in China, pace has been slow, although business trends are improving"
"2020-04-30 13:19:00","2020-04-30 21:19:00","FDA Head says it is moving at “lighting speed” on Gilead’s (GILD) remdesivir"
"2020-04-30 13:19:00","2020-04-30 21:19:00","ECB's Lagarde says it will apply the same detail on PEPP as it does on APP, but every two months; says ECB will not tolerate any risk of fragmentation"
"2020-04-30 13:13:00","2020-04-30 21:13:00","ECB President Lagarde, asked about YCC, says the combination of tools the ECB is currently using enables it to operate across the entire curve; but says ECB will use all flexibility that it has"
"2020-04-30 13:12:00","2020-04-30 21:12:00","Fixed and FX update: US data largely shrugged off in favour of Lagarde"
"2020-04-30 13:07:00","2020-04-30 21:07:00","ECB President Lagarde, when asked about the OMT, says PEPP programme is more suited to the current situation; PEPP is a stand-alone, exceptional programme which is targeted, temporary and flexible; GC might extend PEPP beyond end-2020"
"2020-04-30 13:05:00","2020-04-30 21:05:00","ECB President Lagarde, when asked about whether discussing junk bonds was discussed at the meeting, says the APP was not discussed "
"2020-04-30 13:03:00","2020-04-30 21:03:00","Newsquawk Daily US Equity Opening News - 30th April 2020"
"2020-04-30 12:49:00","2020-04-30 20:49:00","BoE GBP 1.5bln 7-20 year buyback: O/C 3.24x (Prev. 3.68x)"
"2020-04-30 12:48:00","2020-04-30 20:48:00","US House Speaker Pelosi says USD 500bln in prospective congressional aid to states would cover 3-4 years"
"2020-04-30 12:42:00","2020-04-30 20:42:00","ECB President Lagarde says GC remains fully committed to doing everything in its mandate to support citizens through this challenging time; reiterates ECB stands ready to adjust PEPP and all instruments as necessary"
"2020-04-30 12:41:00","2020-04-30 20:41:00","UK PM Johnson spokesperson says after a scientific update to the government, we don't want to relax social distancing measures in any way that could lead to an exponential spread of COVID-19 again"
"2020-04-30 12:40:00","2020-04-30 20:40:00","ECB President Lagarde says ECB will continue PEPP purchases until COVID-19 crisis phase is over, but in any case, until the end of 2020"
"2020-04-30 12:39:00","2020-04-30 20:39:00","UK source close to UK Brexit team says the team is quite positive about future talks and thinks progress can be made; if Brussels continues to insist on level playing field and fisheries that will never be accepted"
"2020-04-30 12:38:00","2020-04-30 20:38:00","ECB President Lagarde says PELTROs will comprise of seven refinancing operations from May 2020, maturing in a staggered manner from July-Sep 2021; will be carried out as fixed rate tendered operations, full allotment"
"2020-04-30 12:36:00","2020-04-30 20:36:00","ECB President Lagarde repeats call for joint and coordinated policy actions between monetary and fiscal authorities"
"2020-04-30 12:34:00","2020-04-30 20:34:00","ECB President Lagarde says Europe facing a recession of unprecedented magnitude; GDP could fall between 5-12% this year, depending on duration of containment measures and policies to mitigate the consequences; speed of recovery is uncertain"
"2020-04-30 12:29:00","2020-04-30 20:29:00","US Treasury Secretary Mnuchin says G7 finance ministers held a call today to discuss COVID-19 responses, according to a statement; discussed strategies to accelerate economic activity one economies reopen in-line with necessary health and safety measures"
"2020-04-30 12:26:00","2020-04-30 20:26:00","Fixed and FX latest: Bunds cheer new ECB efforts, but BTPs unimpressed"
"2020-04-30 12:10:00","2020-04-30 20:10:00","WATCH: Press conference with ECB President Lagarde to start at 1430 CEST/1330 BST"
"2020-04-30 12:08:00","2020-04-30 20:08:00","Boeing (BA) announces new 7-part USD bond offering across 3-, 5-, 7-, 10-, 20-, 30-, and 40-year maturities"
"2020-04-30 12:06:00","2020-04-30 20:06:00","AstraZeneca (AZN LN) says it is to start vaccine clinical trials with Oxford University with healthy volunteers ""very very soon"""
"2020-04-30 12:00:00","2020-04-30 20:00:00","Kellogg Co (K) Q1 20 (USD): Adj. EPS 0.99 (exp. 0.95), Revenue 3.41bln (exp. 3.39bln). "
"2020-04-30 11:48:00","2020-04-30 19:48:00","ECB ONE-LINER: keeps policy settings unchanged, but reiterates willingness to do more; makes TLTRO conditions more favourable, launches new PLTRO"
"2020-04-30 11:45:00","2020-04-30 19:45:00","ECB STATEMENT: Governing Council is fully prepared to increase the size of the PEPP and adjust its composition, by as much as necessary and for as long as needed; Ready to adjust all of its instruments, as appropriate"
"2020-04-30 11:37:00","2020-04-30 19:37:00","Lufthansa (LHA GY) - German gov't has set out a unified stance regarding a 25% stake in the Co"
"2020-04-30 11:34:00","2020-04-30 19:34:00","South Africa Treasury says the labour force will work 25-40% fewer hours due to COVID-19 lockdown"
"2020-04-30 11:30:00","2020-04-30 19:30:00","American Airlines Group Inc. (AAL) Q1 20 (USD): Adj. EPS -2.65 (exp. -2.20), Revenue 8.52bln (exp. 10.29bln). Co has 6.8bln of available liquidity; expects to have 11.8bln by the end of Q2"
"2020-04-30 11:30:00","2020-04-30 19:30:00","Intercontinental Exchange Inc (ICE) Q1 20 (USD): Adj. EPS 1.28 (exp. 1.24), Revenue 1.6bln (exp. 1.55bln)."
"2020-04-30 11:23:00","2020-04-30 19:23:00","China State Planner says China is piloting Real Estate Investment Trusts in the infrastructure sector"
"2020-04-30 11:20:00","2020-04-30 19:20:00","Global fund managers recommend increasing bond holdings, cut stocks; see U-shaped recovery, according to a Reuters Poll"
"2020-04-30 11:18:00","2020-04-30 19:18:00","South African National Treasury sees 2020 contraction of 5.8% and 4% growth in 2021, according to a presentation to Parliament's Finance Committee"
"2020-04-30 11:18:00","2020-04-30 19:18:00","US PRE-MARKET MACRO: Big tech earnings supportive; AAPL, AMZN after market; Energy sector in focus; Ahead, jobless claims, PCE, ECB eyed"
"2020-04-30 11:18:00","2020-04-30 19:18:00","South African Treasury forecasts economic growth to fall by 5.8% in 2020 and grow by 4% in 2021"
"2020-04-30 11:16:00","2020-04-30 19:16:00","Baxter International Inc (BAX) Q1 20 (USD): EPS 0.64 (exp. 0.72), Revenue 2.8bln (exp. 2.75bln)."
"2020-04-30 11:05:00","2020-04-30 19:05:00","Kraft Heinz Co (KHC) Q1 20 (USD): Adj EPS 0.58 (exp. 0.55), Revenue 6.2bln (exp. 6.14bln); declares dividend of 0.40/shr (unchanged)"
"2020-04-30 11:01:00","2020-04-30 19:01:00","Altria Group Inc (MO) Q1 20 (USD): Adj. EPS 1.09 (exp. 0.98), Revenue 6.4bln (exp. 4.61bln); Withdraws guidance"
"2020-04-30 11:01:00","2020-04-30 19:01:00","Twitter (TWTR) Q1 2020 (USD): EPS -0.01 (exp. 0.10); Revenue 0.81bln (exp. 0.78bln); does not provide guide for Q2"
"2020-04-30 11:01:00","2020-04-30 19:01:00","Comcast Corp (CMCSA) Q1 20 (USD): EPS 0.71 (exp. 0.68), Revenue 26.61bln (exp. 26.75bln). FY EPS view  (exp. 2.53); total customers +23.7% to 371k"
"2020-04-30 11:00:00","2020-04-30 19:00:00","ConocoPhillips (COP) Q1 20 (USD): Adj. EPS 0.45 (exp. 0.23), Revenue  (exp. 6.3bln). Ended quarter with 14bln of liquidity, including 6bln of available credit facility "
"2020-04-30 11:00:00","2020-04-30 19:00:00","Marsh & McLennan Companies Inc (MMC) Q1 20 (USD): Adj EPS 1.64 (exp. 1.57), Revenue 4.7bln (exp. 4.68bln)"
"2020-04-30 11:00:00","2020-04-30 19:00:00","PRIMER: US Personal income, spending, PCE due at 0830 ET/1330 BST; downside expected as lockdowns came into effect"
"2020-04-30 11:00:00","2020-04-30 19:00:00","ConocoPhillips (COP) Q1 20 (USD): Adj. EPS 0.45 (exp. 0.23), Revenue  (exp. 6.3bln). Ended quarter with 14bln of liquidity, including 6bln of available credit facility "
"2020-04-30 11:00:00","2020-04-30 19:00:00","Marsh & McLennan Companies Inc (MMC) Q1 20 (USD): Adj EPS 1.64 (exp. 1.57), Revenue 4.7bln (exp. 4.68bln)"
"2020-04-30 11:00:00","2020-04-30 19:00:00","PRIMER: US Initial Jobless Claims due at 0830 ET/1330 BST; Street sees weekly claims lower for the fourth straight week"
"2020-04-30 11:00:00","2020-04-30 19:00:00","PRIMER: US Personal income, spending, PCE due at 0830 ET/1330 BST; downside expected as lockdowns came into effect"
"2020-04-30 10:58:00","2020-04-30 18:58:00","Mcdonald's Corp (MCD) Q1 20 (USD): EPS 1.47 (exp. 1.57), Revenue 5.02bln (exp. 4.65bln). "
"2020-04-30 10:52:00","2020-04-30 18:52:00","Newsquawk Daily US Opening News - 30th April 2020"
"2020-04-30 10:47:00","2020-04-30 18:47:00","Newsquawk EU Mid Session: Stocks slip, crude climbs and bonds brace for ECB - 30th April 2020"
"2020-04-30 10:41:00","2020-04-30 18:41:00","Fixed Income: debt extension ahead of ECB"
"2020-04-30 10:39:00","2020-04-30 18:39:00","FX Morning Colour: residual rebalancing, repellent option expiry and ECB event risk"
"2020-04-30 10:31:00","2020-04-30 18:31:00","Southern Co (SO) Q1 20 (USD): EPS 0.78 (exp. 0.71), Revenue 5.02bln (exp. 5.45bln). "
"2020-04-30 10:30:00","2020-04-30 18:30:00","KEY METRICS: Visa (V) Q2 2020 report due at 1605 ET/2105 BST (after market)"
"2020-04-30 10:30:00","2020-04-30 18:30:00","IDEXX Laboratories Inc (IDXX) Q1 20 (USD): EPS 1.29 (exp. 1.20), Revenue 626mln (exp. 617mln). "
"2020-04-30 10:30:00","2020-04-30 18:30:00","Eaton Corporation PLC (ETN) Q1 20 (USD): EPS 1.07 (exp. 1.07), Revenue 4.8bln (exp. 4.83bln); withdraws FY EPS guidance"
"2020-04-30 10:30:00","2020-04-30 18:30:00","KEY METRICS: Amazon (AMZN) Q1 2020 report due at 1600 ET/2100 BST (after market)"
"2020-04-30 10:11:00","2020-04-30 18:11:00","Newsquawk Central Banks - PREVIEW: ECB policy announcement due Thursday 30th April"
"2020-04-30 10:00:00","2020-04-30 18:00:00","Dow Inc (DOW) Q1 20 (USD): Oper EPS 0.59 (exp. 0.58) excludes significant items totalling 0.27/shr, Revenue 9.8bln (exp. 9.73bln)"
"2020-04-30 10:00:00","2020-04-30 18:00:00","BoE allot nothing in their contingent term repo operation"
"2020-04-30 10:00:00","2020-04-30 18:00:00","Willis Towers Watson PLC (WLTW) Q1 20 (USD): EPS 3.34 (exp. 3.13), Revenue 2.5bln (exp. 2.48bln)"
"2020-04-30 10:00:00","2020-04-30 18:00:00","KEY METRICS: Apple (AAPL) Q2 2020 report due at 1630 ET/2130 BST (after market)"
"2020-04-30 10:00:00","2020-04-30 18:00:00","Cigna Corp (CI) Q1 20 (USD): EPS Adj. from Ops 4.69 (exp. 4.35), Revenue 38.47bln (exp. 37.18bln)."
"2020-04-30 09:55:00","2020-04-30 17:55:00","Continental (CON GY) - decided not to present their planned spin-off of Vitesco at the FY20 AGM given current environment "
"2020-04-30 09:53:00","2020-04-30 17:53:00","Japanese Economy Minister is to hold a meeting with experts on COVID-19 on Friday to consult on whether to expand the state of emergency"
"2020-04-30 09:43:00","2020-04-30 17:43:00","Generali (G IM) - Chairman says they approved dividend payment in two tranches"
"2020-04-30 09:30:00","2020-04-30 17:30:00","KEY METRICS: Comcast (CMCSA) Q1 2020 report due at 0700 ET/1200 BST"
"2020-04-30 09:30:00","2020-04-30 17:30:00","Daily Fed planned Treasury/TIPS purchase amounts and schedules, 30th April 2020"
"2020-04-30 09:30:00","2020-04-30 17:30:00","KEY METRICS: Twitter (TWTR) Q1 2020 report due at 0700 ET/1200 BST"
"2020-04-30 09:30:00","2020-04-30 17:30:00","KEY METRICS: McDonalds (MCD) Q1 2020 report due at 0700 ET/1200 BST"
"2020-04-30 09:24:00","2020-04-30 17:24:00","Japanese gov't is to create a fund with up to JPY 1tln set aside for capital injections for SMEs, Nikkei reports"
"2020-04-30 09:21:00","2020-04-30 17:21:00","Shell (RDSA LN) - Over time, will be looking at redundancies as well as resizing sections of the Co. "
"2020-04-30 09:15:00","2020-04-30 17:15:00","easyJet (EZJ LN) -  Lawyers acting for the founder of Co. (34% ownership) have written to the Co's board, accusing it of failing to convene a valid general meeting next month under Companies Act requirement, Sky news reports"
"2020-04-30 09:09:00","2020-04-30 17:09:00","Thyssenkrupp (TKA GY) - Co. is to receive state aid in excess of EUR 1bln, according to Handelsblatt"
"2020-04-30 09:08:00","2020-04-30 17:08:00","Shell (RDSA LN) CEO says the Co. will only lower production if it is legally mandated to in a specific country"
"2020-04-30 09:01:00","2020-04-30 17:01:00","Spain's coronavirus deaths rise by 268 to 24,543 (Prev. 24,275), according to the Health Ministry "
"2020-04-30 09:01:00","2020-04-30 17:01:00","Volkswagen (VOW3 GY) -  Q1 brand deliveries -25.1% at 1.1mln vehicles; Brand sales -11.9% YY at around EUR 19bln; Q1 operating profit -47.7% YY at EUR 481mln"
"2020-04-30 09:00:00","2020-04-30 17:00:00","BoE allots USD 0 in its 7-day USD operation (Prev. USD 1.7bln)"
"2020-04-30 08:48:00","2020-04-30 16:48:00","Italian PM Conte says the government will work with regions so that they can ease coronavirus restrictions, depending on local conditions "
"2020-04-30 08:32:00","2020-04-30 16:32:00","Swedish government is to provide financial support for revenues lost due to COVID-19; support will total SEK 39bln"
"2020-04-30 08:30:00","2020-04-30 16:30:00","Norwegian gov't has proposed measures to stimulate investments by the energy industry - will propose significant tax measures to secure oil industry activity"
"2020-04-30 08:15:00","2020-04-30 16:15:00","CBRT Governor says situations may arise in which the Central Bank cannot handle solely with interest rates, CBRT values the stability of exchange rates"
"2020-04-30 08:13:00","2020-04-30 16:13:00","Nissan (7201 JT) Chinese vehicle sales bounced back in April after a 45% decline in March, according to sources; April saw a decline of ""just a few percent"" on a Y/Y basis"
"2020-04-30 08:11:00","2020-04-30 16:11:00","Japan's PM has reportedly decided to extend the deadline, originally May 6th, for deciding upon an extension to the deceleration of emergency, Kyodo"
"2020-04-30 08:06:00","2020-04-30 16:06:00","German Public Health Ministry estimates the R0 for COVID-19 in Germany at 0.76"
"2020-04-30 07:58:00","2020-04-30 15:58:00","CBRT Governor says the Central Bank is in discussions with several other Central Banks on swap lines - cannot give details at present"
"2020-04-30 07:55:00","2020-04-30 15:55:00","German Labour Office says firms' demand for new employees has completely collapsed; 751k requests for short-time work for a total of 10.1mln people were made between March-April 26th, this does not mean all these people will end up on the scheme"
"2020-04-30 07:47:00","2020-04-30 15:47:00","CBRT forecasts 2020 year-end inflation mid-point at 7.4% (Prev. 8.2%), 2021 seen at 5.4% (Prev. 5.4%)"
"2020-04-30 07:44:00","2020-04-30 15:44:00","Gilts and Short Sterling strip somewhat side-lined and indecisive"
"2020-04-30 07:41:00","2020-04-30 15:41:00","AstraZeneca (AZN LN) CEO says it should have a good idea in June or July whether its COVID-19 vaccine works; any vaccine would be provided at cost "
"2020-04-30 07:24:00","2020-04-30 15:24:00","Tokyo has 46 new cases of COVID-19, according to media reports "
"2020-04-30 07:15:00","2020-04-30 15:15:00","Chinese MOFCOM spokesman urges US to stop abusing the concept of national security and mobilise national power to crack down on Chinese companies"
"2020-04-30 07:06:00","2020-04-30 15:06:00","EU movers: Safran (SAF FP) +5.4%, Wirecard (WDI GY) +5.4%, Lagardere (MMB FP) +4.2%, Nokia (NOKIA FH) +3.4%, Sainsburys (SBRY LN) +2.1%, Orange (ORA FP) +1.1%, BBVA (BBVA SM) -5.1%, Socgen (GLE FP) -3.6%, Shell (RDSA LN) -2.4%, Lloyds (LLOY LN) -1.5%"
"2020-04-30 07:06:00","2020-04-30 15:06:00","EU movers: Safran (SAF FP) +5.4%, Wirecard (WDI GY) +5.4%, Lagardere (MMB FP) +4.2%, Nokia (NOKIA FH) +3.4%, Sainsburys (SBRY LN) +2.1%, Orange (ORA FP) +1.1%, BBVA (BBVA SM) -5.1%, Socgen (GLE FP) -3.6%, Shell (RDSA LN) -2.4%, Lloyds (LLOY LN) -1.5%"
"2020-04-30 07:01:00","2020-04-30 15:01:00","German Chancellor Merkel's Chief of Staff says social distancing measures will ""certainly"" be extended until 10th May, via Bild Newspaper"
"2020-04-30 06:59:00","2020-04-30 14:59:00","Bunds: back in the ascendency as April draws to a close"
"2020-04-30 06:55:00","2020-04-30 14:55:00","Russia is said to be considering a money-printing mechanism to support bond purchases"
"2020-04-30 06:49:00","2020-04-30 14:49:00","Additional European Equity News"
"2020-04-30 06:30:00","2020-04-30 14:30:00","UK DMO says it will hold 49 Gilt auctions between May and July this year alongside two Gilt syndications in May and one in June"
"2020-04-30 06:19:00","2020-04-30 14:19:00","UK Justice Minister Buckland says you will not be hearing specific detail regarding lockdown easing later today"
"2020-04-30 06:10:00","2020-04-30 14:10:00","AstraZeneca (AZN LN) – Co. and Oxford Uni announce landmark agreement for a COVID-19 vaccine, aims to secure CHADOX1 vaccine potential to patients. Co. would, under this agreement, be responsible for the worldwide manufacturing and distribution. "
"2020-04-30 05:56:00","2020-04-30 13:56:00","Major FX expiry options for today's NY cut"
"2020-04-30 05:49:00","2020-04-30 13:49:00","Daily European Equity Opening News"
"2020-04-30 05:20:00","2020-04-30 13:20:00","Newsquawk Daily European Opening News - 30th April 2020"
"2020-04-30 05:00:00","2020-04-30 13:00:00","Singapore Business Expectations (Q1) -56.00 (Prev. -12.00)"
"2020-04-30 05:00:00","2020-04-30 13:00:00","Japanese Annualized Housing Starts (Mar) 905K (Prev. 871K)"
"2020-04-30 04:51:00","2020-04-30 12:51:00","ASIA-PAC MARKET WRAP: Asia stocks gained ahead of the extended weekend and as coronavirus treatment hopes helped overlook mixed Chinese PMIs"
"2020-04-30 04:47:00","2020-04-30 12:47:00","RBNZ removes Loan to Value Ratio restriction for 12 months effective May 1st"
"2020-04-30 04:23:00","2020-04-30 12:23:00","Gilead (GILD) is reportedly likely to announce voluntary licence agreement with Dr. Reddy's (DRRD IS) to produce generic versions of Remdesivir for COVID-19 treatment"
"2020-04-30 04:05:00","2020-04-30 12:05:00","Japanese Vehicle Production (Feb) Y/Y -11.0% (Prev. -3.5%)"
"2020-04-30 04:02:00","2020-04-30 12:02:00","IEA's Birol warns that global oil storage could be full by mid-June and calls on OPEC+ countries to consider more cuts"
"2020-04-30 03:51:00","2020-04-30 11:51:00","Reports note 2 blocks trade for total 2.38mln shares in Tata Motors (TTMT IS) "
"2020-04-30 03:50:00","2020-04-30 11:50:00","Virgin Australia (VAH AT) administrator says talks in progress with 12 parties and there are binding offers due in June"
"2020-04-30 03:28:00","2020-04-30 11:28:00","PRE-MARKET INDIAN STOCK NEWS: India’s Chief Economic Adviser said they are working on an economic package with details coming soon"
"2020-04-30 03:19:00","2020-04-30 11:19:00","Japan Exchange (8697 JT) FY net JPY 47.6bln vs. Prev. JPY 49.1bln Y/Y"
"2020-04-30 03:18:00","2020-04-30 11:18:00","Mitsui Osk Lines (9104 JT) FY net JPY 32.6bln vs. Prev. JPY 26.9bln Y/Y"
"2020-04-30 03:18:00","2020-04-30 11:18:00","China Railway Group (601390 CH) receives CNY 15.3bln in construction projects"
"2020-04-30 03:01:00","2020-04-30 11:01:00","ASIA-PAC MID-SESSION UPDATE: Asia stocks gain ahead of the extended weekend and as coronavirus treatment hopes help overlook mixed Chinese PMIs"
"2020-04-30 02:50:00","2020-04-30 10:50:00","China Transport Ministry spokesperson says they have a pool of transport projects with total investment of CNY 800bln"
"2020-04-30 02:05:00","2020-04-30 10:05:00","Singapore Bank Lending (Mar) 692.4B (Prev. 692.8B)"
"2020-04-30 01:59:00","2020-04-30 09:59:00","China cancels annual Boao forum due to coronavirus, accrdoing to state media"
"2020-04-30 01:45:00","2020-04-30 09:45:00","Chinese Caixin Manufacturing PMI (Apr) 49.4 vs. Exp. 50.3 (Prev. 50.1)"
"2020-04-30 01:18:00","2020-04-30 09:18:00","RBA does not offer to purchase bonds today"
"2020-04-30 01:16:00","2020-04-30 09:16:00","South Korea report no new domestic coronavirus cases for the first time since peak in February"
"2020-04-30 01:15:00","2020-04-30 09:15:00","PBoC skips open market operations and are net neutral on the day"
"2020-04-30 01:15:00","2020-04-30 09:15:00","PBoC sets USD/CNY mid-point at 7.0571 vs. Exp. 7.0618 (Prev. 7.0707)"
"2020-04-30 01:12:00","2020-04-30 09:12:00","PRE-MARKET CHINESE STOCK NEWS: Earnings releases Bank of China, PetroChina and Sinopec, Mixed Chinese PMIs, Hong Kong holiday"
"2020-04-30 01:00:00","2020-04-30 09:00:00","Chinese Non-Manufacturing PMI (Apr) 53.2 vs. Exp. 52.5 (Prev. 52.3)"
"2020-04-30 01:00:00","2020-04-30 09:00:00","Chinese Composite PMI (Apr) 53.4 (Prev. 53.0)"
"2020-04-30 00:42:00","2020-04-30 08:42:00","AFP tweets there were 2502 deaths in US over the last 24 hours, citing the Johns Hopkins tracker"
"2020-04-30 00:40:00","2020-04-30 08:40:00","PRE-MARKET TAIWAN AND SINGAPORE STOCK NEWS: DBS (DBS SP) Q1 net fell 29% Y/Y to SGD 1.17bln"
"2020-04-30 00:39:00","2020-04-30 08:39:00","New York Post writes US President Trump will not extend federal social distancing guidelines expiring April 30th as states have dealt their own restrictions"
"2020-04-30 00:28:00","2020-04-30 08:28:00","PBoC is expected to set USD/CNY mid-point at 7.0618, according to a major newswire estimate"
"2020-04-30 00:21:00","2020-04-30 08:21:00","AP Eagers (APE AT) reduced workforce by 1200 in March amid coronavirus "
"2020-04-30 00:20:00","2020-04-30 08:20:00","IOOF (IFL AT) Q1 FUM rose to AUD 195.6bln vs. Prev. 145.7bln"
"2020-04-30 00:16:00","2020-04-30 08:16:00","BHP (BHP AT) CEO says to look at deferring some projects and could back some small petroleum projects, adds will be watching for M&A"
"2020-04-30 00:16:00","2020-04-30 08:16:00","PBoC will reportedly offer long term funding through RRR and MLF next month, according to Chinese press"
"2020-04-30 00:15:00","2020-04-30 08:15:00","Mainland China reports 4 additional coronavirus cases and 0 additional deaths on April 29th vs. 22 additional cases and 0 deaths on April 28th"
"2020-04-30 00:07:00","2020-04-30 08:07:00","US President Trump says China will do anything they can for him to lose 2020 election and the US is looking at different options regarding consequences for China for its handling of coronavirus crisis, while Trump suggests he can do alot"
"2020-04-30 00:03:00","2020-04-30 08:03:00","Asia equity markets take impetus from Wall St where sentiment was underpinned by coronavirus treatment hopes after encouraging preliminary results related to Gilead's Remdesivir and amid inspiring tech earnings, focus now shifts to looming Chinese PMIs"