"gmt_time","hk_time","subject"
"2020-02-25 23:52:00","2020-02-26 07:52:00","Brazil's Health Ministry says a man has tested positive for coronavirus in an initial test, but they're waiting for results from a 2nd test. If confirmed. it would be South America's first case, according to BNO Newswroom"
"2020-02-25 23:37:00","2020-02-26 07:37:00","China ‘fully expected’ to meet trade deal terms despite coronavirus, top US officials say, reports ⁦"
"2020-02-25 23:29:00","2020-02-26 07:29:00","A source familiar with the Hong Kong government’s position said a cash handout of some sort was inevitable given mounting pressure from all sides, though details were still being hammered out by Finance Minister Chan’s inner circle early this week"
"2020-02-25 23:26:00","2020-02-26 07:26:00","PRE-MARKET JAPANESE AND SOUTH KOREAN STOCK NEWS: ANA (9202 JT) – Co. will suspend flights between Kansai International Airport in Osaka and China amid hampered traffic due to the outbreak. (Nikkei)"
"2020-02-25 23:13:00","2020-02-26 07:13:00","Britain is to launch mass coronavirus tests amid fears that the spike in numbers in Europe means that there could be far more cases in the UK than are known about, via Telegraph"
"2020-02-25 22:37:00","2020-02-26 06:37:00","Fed's Kaplan (Voter, Dove) says events are still too fluid around the coronavirus outbreak to say the Fed needs to lower short-term rates, as many in financial markets now think is likely, WSJ "
"2020-02-25 22:37:00","2020-02-26 06:37:00","Fed's Kaplan (Voter, Dove) says events are still too fluid around the coronavirus outbreak to say the Fed needs to lower short-term rates, as many in financial markets now think is likely, WSJ "
"2020-02-25 22:34:00","2020-02-26 06:34:00","PRE-MARKET AUSTRALIAN STOCK NEWS: Woolworths (WOW AT) – H1 net AUD 979mln vs. Prev. AUD 902mln. EBIT AUD 1.89bln vs. Prev. AUD 1.42bln. Revenue AUD 32.4bln. (Newswires) "
"2020-02-25 22:32:00","2020-02-26 06:32:00","A second coronavirus case has been reported in Africa, tests indicate an Italian adult who arrived in the country on 17 February has tested positive, according to WHO Africa"
"2020-02-25 22:18:00","2020-02-26 06:18:00","Chevron (CVX) has reportedly asked staff in London to work from home after an employee was tested for coronavirus - although an infection has not been confirmed, according to sources"
"2020-02-25 22:07:00","2020-02-26 06:07:00","Madrid reports first case of coronavirus, 5th case in Spain in 24 hours, BNO Newswroom"
"2020-02-25 22:05:00","2020-02-26 06:05:00","Sources note of some discussions  in White House about whether to declare national emergency under Stafford Act to deal with coronavirus, but hasn’t yet been seriously considered, per those close to the discussions, according to Bloomberg News' Jacobs"
"2020-02-25 21:56:00","2020-02-26 05:56:00","San Francisco Mayor has declared a state of emergency to prepare for the coronavirus, no confirmed cases of the virus in San Francisco yet, according to SF Chronicles "
"2020-02-25 21:54:00","2020-02-26 05:54:00","ASIAN DAILY ECONOMIC RELEASE CALENDAR IS AVAILABLE IN THE RESEARCH SECTION OF THE WEBSITE: Highlights include Japanese BoJ Core CPI"
"2020-02-25 21:47:00","2020-02-26 05:47:00","DAILY ASIA-PAC OPENING NEWS"
"2020-02-25 21:38:00","2020-02-26 05:38:00","US Private Inventory Crude Stocks (w/e 21st Feb) +1.3mln (exp. +2.0mln, prev. +4.2mln)"
"2020-02-25 21:19:00","2020-02-26 05:19:00","Newsquawk US Market Wrap - 25th February 2020: No reprieve for risk assets as COVID-19 sinks its teeth"
"2020-02-25 21:09:00","2020-02-26 05:09:00","Disney (DIS) has named Bob Chapek, current Chairman of Parks, Experiences and Products as its new CEO, exisiting CEO Robert Iger will move to Executive Chairman"
"2020-02-25 21:05:00","2020-02-26 05:05:00","Salesforce.Com Inc (CRM) Q4 19 (USD): Adj. EPS 0.66 (exp. 0.56), Revenue 4.85bln (exp. 4.75bln). Raises FY21 revenue guidance to 21-21.1bln (prev. 20.8-20.9bln) "
"2020-02-25 21:00:00","2020-02-26 05:00:00","CoStar Group Inc (CSGP) Q4 19 (USD): EPS 2.82 (exp. 2.62), Revenue 375mln (exp. .36bln)."
"2020-02-25 20:33:00","2020-02-26 04:33:00","US Private Inventory Expectations (bbls): Crude stocks +2mln, Distillates -1.7mln and Gasoline -2.2mln. "
"2020-02-25 20:26:00","2020-02-26 04:26:00","FDA Commissioner Hahn noted the coronavirus outbreak will likely disrupt medical supply chain in the US, including potential shortages"
"2020-02-25 20:22:00","2020-02-26 04:22:00","US-T-NOTE FUTURES (H20) SETTLE 15 TICKS HIGHER AT 133.04"
"2020-02-25 20:18:00","2020-02-26 04:18:00","Fed's Clarida (Voter) says Fed looks at a very broad range of financial data, not just stock markets"
"2020-02-25 20:18:00","2020-02-26 04:18:00","CDC official says it is no longer a question of if a coronavirus pandemic will happen, but when it will happen, but the immediate risk to the US remains low. NHC's Fauci noted a possible vaccine could face human trial in a month and a half"
"2020-02-25 20:12:00","2020-02-26 04:12:00","US Democratic Primary Presidential Candidate Poll via Reuters/Ipsos: Sanders has an 11% lead among registered democrats and independent voters"
"2020-02-25 20:06:00","2020-02-26 04:06:00","First reported COVID-19 case in Southwestern German region Baden-Wuerttemberg, according to local government statement; indivdual recently returned from Milan, Italy"
"2020-02-25 20:00:00","2020-02-26 04:00:00","Fed's Clarida says US economy and monetary policy are in a good place, says it is still too soon to speculate on whether the coronavirus will lead to a material change in US economic outlook, noting the Fed is closely monitoring the outbreak"
"2020-02-25 19:55:00","2020-02-26 03:55:00","WATCH LIVE: US health officials hold news briefing on coronavirus outbreak at 20:00 GMT / 15:00 ET"
"2020-02-25 19:45:00","2020-02-26 03:45:00","Shell (RDS.A LN) reported working activities at its Deer Park, Texas refinery (340k BPD), which could cause flaring"
"2020-02-25 19:32:00","2020-02-26 03:32:00","WTI (J0) settles USD 1.53 lower at USD 49.90/bbl; Brent (J0) settles USD 1.35 lower at USD 54.95/bbl"
"2020-02-25 19:00:00","2020-02-26 03:00:00","Fed Discount Rate Minutes: All 12 banks voted to keep the discount rate unchanged and would keep it such barring a material change to the US outlook"
"2020-02-25 18:58:00","2020-02-26 02:58:00","NEC Director Kudlow says further COVID-19 travel restrictions are being considered but no decision has been made"
"2020-02-25 18:47:00","2020-02-26 02:47:00","IPC state electronics manufacturers expect at least a 5-week product shipment delay from suppliers as a result of the coronavirus"
"2020-02-25 18:47:00","2020-02-26 02:47:00","US NEC Director Kudlow, when asked if China can make its commitments to the US now its economy is struggling, says it is so far only struggling in Q1 and will see what happens after then"
"2020-02-25 18:42:00","2020-02-26 02:42:00","US NEC Director Kudlow says he ha not heard any talk of possible FOMC rate cuts, publicly or privately - from CNBC interview "
"2020-02-25 18:32:00","2020-02-26 02:32:00","US NEC Director Kudlow says the US is ahead of the curve laying out emergency plans for COVID-19; doesn't believe it will be an economic tragedy ""at all"" - from CNBC interview"
"2020-02-25 18:18:00","2020-02-26 02:18:00","Iovance Biotherapeutics (IOVA) is reportedly mulling a potential sale"
"2020-02-25 18:18:00","2020-02-26 02:18:00","US 10-year Treasury Note yield falls below its record low of 1.321%"
"2020-02-25 18:06:00","2020-02-26 02:06:00","FAA is mandating a new safety fixes before Boeing (BA) 737 MAX jets can unground, targeting assembly-line lapses that could cause engine power loss in the event of lightning, according to WSJ"
"2020-02-25 18:05:00","2020-02-26 02:05:00","Eleventh reported death in Northern Italy from COVID-19"
"2020-02-25 18:02:00","2020-02-26 02:02:00","US sells USD 40bln of 2-year Notes, tails by 1.6bps"
"2020-02-25 17:56:00","2020-02-26 01:56:00","French health official announces two new confirmed COVID-19 cases in France"
"2020-02-25 17:45:00","2020-02-26 01:45:00","PREVIEW: US to sell USD 40bln of 2-year Notes at 13:00 EST / 18:00 GMT"
"2020-02-25 17:31:00","2020-02-26 01:31:00","Exxon's (XOM) Baton-Rouge, Louisiana refinery (502k BPD) is restarting its small crude unit, according to sources"
"2020-02-25 17:22:00","2020-02-26 01:22:00","Mexico's Finance Minister says the government is focused on reactivating the economy, noting the spending cycle is quicker this year than in previous years"
"2020-02-25 17:17:00","2020-02-26 01:17:00","Italy Health Minister says there has been three further deaths; is commitment by bordering countries to keep the borders open"
"2020-02-25 17:03:00","2020-02-26 01:03:00","Romania confirms first case of COVID-19 where the patient returned from Italy three weeks ago, according to local press"
"2020-02-25 16:48:00","2020-02-26 00:48:00","US HHS Secretary Azar says no reports yet of potential shortages of prescription drugs due to the COVID-19"
"2020-02-25 16:35:00","2020-02-26 00:35:00","US CDC says COVID-19 epidemic is rapidly evolving and expanding; vaccine could be ready in a year; Americans should prepare for possible spreads in communities"
"2020-02-25 16:33:00","2020-02-26 00:33:00","European stocks prelim cash closes: Stoxx50 -1.9% at 3299.62, Dax -1.8% at 12794.9, FTSE 100 -1.9% at 7017.9, Cac 40 -2% at 5675.97, IBEX -2.3% at 9263.7, FTSE MIB -1.3% at 23131.17, SMI -2.2% at 10478.51"
"2020-02-25 16:26:00","2020-02-26 00:26:00","WHO's Aylward says China is probably not missing a huge amount of cases and asymptomatic transmission doesn't seem to be a big factor"
"2020-02-25 16:21:00","2020-02-26 00:21:00","UK PM Johnson spokesperson says other trade partners have not sought to impose the kind of onerous commitments that the EU is after"
"2020-02-25 16:16:00","2020-02-26 00:16:00","Barclays (BARC LN) CEO says he is not going anywhere"
"2020-02-25 16:11:00","2020-02-26 00:11:00","McKesson (MCK) and Johnson & Johnson (JNJ) are reportedly making ground on an opioid settlement with states"
"2020-02-25 16:09:00","2020-02-26 00:09:00","US HHS Secretary Azar believes there will likely be more COVID-19 cases in the US; US has a stockpile of vemtilator and masks but not enough for an outbreak"
"2020-02-25 16:09:00","2020-02-26 00:09:00","US HHS Secretary Azar believes there will likely be more COVID-19 cases in the US; US has a stockpile of vemtilator and masks but not enough for an outbreak"
"2020-02-25 16:07:00","2020-02-26 00:07:00","US Trade Panel says domestic producers have not been harmed by imports of fabricated structural steel from Canada, China and Mexico"
"2020-02-25 16:04:00","2020-02-26 00:04:00","Daily FX Wrap: topsy-turvy trade as markets mull nCoV spread vs containment efforts"
"2020-02-25 16:03:00","2020-02-26 00:03:00","Swiss health authorities says there is no bigger threat from COVID-19 at the current stage; expects results of about 70 COVID-19 tests within the next hours"
"2020-02-25 16:00:00","2020-02-26 00:00:00","FDIC: US banking sector profits were down 1.5% in 2019 on slower growth in NII and higher loan loss provision"
"2020-02-25 15:54:00","2020-02-25 23:54:00","CBRT Chief says preliminary indicators are confirming the economic recovery is strengthening "
"2020-02-25 15:46:00","2020-02-25 23:46:00","WHO's Aylward says China coronavirus cases are down but not zero, adding a lot of disease remains in the country which needs to be dealt with"
"2020-02-25 15:46:00","2020-02-25 23:46:00","ECB's Villeroy says that the coronavirus is predominantly a supply-side shock and therefore the adequacy of any monetary policy response should not be overstated "
"2020-02-25 15:39:00","2020-02-25 23:39:00","US Senate Democratic Leader Schumer is calling for at least USD 3.1bln in new funding for a response to the coronavirus  "
"2020-02-25 15:32:00","2020-02-25 23:32:00","UK DMO are to sell GBP 1.1bln 0.125% 2028 I/L on March 5th, GBP 3.5bln 0.625% 2025, GBP 400mln 1.75% 2057 via tender"
"2020-02-25 15:31:00","2020-02-25 23:31:00","WHO's Aylward says the coronavirus is a rapidly escalating epidemic in places, have to tackle super fast to prevent a pandemic"
"2020-02-25 15:22:00","2020-02-25 23:22:00","EU Chief Brexit Negotiator Barnier notes that EU-UK trade talks will begin on Monday, and the conclusion of round one will be on Thursday; EU wont conclude talks at any price"
"2020-02-25 15:21:00","2020-02-25 23:21:00","Walmart (WMT) - is reportedly combining its online and store buying teams, in order to reduce conflict between the units and to boost profits, WSJ"
"2020-02-25 15:19:00","2020-02-25 23:19:00","Tesla (TSLA) - Confirmation of reports that the NTSA are to hold a meeting today at 09:30EST to confirm the probable cause of a fatal Tesla crash in California in March 2018"
"2020-02-25 15:13:00","2020-02-25 23:13:00","Lufthansa (LHA GY) - Co. are reportedly considering a hiring suspension, and will not be able to avoid cancelling some projects and cutting costs, Handelsblatt citing an executive; flight cancellations to China are afflicting the Co."
"2020-02-25 14:56:00","2020-02-25 22:56:00","Swiss newspaper Blick suggests that the Swiss Government have confirmed the first case of the coronavirus in Switzerland; note, Swiss Health Ministry has not updated its website yet  "
"2020-02-25 14:52:00","2020-02-25 22:52:00","US Secretary of State Pompeo says that if Russia undermines the US electoral process, the US will take appropriate measures "
"2020-02-25 14:48:00","2020-02-25 22:48:00","Cleveland Research raises its McDonald’s (MCD) US SSS estimate for Q1 to 5.5% (prev. 4.5%)"
"2020-02-25 14:48:00","2020-02-25 22:48:00","GSX Techdeu (GDX) - Grizzly Research negative on the Co. saying it is the ""worst publicly traded education company"" and there are concerns about its management"
"2020-02-25 14:45:00","2020-02-25 22:45:00","PRIMER: US Richmond Fed (Feb.); Other regionals have been strong, although markit’s national survey was weak"
"2020-02-25 14:45:00","2020-02-25 22:45:00","PRIMER: US Consumer Confidence (Feb); Headline expected to rise slightly to 132.0 from 131.6"
"2020-02-25 14:39:00","2020-02-25 22:39:00","US Equity Open: Tentative gains after Monday’s upset, futures rangebound; KEYS +9.6%, INTU +5.1%, HPQ +3.8%, AMD +2.5%, PANW -16.5%, MA -1.0%"
"2020-02-25 14:31:00","2020-02-25 22:31:00","Spain confirm a new case of coronavirus in Catalonia, local press"
"2020-02-25 14:25:00","2020-02-25 22:25:00","USDA and USTR report progress on the implementation of the US-China Phase One deal"
"2020-02-25 14:20:00","2020-02-25 22:20:00","Apple (AAPL) supplier Jabil (JBL) notes that the COVID-19 outbreak will see a negative impact on Q2 fiscal guidance (Previously provided on December 17th)"
"2020-02-25 14:09:00","2020-02-25 22:09:00","Motiva Port Arthur (636k BPD) Texas refinery is currently restarting a Cat feed hydrotreater, according to sources "
"2020-02-25 14:06:00","2020-02-25 22:06:00","Newsquawk Daily US Equity Opening News - 25th February 2020"
"2020-02-25 14:05:00","2020-02-25 22:05:00","Hungarian Central Bank statement: Will keep policy accommodative, stands ready to use tools to reach mandate and drops reference to CPI risks being symmetrical"
"2020-02-25 14:00:00","2020-02-25 22:00:00","The White House has noted that President Trump's earlier reference to being ""very close"" to a vaccine was referring to Ebola, not coronavirus "
"2020-02-25 13:49:00","2020-02-25 21:49:00","Fixed and FX latest: core bonds and Buck meander"
"2020-02-25 13:40:00","2020-02-25 21:40:00","Barclays (BARC LN) are being pushed by activist investor Edward Bramson to address current governance issues"
"2020-02-25 13:30:00","2020-02-25 21:30:00","Philadelphia Fed Non-Manufacturing Business Activity (Feb.) 36.1 (prev. 23.5)"
"2020-02-25 13:26:00","2020-02-25 21:26:00","Johnson & Johnson (JNJ) has launched its ""heartline"", a virtual study exploring whether a new iPhone app and Apple Watch can help reduce the risk of a stroke "
"2020-02-25 13:20:00","2020-02-25 21:20:00","EU Chief Brexit Negotiator Barnier speaking on the EU's Brexit negotiating mandate"
"2020-02-25 13:18:00","2020-02-25 21:18:00","NY Fed 14-day term repo-operation over subscribed, accepting USD 25bln of USD 40.225bln bids submitted"
"2020-02-25 13:13:00","2020-02-25 21:13:00","Iran Parliamentarian in Tehran has tested positive for the new coronavirus "
"2020-02-25 12:57:00","2020-02-25 20:57:00","Italy's PM Conte is confident that with Italy's current measures in place, coronavius contagion will be reduced in the coming days"
"2020-02-25 12:49:00","2020-02-25 20:49:00","India Trade Minister says the US and India have decided to formally engage to move towards a free trade agreement"
"2020-02-25 12:36:00","2020-02-25 20:36:00","US President Trump says ""we will look at it"" and that it is something he does not like to see in response to the journalists being expelled from China "
"2020-02-25 12:32:00","2020-02-25 20:32:00","US President Trump says if a trade deal with India happens, it will be towards the end of the year"
"2020-02-25 12:23:00","2020-02-25 20:23:00","Scotiabank FX Daily - USD Mixed, Mostly Firmer on Virus Focus"
"2020-02-25 12:17:00","2020-02-25 20:17:00","Schlumberger (SLB) CEO says US shale output growth is to slow to 600k-700k BPD in 2020, and then to 200k BPD in 2021"
"2020-02-25 12:16:00","2020-02-25 20:16:00","China is reportedly ‘resisting calling off’ EU summit in March as coronavirus threatens a delay, but China does not want to be the one to cancel, according to SCMP citing sources"
"2020-02-25 12:08:00","2020-02-25 20:08:00","UK PM Johnson spokesman says the cabinet committee agreed on the negotiating mandate for trade talks with EU "
"2020-02-25 12:00:00","2020-02-25 20:00:00","American Tower Corp (AMT) Q4 19 (USD): FFO 1.95 (exp. 1.90), Revenue 1.924bln (exp. 1.93bln). "
"2020-02-25 11:56:00","2020-02-25 19:56:00","Macy's Inc (M) Q4 19 (USD): Adj. diluted EPS 2.12 (exp. 1.96), Revenue 8.34bbln (exp. 8.32bln); FY20 view 2.20-2.40 (exp. 2.45); revenue 23.6-23.9bln (exp. 23.8bln) "
"2020-02-25 11:50:00","2020-02-25 19:50:00","Saudi Aramco CEO sees minimal impact on the company following the demand fall due to the coronavirus spread"
"2020-02-25 11:48:00","2020-02-25 19:48:00","Austria confirm the first two cases of the coronavirus, which is in the region of Tyrol, APA News"
"2020-02-25 11:44:00","2020-02-25 19:44:00","Croatia have confirmed their first case of the coronavirus, according to the PM"
"2020-02-25 11:38:00","2020-02-25 19:38:00","Iran's Deputy Health Minister has tested positive for the coronavirus, ILNA"
"2020-02-25 11:38:00","2020-02-25 19:38:00","Iran's Deputy Health Minister has tested positive for the coronavirus, ILNA"
"2020-02-25 11:33:00","2020-02-25 19:33:00","Newsquawk Daily US Opening News - 25th February 2020"
"2020-02-25 11:26:00","2020-02-25 19:26:00","China State Council is to increase Yuan re-lending and re-discount quota by CNY 500bln to support small/medium banks and is to lower interest rates for loans to small and agriculture businesses by 0.25% "
"2020-02-25 11:26:00","2020-02-25 19:26:00","Newsquawk EU Mid Session - 25th February 2020: European recovery proves fleeting as COVID-19 remains at the fore"
"2020-02-25 11:21:00","2020-02-25 19:21:00","Fixed Income: debt charge stalls, as stock bears pause for breath"
"2020-02-25 11:00:00","2020-02-25 19:00:00","Home Depot Inc (HD) Q4 19 (USD): EPS 2.28 (exp. 2.10), Revenue 25.8bln (exp. 25.76bln); SSS +5.2% (exp. 4.7%); boosts quarterly dividend by 10%"
"2020-02-25 10:59:00","2020-02-25 18:59:00","FX Morning Colour: tepid risk recovery thwarted by rising coronavirus contamination tally"
"2020-02-25 10:54:00","2020-02-25 18:54:00","IEA Director Birol states they may need to lower their oil demand growth forecast, as oil demand growth estimate is at its lowest in the Prev. 10-years"
"2020-02-25 10:47:00","2020-02-25 18:47:00","Goldman Sachs (GS) - Prudential Regulation Authority has drafter in the PWC to asses the quality of the Co's international regulatory reporting, Sky News"
"2020-02-25 10:46:00","2020-02-25 18:46:00","EU27 reportedly adopts Barnier's joint mandate for trade negotiations with the UK, according to sources "
"2020-02-25 10:45:00","2020-02-25 18:45:00","Kone (KNEBV FH) - the financial impact of the coronavirus will be significant, but they cannot calculate this yet"
"2020-02-25 10:41:00","2020-02-25 18:41:00","WHO spokesman says they do not have plans for a 'big announcement', many countries have pandemic plans ready and some may act depending on their situation"
"2020-02-25 10:40:00","2020-02-25 18:40:00","Singapore may impose more stringent travel restrictions for South Korea in the event the coronavirus spreads more broadly, according to a Government Minister "
"2020-02-25 10:38:00","2020-02-25 18:38:00","Riksbank's Jansson says he would be open to a rate cut, but this does depend on inflation"
"2020-02-25 10:37:00","2020-02-25 18:37:00","US President Trump says we will be announcing a proposed tax cut for the middle-class at some point in the not-too distant future"
"2020-02-25 10:34:00","2020-02-25 18:34:00","UK sell GBP 3.25bln 0.825% 2029 Gilt: b/c 2.16x (Prev. 2.58x), average yield 0.512% (Prev. 0.735%), tail 0.4bp (Prev. 0.3bp) "
"2020-02-25 10:23:00","2020-02-25 18:23:00","WHO is currently meeting with Italian authorities in Rome, regarding the Italian coronavirus outbreak; the mission to Iran has been delayed, no specific date as of yet, according to a spokesman"
"2020-02-25 10:22:00","2020-02-25 18:22:00","Italy sell EUR vs. Exp. EUR 2.0-3.0bln 0.4% 2030, 1.25% 2032 BTPei & EUR 2.25bln vs. Exp. EUR 2.25bln 2021 CTZ"
"2020-02-25 10:19:00","2020-02-25 18:19:00","UBS notes that a global pandemic could see gold at USD 1700-1800/oz, end of June target at USD 1650/oz vs. Prev. USD 1600/oz"
"2020-02-25 09:46:00","2020-02-25 17:46:00","Riksbank's Jansson says the inflation situation is fragile "
"2020-02-25 09:42:00","2020-02-25 17:42:00","Iran has confirmed 34 further coronavirus infections and another two deaths, according to IRNA "
"2020-02-25 09:36:00","2020-02-25 17:36:00","Libyan oil production stands at 122,430bpd as of February 23rd, vs. February 18th level of 123,537bpd, according to a NOC statement "
"2020-02-25 09:22:00","2020-02-25 17:22:00","Italy has reported its six cases of coronavirus in the Veneto region, according to social media reports"
"2020-02-25 09:19:00","2020-02-25 17:19:00","Nomura Quants: Sentiment turns toward concern over a previously unthinkable outcome"
"2020-02-25 09:17:00","2020-02-25 17:17:00","Russian Kremlin says that the nation is not currently carrying out work for a four-way summit with France, Germany and Turkey"
"2020-02-25 09:10:00","2020-02-25 17:10:00","Tests have been carried out by Spanish health authorities on hundreds of tourists in a Canary Islands Hotel after one case of the coronavirus was identified "
"2020-02-25 09:09:00","2020-02-25 17:09:00","The head of the French state shareholding agency APE says it is not looking to lower its stake in Engie (ENGI FP) "
"2020-02-25 08:48:00","2020-02-25 16:48:00","Gilts and Short Sterling futures grind higher ahead of auction, CBI and EU trade reports"
"2020-02-25 08:46:00","2020-02-25 16:46:00","The Khasab Port in Oman has suspended shipping to and from Iran as of tomorrow amid the coronavirus outbreak, according to the Port Operator "
"2020-02-25 08:36:00","2020-02-25 16:36:00","Italy has reported its first cases of coronavirus in Palermo and Florence, according to social media reports "
"2020-02-25 08:25:00","2020-02-25 16:25:00","Partners Group (PGHN SW) have offered to purchase Healius for AUD 3.40shr in an unsolicited approach "
"2020-02-25 08:17:00","2020-02-25 16:17:00","Spain are launching a new 30-year bond, indications of interest in excess of EUR 20bln; with IPT at approx. midswaps +89, Lead Manager"
"2020-02-25 08:05:00","2020-02-25 16:05:00","South Korea have reported their 10th death from the coronavirus, with 84 new cases taking the total to 977, Yonhap"
"2020-02-25 08:04:00","2020-02-25 16:04:00","European Equity Movers this Morning: Prudential (PRU LN) +2.7%; Anglo American (AAL LN) +2.7%; Carrefour (CA FP) +2.0%; Lufthansa (LHA GY) +2.0%; Tesco (TSCO LN) +1.9%; Sanofi (SAN FP) +1.9%; Natixis (KN FP) +0.5%; Meggit (MGGT LN) -3.0%"
"2020-02-25 08:03:00","2020-02-25 16:03:00","Riksbank's Floden says inflation has fallen back a little more than forecast in recent months, predominantly due to energy prices"
"2020-02-25 07:59:00","2020-02-25 15:59:00","Newsquawk Bond Auction Previews - 25th February 2020"
"2020-02-25 07:56:00","2020-02-25 15:56:00","Major FX option expiries for today's NY cut"
"2020-02-25 07:54:00","2020-02-25 15:54:00","EU will demand that the UK maintains their ban on chlorinated chicken, as a requirement for a trade deal with the EU; via a recommendation from France, Guardian citing a leaked mandate copy"
"2020-02-25 07:49:00","2020-02-25 15:49:00","Bunds: back down, but far from out for the count"
"2020-02-25 07:36:00","2020-02-25 15:36:00","Kuwait coronavirus cases now stand at 8, all cases arriving from Iran, Kuna"
"2020-02-25 07:30:00","2020-02-25 15:30:00","China State Planner Official says that regions which are deemed to be low risk from the coronavirus should resume normal activity and have their transport bans lifted"
"2020-02-25 07:23:00","2020-02-25 15:23:00","Italy may seek EUR 2-4bln in budget flexibility due to the coronavirus, Sole"
"2020-02-25 07:06:00","2020-02-25 15:06:00","Additional European Equities post release of the Daily European Equity Opening News"
"2020-02-25 07:04:00","2020-02-25 15:04:00","Italian Deputy Economy Minister says the EU has resources in cases where economic events impact GDP, should offer leeway; when asked about EU budget flexibility around the coronavirus"
"2020-02-25 06:51:00","2020-02-25 14:51:00","Turkish President Erdogan says that a delegation from Russia will be in Turkey to discuss Syria's Idlib on Wednesday; yet to have full agreement around a 4-way summit on March 5th regarding Syria"
"2020-02-25 06:50:00","2020-02-25 14:50:00","BoJ, Japanese Ministry of Finance and FSA are to hold a meeting at 08:30GMT, according to the Ministry of Finance "
"2020-02-25 06:48:00","2020-02-25 14:48:00","Daily European Equity Opening News"
"2020-02-25 06:47:00","2020-02-25 14:47:00","Japan is to broaden exemptions for restrictions around foreign ownership in Japanese Co's, foreign investors meeting several qualifications are to be exempted from pre-notification, according to sources"
"2020-02-25 06:19:00","2020-02-25 14:19:00","Newsquawk Daily European Opening News - 25th February 2020 "
"2020-02-25 06:19:00","2020-02-25 14:19:00","Saudi Energy Minister Abdulaziz notes that we should not be complacent regarding the coronavirus; is in communications with Russia and is confident regarding the OPEC+ partnership"
"2020-02-25 06:19:00","2020-02-25 14:19:00","Newsquawk Daily European Opening News - 25th February 2020 "
"2020-02-25 06:19:00","2020-02-25 14:19:00","Saudi Energy Minister Abdulaziz notes that we should not be complacent regarding the coronavirus; is in communications with Russia and is confident regarding the OPEC+ partnership"
"2020-02-25 06:12:00","2020-02-25 14:12:00","Japanese Authorities state that 28 passengers from the Diamond Princess cruise ship, with symptoms such as a fever being displayed, NHK"
"2020-02-25 06:06:00","2020-02-25 14:06:00","Hong Kong Government has extended suspension of schools to April 20th (Prev. mid-March) amid the coronavirus outbreak "
"2020-02-25 06:02:00","2020-02-25 14:02:00","South Korean President Moon says declaring Daegu as a ""special disaster zone"" is not enough and vows full budget support, via Yonhap"
"2020-02-25 05:31:00","2020-02-25 13:31:00","Six coronavirus patients are in critical condition, according to KCDC official cited by Yonhap"
"2020-02-25 05:24:00","2020-02-25 13:24:00","Boeing (BA) is reportedly nearing a deal to supply more 787 Dreamliners to Japan's ANA, according to sources"
"2020-02-25 05:18:00","2020-02-25 13:18:00","Huawei confirms FY19 revenue +18% YY at CNY 850bln, with 5G smarthpone shipments exceeding 10mln, according to Xinhua"
"2020-02-25 05:00:00","2020-02-25 13:00:00","Japanese Leading Index (Dec F) 91.6 vs. Exp. 91.6 (Prelim. 91.6)"
"2020-02-25 04:37:00","2020-02-25 12:37:00","Banks are suspending the credit lines for some Chinese independent oil refineries amid rising concerns about overall industrial defaults and as the coronavirus outbreak has eaten into the processors' fuel sales, according to report"
"2020-02-25 04:05:00","2020-02-25 12:05:00","China's National Health Commission says will continue to take strictest control and prevention measures in the Hubei province, will control outbound with existing traffic controls"
"2020-02-25 04:01:00","2020-02-25 12:01:00","US House Speaker Pelosi says US President Trump's budget request for coronavirus is ""completely inadequate to the scale of this emergency"" - says House will swiftly advance a strong and strategic funding package that will fully address scale of the crisis"
"2020-02-25 03:43:00","2020-02-25 11:43:00","Hong Kong is expected to extend school closures to beyond Easter vs. Prev. mid-March, according to reports"
"2020-02-25 03:37:00","2020-02-25 11:37:00","Japanese PM Abe says Japan is to take stronger steps to fight coronavius in regions that have seen clustered infections"
"2020-02-25 02:58:00","2020-02-25 10:58:00","PRE-MARKET INDIAN STOCK NEWS: Bharti Airtel (BHARTI IS) – Government is said to have approved the merger with Industrial Tower. (Newswires) "
"2020-02-25 02:50:00","2020-02-25 10:50:00","South Korea reports 9th coronavirus-related death, via Yonhap TV"
"2020-02-25 02:14:00","2020-02-25 10:14:00","Senior BoJ Official notes that the Central Bank will take appropriate steps as needed by looking at FX impact on Japan's economy and long-term price trends; monetary policy is not directly guided by FX"
"2020-02-25 02:09:00","2020-02-25 10:09:00","Fourth passenger from Diamond Princess cruise ship has died in Japan; NHK "
"2020-02-25 02:07:00","2020-02-25 10:07:00","ASIA-PAC MID-SESSION UPDATE: Risk tone improves but the market keeps its guard up"
"2020-02-25 01:45:00","2020-02-25 09:45:00","Tianjin University has successfully developed an oral vaccine to protect against coronavirus; the professor who led the project, has taken four doses without any side effects, according to Global Times"
"2020-02-25 01:16:00","2020-02-25 09:16:00","PBOC skips open market operations for a daily net neutral position"
"2020-02-25 01:15:00","2020-02-25 09:15:00","PBoC sets USD/CNY mid-point at 7.0232 vs. Exp. 7.0255 (Prev. 7.0246)"
"2020-02-25 01:10:00","2020-02-25 09:10:00","BoJ offers to buy JPY 50bln in up to 1yr JGBs, JPY 120bln in 10yr-25yr JGBs and JPY 30bln in 25yr+ JGBs and JPY 30bln in I/L JGBs; all unchanged"
"2020-02-25 01:07:00","2020-02-25 09:07:00","PRE-MARKET CHINESE STOCK NEWS: US is reportedly still eyeing ways to further curb sales to Huawei, according to sources. (Newswires) "
"2020-02-25 01:02:00","2020-02-25 09:02:00","South Korea reports 60 more cases of new coronavirus, total now at 893, Yonhap reports"
"2020-02-25 00:53:00","2020-02-25 08:53:00","South Korea is to implement containment policy on Daegu, North Gyeongsang Province, according to a party official cited by Yonhap"
"2020-02-25 00:52:00","2020-02-25 08:52:00","South Korea is to draft supplementary budget as soon as possible, Yonhap reports"
"2020-02-25 00:49:00","2020-02-25 08:49:00","Japanese Finance Minister Aso says the government is not yet considering additional economic measures to respond to the virus outbreak"
"2020-02-25 00:46:00","2020-02-25 08:46:00","PBoC is expected to set the USD/CNY midpoint at 7.0255, according to Newswires estimates"
"2020-02-25 00:46:00","2020-02-25 08:46:00","US Trump Administration is sending Congress a budget request for USD 2.5bln to tackle the virus outbreak, according to Politico; with over USD 1bln for vaccines according to the White House"
"2020-02-25 00:44:00","2020-02-25 08:44:00","China's Hubei province reports 499 new coronavirus cases and 68 additional deaths as of February 24 vs. 398 additional cases and 149 additional deaths on February 23"
"2020-02-25 00:40:00","2020-02-25 08:40:00","China reports additional 508 coronavirus cases and 71 additional deaths as of February 24 vs. 409 additional cases and 150 deaths on February 23; Total cases 77658 vs. Prev. 77150; Deaths 2663 vs. Prev. 2592"
"2020-02-25 00:31:00","2020-02-25 08:31:00","PRE-MARKET TAIWAN AND SINGAPORE STOCK NEWS: Singapore Airlines (SIA SP) – Co. plans to cut further flight capacity from February to the end of May. (Newswires) "
"2020-02-25 00:25:00","2020-02-25 08:25:00","Jiangsu the latest Chinese province to cut its coronavirus warning levels. according to state media"
"2020-02-25 00:09:00","2020-02-25 08:09:00","US FDA is not currently conduction inspections in China following US State Department's China travel advisory"
"2020-02-25 00:06:00","2020-02-25 08:06:00","Asian stocks trade mixed following the sell-off on Wall Street; Nikkei 225 plays catch-up on return from a long weekend: ASX 200 -2.0%, Nikkei 225 -4.2%, KOSPI Unch "
"2020-02-25 00:01:00","2020-02-25 08:01:00","Australia sells AUD 100mln 0.75% 2027 I/L, bid-to-cover 4.55x and average yield -0.4045%"