"gmt_time","hk_time","subject"
"2020-05-13 23:52:00","2020-05-14 07:52:00","RBNZ buys NZD 70mln of LGFA bonds in QE operations"
"2020-05-13 23:50:00","2020-05-14 07:50:00","Japanese Money Supply M2 (Apr) Y/Y 3.7% vs. Exp. 3.4% (Prev. 3.3%)"
"2020-05-13 23:42:00","2020-05-14 07:42:00","RBA adds AUD 933mln to the banking system through repos vs. Prev. AUD 369mln"
"2020-05-13 23:39:00","2020-05-14 07:39:00","China Finance Minister Liu says expects a decline in revenues this year"
"2020-05-13 23:37:00","2020-05-14 07:37:00","PRE-MARKET AUSTRALIA, JAPAN AND SOUTH KOREA STOCK NEWS: Earnings including GrainCorp, Korea Gas, Rakuten and Sony"
"2020-05-13 23:21:00","2020-05-14 07:21:00","RBA says excess cash at exchange settlement accounts at AUD 69.3bln vs. Prev.  AUD 67.9bln"
"2020-05-13 23:07:00","2020-05-14 07:07:00","US Treasury Secretary Mnuchin says will be a pretty bad quarter, but if we open the economy carefully, there will be an improvement in the subsequent quarters, adds most USD 3tln of stimulus not yet in the economy"
"2020-05-13 23:01:00","2020-05-14 07:01:00","UK RICS says 80% of surveyors in its survey have seen people pull out of transactions since the lockdown began, adds most surveyors expect house prices to drop when market reopens and recover in an average of 11 months"
"2020-05-13 22:04:00","2020-05-14 06:04:00","Wisconsin Supreme Court rules against the state governor's stay-at-home extension"
"2020-05-13 22:03:00","2020-05-14 06:03:00","ASIAN DAILY ECONOMIC RELEASES CALENDAR IS NOW AVAILABLE IN THE RESEARCH SECTION: Highlights include: Australian Employment Change and Unemployment Rate, New Zealand Annual Budget and 30yr JGB Auction"
"2020-05-13 21:57:00","2020-05-14 05:57:00","Major newswire article suggests PBoC could deliver another rate cut as liquidity pressures mount and that PBoC is committed to more powerful policies"
"2020-05-13 21:22:00","2020-05-14 05:22:00","DAILY ASIA-PAC OPENING NEWS"
"2020-05-13 21:21:00","2020-05-14 05:21:00","Boeing (BA) awarded USD 3.1bln in US Navy contracts for cruise missile systems"
"2020-05-13 21:06:00","2020-05-14 05:06:00","US President Trump says will go after companies that do not return improper PPP loans by Thursday's deadline"
"2020-05-13 20:57:00","2020-05-14 04:57:00","US President Trump says surprised by NIH's Fauci comments regarding risks of reopening too soon which is not an acceptable answer, also suggests Fauci wants to play both sides of the equation"
"2020-05-13 20:51:00","2020-05-14 04:51:00","LA County issues new stay at home order with no end date specified, according to LA Times"
"2020-05-13 20:49:00","2020-05-14 04:49:00","US President Trump says he likes negative interest rates and feels strongly the US should have negative rates, adds House stimulus bill is dead on arrival"
"2020-05-13 20:45:00","2020-05-14 04:45:00","US President Trump says have surpassed 10mln virus tests in US, while he thinks US should reopen schools and the virus has little effect on young people"
"2020-05-13 20:40:00","2020-05-14 04:40:00","EU-China summit will likely begin in June following a delay, according to SCMP"
"2020-05-13 20:34:00","2020-05-14 04:34:00","Fiat Chrysler (FCAU, FCA IM) confirm the merger is advancing well"
"2020-05-13 20:31:00","2020-05-14 04:31:00","Fiat Chrysler (FCAU, FCA IM) has suspended its dividend for 2019"
"2020-05-13 20:21:00","2020-05-14 04:21:00","RBNZ Governor Orr says the NZD 60bln is a limit and not a target for its QE programme, adds does not rule out direct purchase of government bonds"
"2020-05-13 20:19:00","2020-05-14 04:19:00","Japan's Government is reportedly looking to create a scheme that injects capital into large and medium sized firms suffering from COVID-19, according to Nikkei"
"2020-05-13 20:15:00","2020-05-14 04:15:00","Newsquawk US Market Wrap - May 13th: Stocks finish red as Powell pushes back on NIRP"
"2020-05-13 20:14:00","2020-05-14 04:14:00","US DoE is to purchase 1mln bbls of oil from small to mid-size producers for SPR; says the purchases will serve as a test of conditions of the physical crude oil available to the reserve"
"2020-05-13 20:05:00","2020-05-14 04:05:00","Cisco (CSCO) Q3 2020 (USD): Adj EPS 0.79 (exp. 0.69), revenue 12.0bln (exp. 11.7bln)"
"2020-05-13 19:59:00","2020-05-14 03:59:00","Iraq's acting oil minister confirming its full commitment to the OEPC+ oil cut"
"2020-05-13 19:55:00","2020-05-14 03:55:00","Fannie Mae says it expects a solid rebound in housing later this year; recetn data sugegsts existing home sales slowed earlier in 2020 than previously forecasted"
"2020-05-13 19:52:00","2020-05-14 03:52:00","US COVID-19 cases +1.5% at 1,364,061 (Prev. +1.4% at 1,342,594); Death toll +1.8% at 82,246 (Prev. +1.3% at 80,820)"
"2020-05-13 19:51:00","2020-05-14 03:51:00","Bankers say merger speculation growing WellsFargo (WFC) will team with Goldman Sachs (GS), according to FBN's Gasparino"
"2020-05-13 19:49:00","2020-05-14 03:49:00","Financial Advisers (FA)/managers MorganStanley (MS) say a major restructuring being discussed inside brokerage unit; FA's would become independent to save money amid covid lock down. Firm denies plans, according to FBN"
"2020-05-13 19:47:00","2020-05-14 03:47:00","US Presidnet Trump reportedly plans to name Moncef Slaoui, ex head of GlaxoSmithKline’s (GSK) vaccines division, to help lead US effort to speed coronavirus vaccine"
"2020-05-13 19:24:00","2020-05-14 03:24:00","Uber (UBER) and Grubhub Inc. (GRUB) are reportedly discussing a takeover valuing GRUB at roughly USD 6 billion at just over USD 60/shr or 1.9 UBER share for each GRUB share, according to WSJ citing sources"
"2020-05-13 19:14:00","2020-05-14 03:14:00","S&P revises HSBC Holding PLC (HSBA LN) to 'A-' from 'A'"
"2020-05-13 19:10:00","2020-05-14 03:10:00","At least one oil tanker is reportedly on the way to Venezuela carrying fuel from Iran, according to Refintiv/Eikon data"
"2020-05-13 19:06:00","2020-05-14 03:06:00","TREASURY WRAP: US T-Note futures (M0) settled 8+ ticks higher at 139-07"
"2020-05-13 19:06:00","2020-05-14 03:06:00","Of note for Food Delivery names (UBER, GRUB) - NYC have passed an emergency bill to limit third-party delivery fees charged to restaurants, Mayor De Blasio supports the bill but he still must sign it into legislation "
"2020-05-13 19:04:00","2020-05-14 03:04:00","NY Fed will discontinue three-month repo operations during this monthly period in light of more stable repo market conditions; will continue the overnight repo operation once per day and one-month repo operations once per week"
"2020-05-13 19:04:00","2020-05-14 03:04:00","NY Fed will discontinue three-month repo operations during this monthly period in light of more stable repo market conditions; will continue the overnight repo operation once per day and one-month repo operations once per week"
"2020-05-13 19:03:00","2020-05-14 03:03:00","Royal Caribbean (RCL) was cut to Junk by Moody's"
"2020-05-13 19:00:00","2020-05-14 03:00:00","PRIMER: Cisco (CSCO) Q3 2020 earnings report due 1605 ET/2105 BST (aftermarket close)"
"2020-05-13 18:36:00","2020-05-14 02:36:00","FX WRAP: DXY reclaims 100 as Powell pushes back against NIRP "
"2020-05-13 18:35:00","2020-05-14 02:35:00","CRUDE WRAP: WTI (M0) settles USD 0.49 lower at USD 25.29; WTI (N0) settles USD 0.65 lower at USD 25.68; Brent (N0) settles USD 0.79 lower at USD 29.19"
"2020-05-13 18:34:00","2020-05-14 02:34:00","Italy PM says it has approved the long delayed EUR 55bln stimulus package to help the economy"
"2020-05-13 18:33:00","2020-05-14 02:33:00","Fed's Mester (voter, hawk) says negative rates are not being discussed, lots of problems with them; says we are in the early days in assessing the risks to the outlook, there is a lot of pain out there, according to CNBC"
"2020-05-13 18:21:00","2020-05-14 02:21:00","Engie (ENGI FP) mulls selling Endel unit amid wave of disposals, sources say; could fetch up to EUR 1.8bln, sources say"
"2020-05-13 18:18:00","2020-05-14 02:18:00","BoE Governor Bailey signalled the bank is likely to increase government bond purchases in an interview with ITV"
"2020-05-13 18:14:00","2020-05-14 02:14:00","US Energy Secretary Brouillette says Trump administration not planning specific financial aid to beleaguered oil producers"
"2020-05-13 17:52:00","2020-05-14 01:52:00","BlackRock (BLK) asked by National Legal and Policy Center (NLPC) to divest its Chinese companies listed in the US in response to COVID-19 and human rights abuses "
"2020-05-13 17:44:00","2020-05-14 01:44:00","BOE Governor Bailey, when asked about austerity policies, said he hopes fiscal authorities will consider all choices; BOE can help spread the cost out of COVID over time"
"2020-05-13 17:40:00","2020-05-14 01:40:00","France coronavirus death toll +0.3% D/D to 27,074 (prev. +1.3% D/D to 26,991); case count +0.3% to 140,734 (prev. +0.5% to 140,227)"
"2020-05-13 17:39:00","2020-05-14 01:39:00","White House appeals order to halt the Keystone XL construction, according to Politico"
"2020-05-13 17:30:00","2020-05-14 01:30:00","FBI is probing Mexican and European firms for allegedly trading Venezuelan oil in violation of US Treasury sanctions, according to sources"
"2020-05-13 17:16:00","2020-05-14 01:16:00","NY Fed accepts USD 13.825bln in RRP operation across 10 bidders"
"2020-05-13 17:09:00","2020-05-14 01:09:00","NJ Governor Murphy  takes steps towards a reopening of the economy, citing declines in the coronavirus spread, adding non-essential construction and retail pick up can start on May 18th"
"2020-05-13 17:05:00","2020-05-14 01:05:00","US sells USD 22bln of 30-year bonds; tails by 0.8bps"
"2020-05-13 17:03:00","2020-05-14 01:03:00","Amazon (AMZN) live streaming was up 45% between March and April, according to The Verge"
"2020-05-13 16:50:00","2020-05-14 00:50:00","Intelsat (I) may file for Chapter 11 as soon as tonight, according to reorg"
"2020-05-13 16:43:00","2020-05-14 00:43:00","Pirelli (PIRC IT) CEO expects global car tyre demand to fall 20% Y/Y in 2020"
"2020-05-13 16:41:00","2020-05-14 00:41:00","China will soon impose countermeasures on US individuals and entities filing lawsuits seeking COVID-19 damages from China, sources say; US states suing China are highly likely to face business and trade consequences; according to China's Global Times"
"2020-05-13 16:40:00","2020-05-14 00:40:00","Amazon (AMZN) extending its double overtime pay in the US and Canada, through 30th May"
"2020-05-13 16:36:00","2020-05-14 00:36:00","London Stock Exchange (LSE LN) asks for EU antitrust approval in USD 27bln takeover of Refinitiv (TRI)"
"2020-05-13 16:32:00","2020-05-14 00:32:00","Brazil Economy Ministry says industry will contract 2% in Q1, and 15% in Q2; services to contract 1% in Q1, and 6% in Q2"
"2020-05-13 16:30:00","2020-05-14 00:30:00","Wall Street headhunters say big banks are accelerating hiring outside of NYC amid coronavirus to Denver, Nashville, Jacksonville and Austin etc., according to FBN's Gasparino"
"2020-05-13 16:14:00","2020-05-14 00:14:00","Airbus (AIR FP) is reportedly set to cut 10,000 jobs, according to The Telegraph"
"2020-05-13 16:06:00","2020-05-14 00:06:00","Appaloosa’s David Tepper says the market is one of the most overvalued markets he has seen, behind only 1999"
"2020-05-13 16:05:00","2020-05-14 00:05:00","AB Inbev (ABI BB, BUD) downgraded to BBB+ from A-; outlook negative"
"2020-05-13 16:01:00","2020-05-14 00:01:00","US President Trump extends the executive order protecting the US supply chain from Huawei and ZTE for an additional year, according to a statement"
"2020-05-13 15:50:00","2020-05-13 23:50:00","Italy COVID-19 cases +888/0.4% to 222,104 (Prev. +1402/0.6% at 221,216); death toll +195/+0.6% at 31,106 (prev. +172/0.5% at 30,911)"
"2020-05-13 15:46:00","2020-05-13 23:46:00","A National Secutity Official told CNBC's Javers there is concern China may try to keep the US from getting a vaccine"
"2020-05-13 15:46:00","2020-05-13 23:46:00","Goldman Sachs (GS) CFO says the bank plans to reduce the capital deployed in asset management activities"
"2020-05-13 15:44:00","2020-05-13 23:44:00","Pirelli (PIRC IT) Q1 20 (EUR): net 38.5mln (exp. 21mln), adj. EBIT 141mln (exp. 130mln), revenue 1.05bln (exp. 1.05bln)"
"2020-05-13 15:39:00","2020-05-13 23:39:00","New York COVID-19 death toll +166 at 22,000 (Prev. +195 at 21,834)"
"2020-05-13 15:34:00","2020-05-13 23:34:00","Daily FX Wrap: Dollar gets a fillip from Fed chair Powell, eventually"
"2020-05-13 15:30:00","2020-05-13 23:30:00","EUROPEAN PRELIMINARY CASH EQUITY CLOSES: EURO STOXX 50 (-2.5%) at 2811, FTSE 100 (-1.6%) at 5902, DAX (-2.6%) at 10,543, CAC 40 (-2.8%) at 4345, IBEX 35 (-1.9%) at 6631, FTSE MIB (-2.1%) at 17,190, SMI (-1.1%) at 9627"
"2020-05-13 15:25:00","2020-05-13 23:25:00","ECB's de Guindos expects the eurozone economy to rebound in Q3 and Q4, expects growth of 6% in 2021, although level of uncertainty is still very high and says it will take the eurozone two years to fully recover"
"2020-05-13 15:23:00","2020-05-13 23:23:00","Fed buys USD 1.75bln TIPS 7.5 to 30 year sector; offer-to-cover 1.53x (prev. 2.2x)"
"2020-05-13 15:20:00","2020-05-13 23:20:00","Washington DC announced it is extending its stay at home restrictions until June 8th from May 15th "
"2020-05-13 15:19:00","2020-05-13 23:19:00","EU officials are looking to finalise a plan for public stakes in European companies that are deemed key/strategic, according to sources"
"2020-05-13 15:11:00","2020-05-13 23:11:00","Canada PM Trudeau says and US and Canada are holding constructive discussions about a common border and there is no reason to believe that will change"
"2020-05-13 15:05:00","2020-05-13 23:05:00","Abbott (ABT) COVID 15-minute tests could yield false negatives according to NYU data, which showed tests missed one third of cases"
"2020-05-13 15:05:00","2020-05-13 23:05:00","Canada COVID-19 cases at 71,486 (Prev. 70,342); death toll 5,209 (Prev. 5,049)"
"2020-05-13 14:56:00","2020-05-13 22:56:00","Brazil are, on Friday, to publish a longer-term analysis of debt & deficit outlook on Friday, Special Secretary to Economy Ministry"
"2020-05-13 14:46:00","2020-05-13 22:46:00","US retirement investment board has delayed the transition of USD 40bln international fund to track the MSCI index, including controversial Chinese Co's, according to a statement; citing COVID-19 and new board nominations as being behind the delay"
"2020-05-13 14:36:00","2020-05-13 22:36:00","Mediaset (MS IM) says its pan-European project drawing lots of investor interest and other European media groups; the group is to remain flexible on ProsiebenSat (PSM GY); the increased stake was due to expected sector consolidation in Media sector"
"2020-05-13 14:33:00","2020-05-13 22:33:00","US President Trump tweets: dealing with China is a very expensive thing to do. We just made a great Trade Deal, the ink was barely dry, and the World was hit by the Plague from China. 100 Trade Deals wouldn’t make up the difference..."
"2020-05-13 14:32:00","2020-05-13 22:32:00","Fed buys USD 4bln Treasury Coupons 7 to 20 year sector; offer-to-cover 2.40x (prev. 2.67x)"
"2020-05-13 14:30:00","2020-05-13 22:30:00","EIA Weekly Crude Production: 11.6mln (Prev. 11.9mln), -300k barrels/-2.52%"
"2020-05-13 14:30:00","2020-05-13 22:30:00","EIA Weekly Crude Production: 11.6mln (Prev. 11.9mln), -300k barrels/-2.52%"
"2020-05-13 14:22:00","2020-05-13 22:22:00","EU Commission President Von der Leyen says the Recovery Fund will be on top of the upcoming EU budget, but money will be channeled through the budget; will be focused on parts of EU hit the most"
"2020-05-13 14:15:00","2020-05-13 22:15:00","Amazon (AMZN) are removing restriction on non-essential items at warehouses and turning back on popular site features, CNBC"
"2020-05-13 14:03:00","2020-05-13 22:03:00","Brazil Gov't lowers their 2020 GDP growth forecast to -4.7% (Prev. 0.0%), according to the Economy Ministry; cuts inflation forecast to 1.8% (Prev. 3.1%)"
"2020-05-13 13:59:00","2020-05-13 21:59:00","Fed Chair Powell is to testify to the Senate Banking Committee on May 19th alongside US Treasury Secretary Mnuchin"
"2020-05-13 13:54:00","2020-05-13 21:54:00","US EQUITY OPEN NOTE: Equities open in the red continuing declines as Powell pushes back on NIRP"
"2020-05-13 13:50:00","2020-05-13 21:50:00","BoE GBP 1.5bln 20yr+ Gilt reinvestment offer-to-cover ratio 2.09x (Prev. 2.06x)"
"2020-05-13 13:46:00","2020-05-13 21:46:00","DoE Expectations (bbls): Crude +4.417mln, Distillates +2.857mln, Gasoline -2.216mln, Refining +0.8%"
"2020-05-13 13:41:00","2020-05-13 21:41:00","Commodities Futures Trading Commission are to advise exchanges to monitor markets, and to maintain rules to provide for the exercise of emergency authority, including power to suspend/curtail trading in any contract if markets become disorderly, FT"
"2020-05-13 13:39:00","2020-05-13 21:39:00","China's President Xi says willing to further cooperate with South Korea regarding COVID-19 prevention and control, according to CCTV"
"2020-05-13 13:37:00","2020-05-13 21:37:00","ANALYSIS: Powell pushes back against negative rates, urges fiscal action"
"2020-05-13 13:32:00","2020-05-13 21:32:00","ThyssenKrupp (TKA GY)/Fincantieri (FCT IM) - Co's are reportedly in talks about a potential merger of defense units, according to sources; could create a USD 3.7bln defense JV"
"2020-05-13 13:26:00","2020-05-13 21:26:00","Fed Chair Powell (Q&A) says many companies are facing liquidity problems, and the Fed can help to address that; 'announcement effect' of Fed support measures has already helped"
"2020-05-13 13:21:00","2020-05-13 21:21:00","Fed Chair Powell (Q&A) says FOMC view on negative rates has not changed, is not looking at negative rates; Fed intends to continue using tools it has already tried"
"2020-05-13 13:17:00","2020-05-13 21:17:00","ECB, Bundesbank and German Gov't are reportedly attempting to find a face-saving way to defuse to danger from the GCC ruling on the Euro-Area integrity; Bundesbank could write the report or the ECB could but it would not be official, die Zeit's Schieritz"
"2020-05-13 13:13:00","2020-05-13 21:13:00","Fed chair Powell (Q&A) expects unemployment to peak in the next month or so, but will remain above recent levels; recovery will take time; Fed will not take position on a particular fiscal spending bill; not the time to think about deficits"
"2020-05-13 13:10:00","2020-05-13 21:10:00","Additional US Equity Stories: HON, CAT, SNE, COTY, EL, RL, TPR"
"2020-05-13 13:10:00","2020-05-13 21:10:00","Sanofi (SAN FP) - CEO says US is to get the COVID-19 vaccine first if it succeeds"
"2020-05-13 13:07:00","2020-05-13 21:07:00","SNAP ANALYSIS: Powell sticks to script (no mention of negative rates in the text), says Fed will use tools to the “fullest”, and again urges fiscal action"
"2020-05-13 13:05:00","2020-05-13 21:05:00","Caterpillar (CAT) 3-mth machine retail sales (end-Apr.): NA -27%, APAC -17%, LATAM -28%, World -22%"
"2020-05-13 13:05:00","2020-05-13 21:05:00","FFF pricing vs Fed’s Powell in the context of NIRP"
"2020-05-13 13:04:00","2020-05-13 21:04:00","UK COVID-19 death toll rises to 33,186 (Prev. 32,692); deaths rise by 494 vs. yesterday's 627. Case count rises by 3,242 vs. prev. 3,403 increase"
"2020-05-13 13:00:00","2020-05-13 21:00:00","Fed Chair Powell does not mention negative rates in prepare remarks; additional policy measures may be needed to avoiding lasting damage to the economy"
"2020-05-13 12:55:00","2020-05-13 20:55:00","Newsquawk Daily US Equity Opening News - 13th May 2020"
"2020-05-13 12:48:00","2020-05-13 20:48:00","BoE GBP 1.5bln 7-20yr Gilt reinvestment offer-to-cover ratio 4.44x (Prev. 2.51x) "
"2020-05-13 12:46:00","2020-05-13 20:46:00","Royal Caribbean Cruises (RCL) says quarterly revenues down USD 407mln (or 16.7%) in Q1 to USD 2.0bln; negative impact of COVID on net income for the first quarter was around USD 453mln"
"2020-05-13 12:45:00","2020-05-13 20:45:00","Canada wants the US to agree on an extension to the non-essential travel bank until June 21st, according to sources, discussions have been positive"
"2020-05-13 12:41:00","2020-05-13 20:41:00","Fixed and FX latest: weak US PPI data largely discounted"
"2020-05-13 12:40:00","2020-05-13 20:40:00","OPEC Monthly Oil Market Report (May): 2020 global oil demand growth forecast revised down, reiterates worst contraction expected to take place in Q2"
"2020-05-13 12:35:00","2020-05-13 20:35:00","China/EU summit on investment deal, Covid-19 likely to start next month, sources cited by the SCMP say"
"2020-05-13 12:31:00","2020-05-13 20:31:00","NY Fed accepts all USD 1bln in bids in the overnight repo operation"
"2020-05-13 12:31:00","2020-05-13 20:31:00","WATCH LIVE: Fed Chair Powell to speak on the economy at 0900 ET/1400 BST"
"2020-05-13 12:29:00","2020-05-13 20:29:00","UnitedHealth (UNH) announces five part note offering (5s, 10s, 20s, 30s, 40s), according to SEC filing; IPTs: 5-year T+135a, 10-year T+170a, 20-year T+185a, 30-year T+195a, 40-year T+215a"
"2020-05-13 12:24:00","2020-05-13 20:24:00","Mexico is to begin reopening its economy on May 18th"
"2020-05-13 12:14:00","2020-05-13 20:14:00","Terna (TRN IM) Q1 20 (EUR): net profit 186.6mln (prev. 186.0mln Y/Y), revenue 567.5mln (prev. 537mln Y/Y); sees no significant direct impact from COVID-19 due to the strictly regulated nature of the business"
"2020-05-13 12:12:00","2020-05-13 20:12:00","UK Housing Secretary Jenrick says with immediate effect, government is lifting the freeze on home moving"
"2020-05-13 12:10:00","2020-05-13 20:10:00","Post Italiane (PST IM) says COVID-19 has made its original targets for 2020 unachievable "
"2020-05-13 12:10:00","2020-05-13 20:10:00","IATA does not expect airline passenger traffic levels to recover to 2019 levels until 2023"
"2020-05-13 12:07:00","2020-05-13 20:07:00","Russian Energy Minister Novak says he welcomes the additional oil output cuts from Saudi Arabia"
"2020-05-13 12:06:00","2020-05-13 20:06:00","Turkey's Treasury minister says COVID economic support package reached TRY 240bln, around 5% of GDP"
"2020-05-13 12:03:00","2020-05-13 20:03:00","French market regulator suggests that the short-selling ban could end soon"
"2020-05-13 12:01:00","2020-05-13 20:01:00","Saudi Arabia and Russia see signs of a recovery in oil demand"
"2020-05-13 12:00:00","2020-05-13 20:00:00","Hungary Central Bank said the rate decision was unanimous"
"2020-05-13 11:56:00","2020-05-13 19:56:00","German Chancellor Merkel says they will respect the constitutional court's ruling on the ECB, German government will answer questions from the EU Commission; wants a strong Euro, so will proceed in that sense going forward"
"2020-05-13 11:53:00","2020-05-13 19:53:00","Chinese economists say China could set its GDP growth target at 3% in its Two Sessions event next week; China may set a two-year GDP target for 2020/21 instead of just a single one for each year, according to China Global Times"
"2020-05-13 11:49:00","2020-05-13 19:49:00","BoE GBP 1.5bln 3-7yr Gilt reinvestment offer-to-cover ratio 4.11x (Prev. 3.69x)"
"2020-05-13 11:48:00","2020-05-13 19:48:00","Thermo Fisher (TMO) is developing new total COVID-19 antibodies test and will seek FDA emergency authorization and international approval for the test over the next few weeks; will begin manufacturing in the next few weeks"
"2020-05-13 11:43:00","2020-05-13 19:43:00","BoE's Bailey to give a live interview at 10:45BST today on ITV's Peston"
"2020-05-13 11:40:00","2020-05-13 19:40:00","European Parliament's draft resolution says it will not agree to the EU's next long-term budget of 2021-27 unless the EU gets new dedicated sources of revenue"
"2020-05-13 11:27:00","2020-05-13 19:27:00","Royal Carribean (RCL) announces USD 3.3bln note offerings of 2023 and 2025 maturities - expects to use proceeds to repay USD 2.35bln one-year term loan"
"2020-05-13 11:27:00","2020-05-13 19:27:00","Royal Carribean (RCL) announces USD 3.3bln note offerings of 2023 and 2025 maturities - expects to use proceeds to repay USD 2.35bln one-year term loan"
"2020-05-13 11:25:00","2020-05-13 19:25:00","ECB's chief economist Lane says low rates help, not hurt, banks"
"2020-05-13 11:22:00","2020-05-13 19:22:00","Uber (UBER) announces a USD 750mln 5-year note offering"
"2020-05-13 11:19:00","2020-05-13 19:19:00","Volkswagen (VOW3 GY) is to pause production of four key models after reopening factories due to ""anaemic"" demand for new cars in Europe, according to the FT"
"2020-05-13 11:19:00","2020-05-13 19:19:00","Iraq says it will bring total cuts to around 700k BPD, after agreeing with oil majors to cut production in Southern fields by 300k BPD, officials say; "
"2020-05-13 11:17:00","2020-05-13 19:17:00","China is allocating more low-tariff import quotas for corn this and could expand its wheat quotas in order to meet purchases commitments from the US, according to sources"
"2020-05-13 11:14:00","2020-05-13 19:14:00","Italy government says schools are likely to re-open in September"
"2020-05-13 11:11:00","2020-05-13 19:11:00","German Chancellor Merkel says no rise of taxes or contributions are expected as of today "
"2020-05-13 11:11:00","2020-05-13 19:11:00","China Cabinet says it will step-up macroeconomic adjustments to offset the impact of COVID, according to state media"
"2020-05-13 11:08:00","2020-05-13 19:08:00","Scotiabank FX Daily - USD on the Defensive Ahead of Powell  "
"2020-05-13 11:05:00","2020-05-13 19:05:00","BP (BP/ LN) says it will make a decision on its dividend in Q2, according to FT"
"2020-05-13 11:00:00","2020-05-13 19:00:00","German HDB Association expects construction industry sales to stagnate in 2020; VDMA Association expects German manufacturing of construction machinery sales to fall by 10-30% "
"2020-05-13 10:55:00","2020-05-13 18:55:00","Indian Finance Minister announces collateral free loans of up to INR 3trln for SMEs"
"2020-05-13 10:46:00","2020-05-13 18:46:00","Newsquawk Daily US Opening News - 13th May 2020"
"2020-05-13 10:40:00","2020-05-13 18:40:00","US PRE-MARKET THEMES: Fed Chair Powell before the cash open; bear market rally is over, Nomura says"
"2020-05-13 10:37:00","2020-05-13 18:37:00","Newsquawk EU Mid Session: Risk on the defensive as US-Sino concerns prevail ahead of Powell - 13th May 2020"
"2020-05-13 10:33:00","2020-05-13 18:33:00","ECB's Rehn says the GCC does not instantly affect ECB monetary policy, is essential that the GCC agrees with EU top court that the PSPP does not breach ban on public sector Central Bank funding "
"2020-05-13 10:30:00","2020-05-13 18:30:00","Fixed Income: debt bulls back in the driving seat"
"2020-05-13 10:27:00","2020-05-13 18:27:00","European Competition Commissioner Vestager says they are opening legal cases against all countries that are in breach of EU law regarding cash refunds for cancelled flights related to the pandemic"
"2020-05-13 10:16:00","2020-05-13 18:16:00","Canadian-US border is expected to remain closed to non-essential travel until June 21st, Globe & Mail"
"2020-05-13 10:10:00","2020-05-13 18:10:00","FX Morning Colour: dovish RBNZ, UK data deluge and deflationary Swedish CPI"
"2020-05-13 10:04:00","2020-05-13 18:04:00","Spain's COVID-19 deaths 27,104 (Prev. 26,920) +184, according to the Health Ministry"
"2020-05-13 09:59:00","2020-05-13 17:59:00","Fiat Chrysler (FCA IM) is to reportedly sell bonds of up to USD 1bln to repay credit lines"
"2020-05-13 09:54:00","2020-05-13 17:54:00","German Constitutional Court President firmly believes the ECB decision is good for Europe as it strengthen's the rule of law, Die Zeit; will become apparent in the medium & long term"
"2020-05-13 09:49:00","2020-05-13 17:49:00","Head of China's State Planner says will utilise RRR cut, interest rate cuts and re-lending to keep liquidity at reasonably ample levels"
"2020-05-13 09:44:00","2020-05-13 17:44:00","Germany's Interior Minister says that German states should lift quarantine requirements for EU visitors, but leave them in place for visitors outside of the EU"
"2020-05-13 09:35:00","2020-05-13 17:35:00","Germany sells EUR 0.863bln vs. Exp. EUR 1bln 1.25% 2048 Bund with a b/c 2.5 (Prev. b/c 1.07x), average yield -0.13% (Prev. 0.07%) and retention 13.7% (Prev. 35.0%) "
"2020-05-13 09:34:00","2020-05-13 17:34:00","German Interior Minister says German, France and Austria have agreed to ease border controls from May 16th"
"2020-05-13 09:32:00","2020-05-13 17:32:00","US officials say Chinese and Iranian hackers could be hampering developments towards a vaccine, WSJ reports"
"2020-05-13 09:30:00","2020-05-13 17:30:00","PRIMER: Fed Chair Powell to speak on the economy at 0900 ET/1400 BST"
"2020-05-13 09:30:00","2020-05-13 17:30:00","Daily Fed planned Treasury/TIPS purchase amounts and schedules, 13th May 2020"
"2020-05-13 09:23:00","2020-05-13 17:23:00","Italian PM Conte's Cabinet is poised to approve Italy's EUR 55bln package"
"2020-05-13 09:12:00","2020-05-13 17:12:00","Italy sells EUR 9bln vs. Exp. EUR 7.5-9bln 0.60% 2023, 0.85% 2027, 3.35% 2035 and 3.10% 2040 BTP"
"2020-05-13 09:12:00","2020-05-13 17:12:00","German government is to ease border controls from Saturday 16th, according to NTV; Interior Ministry is reportedly aiming to end border controls on 15th June, according to dpa Agency"
"2020-05-13 09:10:00","2020-05-13 17:10:00","Tenecent (700 HK) - Q1 revenue CNY 108.065bln vs. Exp. CNY 101bln. Net CNY 28.896bln vs. Prev. CNY 27.210bln. Operating prof CNY 37.3bln vs. Exp. CNY 30.6bln. Combined WEIXIN and WECHAT MAUs 1.202bln vs. Prev. 1.1117bln"
"2020-05-13 09:05:00","2020-05-13 17:05:00","UK Chancellor Sunak says it is premature to think about how the cost of COVID-19 can be repaid"
"2020-05-13 09:03:00","2020-05-13 17:03:00","UK sells GBP 600mln 0.125% 2048 I/L Gilt with a b/c 3.36x (Prev. b/c 2.64x) and real yield -2.166% (Prev. -1.825%) "
"2020-05-13 09:01:00","2020-05-13 17:01:00","SNB allots 0 in its 8-day USD operations and USD 149mln in 84-day operations"
"2020-05-13 09:00:00","2020-05-13 17:00:00","BoE allots USD 0 in its 84-day USD operation (Prev. USD 0), allots USD 0 in its 8-day operation (Prev. USD 0)"
"2020-05-13 08:39:00","2020-05-13 16:39:00","Japanese government is to consult a panel of experts regarding the potential lifting of the state of emergency for 39/47 of Japans's prefectures, according to NHK "
"2020-05-13 08:36:00","2020-05-13 16:36:00","BoJ cut Japanese ETF purchases today to JPY 100bln (Prev. 120bln) "
"2020-05-13 08:34:00","2020-05-13 16:34:00","BHP (BHP LN)/ ENEL (ENEL IM)/ Uniper (UN01 GY) - Norwegian wealth fund puts Cos under review for possible exclusion of investment amid potential breaches in coal guidelines"
"2020-05-13 08:32:00","2020-05-13 16:32:00","Norges Bank Governor Olsen says that the bank does not foresee any further rate reductions, adding that the economy is well-equipped to deal with the crisis"
"2020-05-13 08:27:00","2020-05-13 16:27:00","European Commission has proposed prolonging travel restrictions for people entering EU or Schengen State from outside to June 15th; setting out guidelines to allow safe resumption of tourism activities"
"2020-05-13 08:22:00","2020-05-13 16:22:00","Newsquawk Bond Auction Previews - 13th May 2020"
"2020-05-13 08:01:00","2020-05-13 16:01:00","Airlines will not be required to keep the middle seat empty in order to resume travel, according to an EU executive"
"2020-05-13 08:01:00","2020-05-13 16:01:00","Wirecard (WDI GY) - Co. has rejected allegations in the investor lawsuit filed by law firm TILP"
"2020-05-13 07:39:00","2020-05-13 15:39:00","China's Foreign Ministry, on President Trump's efforts to push TSP fund to halt planned investments,  says Wanton placement of obstructions on US investors runs counter to economic law "
"2020-05-13 07:32:00","2020-05-13 15:32:00","Gilts shrug off data and deficit report, but Short Sterling futures more attentive"
"2020-05-13 07:28:00","2020-05-13 15:28:00","Sony (6758 JT) - CFO expects profit fall of at least ~30% for current FY"
"2020-05-13 07:28:00","2020-05-13 15:28:00","Sony (6758 JT) - CFO expects profit fall of at least ~30% for current FY"
"2020-05-13 07:13:00","2020-05-13 15:13:00","Tokyo has 10 new cases of COVID-19, according to TBS"
"2020-05-13 07:08:00","2020-05-13 15:08:00","Bunds: firm bounce from marginal mtd low"
"2020-05-13 07:06:00","2020-05-13 15:06:00","EU movers: Barratt Development (BDEV LN) +2.4%, Maersk (MAERSKB DC) -3.9%, ABN AMRO (ABN NA) -3.8%, Deutsche Bank (DBK GY) -3.6%, Glencore (GLEN LN) -3.4%, JCDecaux (DEC FP) -3%, Commerzbank (CBK GY) -2.3%, Anglo American (AAL LN) -1.7%"
"2020-05-13 06:55:00","2020-05-13 14:55:00","Additional European Equity Stories"
"2020-05-13 06:27:00","2020-05-13 14:27:00","Austrian/German border is to reopen from June 15th, according to Austrian Tourism Minister"
"2020-05-13 06:23:00","2020-05-13 14:23:00","Major FX expiry options for today's NY cut"
"2020-05-13 06:03:00","2020-05-13 14:03:00","Takeda (4502 JT) - 2019/20 net profit -67.3% at JPY 44.24bln. Operating profit -57.8% to JPY 100.41bln.  Pre-tax profit JPY -60.75bln vs. Prev. JPY +127.61bln"
"2020-05-13 06:00:00","2020-05-13 14:00:00","Sony (6758 JT) - 2019/20 net profit -36.5% YY to JPY 582.19bln. Operating profit -5.5% YY to JPY 845.46bln. pre-tax profit -21% YY to JPY 799.45bln"
"2020-05-13 05:51:00","2020-05-13 13:51:00","Exxon (XOM) Beaumont, Texas refinery (366k BPD) is reportedly restarting its FCC, according to sources"
"2020-05-13 05:49:00","2020-05-13 13:49:00","Daily European Equity Opening News"
"2020-05-13 05:34:00","2020-05-13 13:34:00","GT citing analyst says China will likely cut LNG imports from Australia, adding that US and Qatar are eyeing Australia's share "
"2020-05-13 05:33:00","2020-05-13 13:33:00","Chinese Gov't advisor reportedly stated that the two sessions, referring to the NPC meeting, will not have much direct bearing fro the trade deal; however, the language used will show how Beijing is to approach future deals with Washington, SCMP"
"2020-05-13 05:22:00","2020-05-13 13:22:00","Newsquawk Daily European Opening News - 13th May 2020"
"2020-05-13 05:17:00","2020-05-13 13:17:00","Japanese Economic Minister Nishimura says wants to deal swiftly with 2nd extra budget also states it is difficult to move Tokyo out of state of emergency"
"2020-05-13 05:04:00","2020-05-13 13:04:00","South Korea is said to have secured decisive evidence that the recent shooting incident at the demilitarized zone was accidental, according to sources"
"2020-05-13 05:00:00","2020-05-13 13:00:00","Eco Watchers Survey Outlook  (Apr) 16.6 (Prev. 14.2)"
"2020-05-13 05:00:00","2020-05-13 13:00:00","Eco Watchers Survey Current (Apr) 7.9 (Prev. 14.2); lowest since comparable data was available in 2002"
"2020-05-13 04:59:00","2020-05-13 12:59:00","Alameda County says Tesla (TSLA) can restart operation if guidance is followed"
"2020-05-13 04:57:00","2020-05-13 12:57:00","ASIA-PAC MARKET WRAP: Asia traded cautious on COVID-19 second wave concerns and US Senate moves to sanction China"
"2020-05-13 04:45:00","2020-05-13 12:45:00","Australia AOFM says sold AUD 19bln in new 1.00% 2030 Bonds through syndication, avgg. yield 1.025%, b/c at 2.82"
"2020-05-13 04:37:00","2020-05-13 12:37:00","Japanese Bankruptcies (Apr) Y/Y 15.2% (Prev. 11.8%)"
"2020-05-13 04:00:00","2020-05-13 12:00:00","Malaysia GDP (Q1) Y/Y 0.7% vs. Exp. -1.0% (Prev. 3.6%)"
"2020-05-13 04:00:00","2020-05-13 12:00:00","Malaysia GDP (Q1) Q/Q -2.0% vs. Exp. -2.7% (Prev. 0.6%)"
"2020-05-13 03:51:00","2020-05-13 11:51:00","Apple (AAPL) reportedly urges Luxshare-ICT to invest into Catcher Tech  (2474 TT) to have an alternative to Foxconn (2354 TT)"
"2020-05-13 03:41:00","2020-05-13 11:41:00","Hero Motocorp (HMCL IS) confirms it reopen 3 of its 6 plants in India"
"2020-05-13 03:36:00","2020-05-13 11:36:00","PRE-MARKET INDIAN STOCK NEWS: Indian PM Modi announced a special economic package totalling INR 20tln"
"2020-05-13 03:30:00","2020-05-13 11:30:00","New Zealand introduces national interest test for all foreign investments"
"2020-05-13 03:27:00","2020-05-13 11:27:00","RBNZ Governor Orr says not looking for a V shaped recovery and that recovery will take a long period"
"2020-05-13 03:12:00","2020-05-13 11:12:00","RBNZ Deputy Governor Bascand says asked banks to be ready by end of the year for negative rates"
"2020-05-13 03:06:00","2020-05-13 11:06:00","Citi upgrades Q2 average gold price outlook to USD 1710/oz and says base case market outlook continues to forecast breach of USD 2000/oz next year, adds expects platinum prices supported through H2 this year on improved economic sentiment and demand"
"2020-05-13 03:04:00","2020-05-13 11:04:00","RBNZ Governor Orr says policy committee is prepared to do whatever it takes, adds hope we never have to use all policy options and will be assesing all tools including negative rates"
"2020-05-13 02:48:00","2020-05-13 10:48:00","ASIA-PAC MID-SESSION UPDATE: Asia trades subdued on COVID-19 second wave concerns and US Senate's moves to sanction China"
"2020-05-13 02:29:00","2020-05-13 10:29:00","Moody's says coronavirus dents large Australian banks' earnings and that capital preservation supports ratings but there are challenges ahead"
"2020-05-13 02:28:00","2020-05-13 10:28:00","Nissan (7201 JT) medium-term plan is to seek JPY 300bln in cost cuts this year, sees rev. reaching JPY 11.5tln and is to include a restructuring charge"
"2020-05-13 02:19:00","2020-05-13 10:19:00","China Development Bank will issue CNY 64bln loans to Hubei government for 2020 which is an increase of 100% Y/Y"
"2020-05-13 02:00:00","2020-05-13 10:00:00","RBNZ leaves rates unchanged at 0.25% but boosts QE to NZD 60bln as expected "
"2020-05-13 01:37:00","2020-05-13 09:37:00","South Korea is reportedly on alert regarding new wave of coronavirus cases, according to Yonhap"
"2020-05-13 01:32:00","2020-05-13 09:32:00","Australian Bureau of Statistics says overseas arrivals in April fell 99% due to restrictions"
"2020-05-13 01:27:00","2020-05-13 09:27:00","Philippines government sees GDP contracting 2.0%-3.4% this year and sees USD/PHP at 50.00-54.00 in 2020-2022"
"2020-05-13 01:16:00","2020-05-13 09:16:00","Las Vegas Sands (LVS) said to be dropping out of USD 10bln casino project in Japan amid disagreements on licensing and tax terms"
"2020-05-13 01:15:00","2020-05-13 09:15:00","PBoC sets USD/CNY mid-point at 7.0875 vs. Exp. 7.0867 (Prev. 7.0919)"
"2020-05-13 01:15:00","2020-05-13 09:15:00","PBoC skips open market operations and are net neutral on the day"
"2020-05-13 01:13:00","2020-05-13 09:13:00","PRE-MARKET CHINESE STOCK NEWS: US Republican Senators proposed legislation which would empower President Trump to impose sanctions on China if it does not provide a ""full accounting"" for the coronavirus outbreak"
"2020-05-13 01:12:00","2020-05-13 09:12:00","South Korea reports 26 additional coronavirus cases to take total to 10,962 and 1 additional death for a total of 259, while there were 25 newly recovered to take total to 9,695"
"2020-05-13 01:10:00","2020-05-13 09:10:00","BoJ offers to buy JPY 340bln in 1yr-3yr JGBs, JPY 350bln in 3yr-5yr JGBs and JPY 120bln in 10yr-25yr JGBs"
"2020-05-13 01:01:00","2020-05-13 09:01:00","New Zealand PM Arden states in pre-budget speech that country about to enter a very tough winter and budget will look to accelerate employment, empower businesses and stimulate the economy"
"2020-05-13 00:53:00","2020-05-13 08:53:00","China's Jilin province will halt train services from today as part of coronavirus containment efforts"
"2020-05-13 00:40:00","2020-05-13 08:40:00","AFP tweets there were 1894 deaths in US from coronavirus in 24 hours, citing the Johns Hopkins tracker"
"2020-05-13 00:39:00","2020-05-13 08:39:00","KT Corp (030200 KS) Q1 net KRW 208.3bln vs. Prev. KRW 231.0bln Y/Y"
"2020-05-13 00:39:00","2020-05-13 08:39:00","KT Corp (030200 KS) Q1 net KRW 208.3bln vs. Prev. KRW 231.0bln Y/Y"
"2020-05-13 00:35:00","2020-05-13 08:35:00","New Zealand stats agency says for week ended May 6th total export declined 8% Y/Y and imports fell 3.5% Y/Y"
"2020-05-13 00:32:00","2020-05-13 08:32:00","PRE-MARKET TAIWAN AND SINGAPORE STOCK NEWS: HTC (2498 TT) reports 8th consecutive quarterly loss"
"2020-05-13 00:30:00","2020-05-13 08:30:00","Australian Westpac Consumer Confidence Index (May) 88.1 (Prev. 75.6)"
"2020-05-13 00:24:00","2020-05-13 08:24:00","PBoC is expected to set USD/CNY mid-point at 7.0867, according to a major newswire estimate"
"2020-05-13 00:21:00","2020-05-13 08:21:00","Mainland China reports 7 additional coronavirus case on May 12th vs. 1 additional case on May 11th"
"2020-05-13 00:02:00","2020-05-13 08:02:00","Asia equity markets begin lower across the board with risk appetite subdued amid fears of a 2nd wave of the coronavirus and following reports US senators introduced legislation to sanction China for failure to cooperate on coronavirus"