"gmt_time","hk_time","subject"
"2020-04-22 23:48:00","2020-04-23 07:48:00","RBNZ buys NZD 129mln of Local Government Funding Agency bonds in QE auction vs. targeted NZD 130mln"
"2020-04-22 23:47:00","2020-04-23 07:47:00","RBA adds AUD 2.71bln to banking system through repos vs. Prev. AUD 550mln"
"2020-04-22 23:43:00","2020-04-23 07:43:00","PRE-MARKET AUSTRALIA, JAPAN AND SOUTH KOREA STOCK NEWS: Quarterly updates including Santos, Samsung C&T and SK Hynix"
"2020-04-22 23:40:00","2020-04-23 07:40:00","HKMA sells HKD 1.82bln into market after HKD reached strong end of trading range"
"2020-04-22 23:35:00","2020-04-23 07:35:00","SK Hynix (000660) Q1 net KRW 649bln vs. Exp. 369bln (Prev. KRW 1.1tln Y/Y), oper. profit KRW 800.3bln vs. Exp. KRW 369bln, rev. KRW 7.20tln vs. Exp. 6.97tln"
"2020-04-22 23:32:00","2020-04-23 07:32:00","BoJ Policy Board is to meet on April 27th, according to NHK"
"2020-04-22 23:30:00","2020-04-23 07:30:00","US President Trump says US ships will shoot Iranians out of the water if they get too close to US ships"
"2020-04-22 23:22:00","2020-04-23 07:22:00","RBA says excess cash at exchange settlement accounts at AUD 67.3bln vs. Prev.  AUD 71.3bln"
"2020-04-22 23:15:00","2020-04-23 07:15:00","Japan is to add 13 countries to its entry ban, according to Japanese press"
"2020-04-22 23:10:00","2020-04-23 07:10:00","South Korea Finance Minister Hong says shocks to jobs and the real economy could widen in Q2"
"2020-04-22 23:05:00","2020-04-23 07:05:00","US President Trump says may extend or change executive order on immigration even during the 60-day period that it is in force"
"2020-04-22 23:02:00","2020-04-23 07:02:00","US NIH's Fauci says mitigation program of physical distancing has worked and is basis for being able to think seriously about reopening, adds we're not finished and need to proceed in careful and measured way"
"2020-04-22 23:00:00","2020-04-23 07:00:00","Australian CBA Services PMI (Apr P) 19.6 (Prev. 38.5)"
"2020-04-22 23:00:00","2020-04-23 07:00:00","Australian CBA Composite PMI (Apr P) 22.4 (Prev. 39.4)"
"2020-04-22 23:00:00","2020-04-23 07:00:00","Australian CBA Manufacturing PMI (Apr P) 45.6 (Prev. 49.7)"
"2020-04-22 22:47:00","2020-04-23 06:47:00","German coalition parties agree to further measures to protect workers and companies from impact of the coronavirus pandemic which includes higher state transfers in short-time work scheme to cover up to 80% of lost net income"
"2020-04-22 22:45:00","2020-04-23 06:45:00","US President Trump says he signed executive order suspending immigration to the US"
"2020-04-22 22:33:00","2020-04-23 06:33:00","US President Trump says he told Georgia's Governor he disagrees strongly with decision to open up certain facilities but he should do what he thinks is right, adds spas, salons and barbershops being open in phase 1 is just too soon"
"2020-04-22 22:26:00","2020-04-23 06:26:00","Daimler (DAI GY) prelim. Q1 adj. EBIT EUR 719mln vs. Prev. EUR 2.79bln Y/Y"
"2020-04-22 22:19:00","2020-04-23 06:19:00","White House Coronavirus Task Force member Birx says we don't know if coronavirus will come back"
"2020-04-22 22:16:00","2020-04-23 06:16:00","US CDC Director Redfield clarifies recent statement and says having coronavirus and flu circulating at the same time would be difficult but not worse than current outbreak"
"2020-04-22 22:14:00","2020-04-23 06:14:00","BoJ is said to be mulling additional monetary easing, according to Japanese press reports"
"2020-04-22 22:12:00","2020-04-23 06:12:00","US President Trump says number of new coronavirus cases continues to decline and more states will soon be in a position to gradually reopen"
"2020-04-22 21:23:00","2020-04-23 05:23:00","ASIAN DAILY ECONOMIC RELEASES CALENDAR IS NOW AVAILABLE IN THE RESEARCH SECTION: Highlights include: Australian PMIs and Preliminary Trade data, South Korean GDP and Japanese Leading Index"
"2020-04-22 21:14:00","2020-04-23 05:14:00","G20 Trade and Investment working group discussed long-term action to support multilateral trading system, while they also discussed strengthening international investment to expedite recovery from coronavirus pandemic"
"2020-04-22 21:02:00","2020-04-23 05:02:00","DAILY ASIA-PAC OPENING NEWS"
"2020-04-22 20:55:00","2020-04-23 04:55:00","Brazilian Health Minister says will work on a plan to exit quarantine which will be released in a week"
"2020-04-22 20:55:00","2020-04-23 04:55:00","Brazilian Health Minister says will work on a plan to exit quarantine which will be released in a week"
"2020-04-22 20:52:00","2020-04-23 04:52:00","China's Global Times tweets China's aviation is recovering with April passenger numbers back to a third of pre-pandemic levels"
"2020-04-22 20:41:00","2020-04-23 04:41:00","US President Trump agreed with Qatar's leader on importance of Taliban reducing violence in Afghanistan and continuing talks on prisoner releases"
"2020-04-22 20:30:00","2020-04-23 04:30:00","O'Reilly Automotive Inc (ORLY) Q1 20 (USD): EPS 3.97 (exp. 4.02), Revenue 2.48bln (exp. 2.47bln); SSS -1.9%. Withdraws FY guidance"
"2020-04-22 20:20:00","2020-04-23 04:20:00","Xilinx Inc (XLNX) Q4 20 (USD): Adj. EPS 0.78 (exp. 0.70), Revenue 0.756bln (exp. .75bln). Q1 revenue view 660mln-720mln (exp. 739mln). ""believe it is prudent to provide only quarterly guidance at this time."""
"2020-04-22 20:15:00","2020-04-23 04:15:00","Fidelity National Financial Inc (FNF) Q1 20 (USD): Adj. EPS 0.73 (exp. 0.59), Revenue 1.9bln (exp. 1.88bln)."
"2020-04-22 20:15:00","2020-04-23 04:15:00","Newsquawk US Market Wrap - April 22nd: Oil bounces back supporting wider risk appetite "
"2020-04-22 20:05:00","2020-04-23 04:05:00","Kinder Morgan Inc (KMI) Q1 20 (USD): Adj. EPS 0.25 (exp. 0.27), Revenue 3.11bln (exp. 3.43bln). "
"2020-04-22 20:05:00","2020-04-23 04:05:00","Seagate Technology PLC (STX) Q3 20 (USD): Adj. EPS 1.38 (exp. 1.31), Revenue 2.6bln (exp. 2.62bln)."
"2020-04-22 20:05:00","2020-04-23 04:05:00","Las Vegas Sands Corp (LVS) Q1 20 (USD): EPS  (exp. 0.20), Revenue 1.78bln (exp. 2.23bln). Suspends dividend programme"
"2020-04-22 20:05:00","2020-04-23 04:05:00","Lam Research Corp (LRCX) Q1 20 (USD): Adj. EPS 3.98 (exp. 3.98), Revenue 2.50bln (exp. 2.6bln)."
"2020-04-22 20:02:00","2020-04-23 04:02:00","CSX Corp (CSX) Q1 20 (USD): EPS 1.00 (exp. 0.94), Revenue 2.86bln (exp. 2.86bln). Withdraws guidance"
"2020-04-22 20:01:00","2020-04-23 04:01:00","TD Ameritrade Holding Corp (AMTD) Q2 20 (USD): EPS 0.82 (exp. 0.87), Revenue 1.5bln (exp. 1.41bln). Record daily average revenue trades of 2.1mln (+144%) - Charles Schwab (SCHW) deal on trade to close in H2"
"2020-04-22 19:41:00","2020-04-23 03:41:00","Apple’s (AAPL) default Mail app for the iPhone reportedly has a severe security flaw, according to the Verge citing researchers "
"2020-04-22 19:37:00","2020-04-23 03:37:00","Boeing (BA) is reportedly going to lay off 10% of its workers in civil aviation, according to AFP citing sources"
"2020-04-22 19:36:00","2020-04-23 03:36:00","FX WRAP: Risk-sensitive FX benefits despite higher DXY; EMFX fails to rally despite constructive risk backdrop"
"2020-04-22 19:31:00","2020-04-23 03:31:00","US Senate Republican Leader McConnell says we will wait until at least next month to work on aid for states, says will wait until atleast May 4th and assess the effects of the stimulus before mulling a Phase Four bill"
"2020-04-22 19:28:00","2020-04-23 03:28:00","TREASURY WRAP: T-Note futures (M0) settled 11 ticks lower at 139-01+"
"2020-04-22 18:45:00","2020-04-23 02:45:00","ECB says it has taken steps to mitigate the impact of potential debt rating downgrades on collateral availability"
"2020-04-22 18:40:00","2020-04-23 02:40:00","Spanish parliament voted to extend its lockdown measures to May 9th"
"2020-04-22 18:33:00","2020-04-23 02:33:00","CRUDE SETTLEMENT: WTI (M0) settles USD 2.21 higher at USD 13.78/bbl; WTI (N0) settles USD 2.00 higher at USD 20.69/bbl; Brent (M0) settles USD 1.04 higher at USD 20.37/bbl"
"2020-04-22 18:25:00","2020-04-23 02:25:00","Saudi Aramco has started to scale back production from its maximum capacity (12mln BPD) in preparation for lowering its output to 8.5mln BPD in May, according to industry sources cited by Energy Intelligence"
"2020-04-22 18:05:00","2020-04-23 02:05:00","USO may allocate 20% of its portfolio in June contracts (Prev. 40%), 50% in July (Prev. 55%), 20% in August (Prev. 5%) and 10% in September (Prev. 0%)"
"2020-04-22 17:53:00","2020-04-23 01:53:00","US COVID-19 cases +3.4% at 802,583 (prev. +4% at 776,093); death toll +6.7% at 44,575 (prev. +6.8% 41,758)"
"2020-04-22 17:26:00","2020-04-23 01:26:00","France reports further declines in the number of patients in ICU and hospitalizations "
"2020-04-22 17:23:00","2020-04-23 01:23:00","Auto retail sales are reportedly showing a recovery in the first two weeks of this month, and that all US markets saw stronger pace of sales last week, according to a JD Power analyst"
"2020-04-22 17:11:00","2020-04-23 01:11:00","Toyota (TM) to halve Japan production in May, according to Nikkei "
"2020-04-22 17:04:00","2020-04-23 01:04:00","Delta Airlines (DAL) CEO says it is working on simplifying its fleet structure"
"2020-04-22 16:47:00","2020-04-23 00:47:00","UK Chief Medical Advisor Whitty says the chances of having a vaccine in the next calendar year is incredibly small, and until then, will need to rely on disruptive social distancing measures"
"2020-04-22 16:36:00","2020-04-23 00:36:00","Bank of America (BAC) launches USD 3bln 11-year NC10 FXD to FRN at T+200bp (in line with guidance)"
"2020-04-22 16:33:00","2020-04-23 00:33:00","IMF says new short-term liquidity line can help countries before liquidity issues turn into problems that are much bigger; estimate that current short-term demand for liquidity line could be up to USD 50bln"
"2020-04-22 16:30:00","2020-04-23 00:30:00","EU Commission has approved Mylan's (MYL) and Pfizer's (PFE) Upjohn unit, although the merger is subject to conditions"
"2020-04-22 16:18:00","2020-04-23 00:18:00","China crude steel output (March): -1.7% Y/Y to 79mln tonnes; global crude steel output -6% Y/Y to 147.1mln tonnes, according to World Steel"
"2020-04-22 16:04:00","2020-04-23 00:04:00","Google (GOOGL) says it recently has detected a ramp up of malware & phishing Gmail messages, including from government-backed attacker groups using COVID-19 themes"
"2020-04-22 16:02:00","2020-04-23 00:02:00","Italy COVID-19 cases +1.83% at 187,327 (prev. +1.5% at 183,957); death toll +1.76% 25,083 (prev. +2.2% at 24,648)"
"2020-04-22 15:42:00","2020-04-22 23:42:00","New York COVID-19 cases +2.4% at 257,216 (Prev.+1.7% at 251,690); death toll +474 (Prev. +3.4% (+481) to 14,828) "
"2020-04-22 15:40:00","2020-04-22 23:40:00","New York State COVID-19 hospitalizations falls beneath 16,000 (prev. 16,076)"
"2020-04-22 15:30:00","2020-04-22 23:30:00","EUROPEAN PRELIMINARY CASH EQUITY CLOSES: EURO STOXX 50 (+1.59%) at 2836, FTSE 100 (+2.31%) at 5772, DAX (+1.66%) at 10,420, CAC 40 (+1.25%) at 4412, IBEX 35 (+1.33%) at 6723, FTSE MIB (+1.94%) at 16,770, SMI (+1.12%) at 9655"
"2020-04-22 15:27:00","2020-04-22 23:27:00","Daily FX Wrap: crude reawakening and CBRT rear-guard action"
"2020-04-22 15:23:00","2020-04-22 23:23:00","Canadian PM Trudeau announces CAD 9bln to help students deal with COVID-19 challenges"
"2020-04-22 15:23:00","2020-04-22 23:23:00","A Senior Pentagon official says he has no reason not to assume North Korea leader Kim Jong Un is still leading the country"
"2020-04-22 15:22:00","2020-04-22 23:22:00","Fed buys USD 3.5bln TIPS 1 to 7.5 year sector; offer-to-cover: 1.95x (prev. 2.02x)  "
"2020-04-22 15:20:00","2020-04-22 23:20:00","Canada COVID-19 cases rise to 38,932 (prev. 37,382), death toll rises to 1,871 (prev. 1,728)"
"2020-04-22 15:10:00","2020-04-22 23:10:00","US Secretary of State Pompeo says Iran needs to be held accountable for its military organisation, The IRGC, and for looking to launch a satelite "
"2020-04-22 15:03:00","2020-04-22 23:03:00","Oklahoma Corporation Commission approves emergency application to declare oil output in the state economic waste"
"2020-04-22 14:56:00","2020-04-22 22:56:00","US Secretary of State Pompeo says the US strongly believes China did not report the coronavirus outbreak to the WHO in a timely fashion"
"2020-04-22 14:52:00","2020-04-22 22:52:00","Sycamore Partners are reportedly looking to terminate the Victoria's Secret deal with L Brands (LB), according to a filing"
"2020-04-22 14:49:00","2020-04-22 22:49:00","PRIMER: Eurogroup Summit on Thursday; Lack of detailed proposals could see another impasse or delay in negotiations"
"2020-04-22 14:42:00","2020-04-22 22:42:00","Senior US official says US is not yet satisfied that the sanctioned Rosneft trading unit has ceased operating with Venezuela's Maduro"
"2020-04-22 14:33:00","2020-04-22 22:33:00","Swedish PM says it is not the correct time to ease COVID-19 restrictions; on contrary ready to do more if needed "
"2020-04-22 14:33:00","2020-04-22 22:33:00","Swedish PM says it is not the correct time to ease COVID-19 restrictions; on contrary ready to do more if needed "
"2020-04-22 14:32:00","2020-04-22 22:32:00","Fed buys USD 3.5bln Treasury Coupons 7 to 20 year sector; offer-to-cover: 4.04x (prev. 3.62x)"
"2020-04-22 14:27:00","2020-04-22 22:27:00","Shell (RDSA LN) Convent Louisiana, 240k BPD, refinery has shut its small crude unit due to COVID-19, according to sources"
"2020-04-22 14:10:00","2020-04-22 22:10:00","Saudi Arabia are reportedly looking into the re-routing of tankers destined for the US in the event that the US imposes a ban on crude imports from Saudi Arabia, according to sources"
"2020-04-22 14:07:00","2020-04-22 22:07:00","Delta Airlines (DAL) says it will likely have to resize its business in the near term to protect itself in the longer term, adds it expects to have USD 10bln in liquidity by the end of the June qtr, expects to raise several billion more in financing  "
"2020-04-22 14:07:00","2020-04-22 22:07:00","Swiss Finance Minister says looking at the global environment, that interest rates can only go down can not go up"
"2020-04-22 13:49:00","2020-04-22 21:49:00","BoE GBP 1.0bln 20yr+ Gilt reinvestment offer-to-cover ratio 2.28x (Prev. 2.42x)"
"2020-04-22 13:48:00","2020-04-22 21:48:00","UK COVID-19 cases rise to 133,495 (prev. 129,044), death toll rises to 18,100 (prev. 17,337); deaths rise by 759 (+4.4%) vs. yesterday's increase of 823 (+5.02%)"
"2020-04-22 13:46:00","2020-04-22 21:46:00","Air France (AF FP) is said to be nearing a rescue loan with banks after France offered improved guarantees, with Paris ready to guarantee 90% of Co. loans, sources state"
"2020-04-22 13:42:00","2020-04-22 21:42:00","DoE Expectations (bbls): Crude +15.15mln, Distillates +2.75mln, Gasoline +3.578mln, Refining -2.2%"
"2020-04-22 13:41:00","2020-04-22 21:41:00","US EQUITY OPEN NOTE: Indices and sectors open in the green rebounding from prior day losses "
"2020-04-22 13:40:00","2020-04-22 21:40:00","Apollo (APO) is reportedly mulling an investment in Norwegian Cruise Line Holdings, according to Dealreporter"
"2020-04-22 13:39:00","2020-04-22 21:39:00","South Africa could relax and tighten economic restrictions on a periodic basis once lockdown measures have been lifted, according to a draft government presentation"
"2020-04-22 13:26:00","2020-04-22 21:26:00","US Treasury Secretary Mnuchin says Trump administration is looking at different plans to support US oil prices; thinks oil will reach USD 30/bbl by August"
"2020-04-22 13:19:00","2020-04-22 21:19:00","US Treasury Secretary Mnuchin says he hopes that additional funds for small business will be enough ; adds will spend what it takes, and the cost of additional debt is low due to low rates"
"2020-04-22 13:18:00","2020-04-22 21:18:00","Additional US Equity Stories: PCG, NFLX, INSP"
"2020-04-22 13:08:00","2020-04-22 21:08:00","Baker Hughes (BKR) CEO says 2021 outlook remains unclear; thinks gas markets could correct sooner than oil markets"
"2020-04-22 13:05:00","2020-04-22 21:05:00","Newsquawk Daily US Equity Opening News - 22nd April 2020"
"2020-04-22 13:01:00","2020-04-22 21:01:00","Texas Governor said he will be making an important announcement next week regarding a reopen as Texans are not seeing the same severity as New York "
"2020-04-22 12:59:00","2020-04-22 20:59:00","NEC Director Kudlow says administration may need additional legislation to protect businesses amid COVID-19 re-openings"
"2020-04-22 12:54:00","2020-04-22 20:54:00","Fixed and FX latest: soft Canadian CPI shrugged aside, as crude arrests slide"
"2020-04-22 12:53:00","2020-04-22 20:53:00","BoE GBP 1.5bln 7-20yr Gilt reinvestment offer-to-cover ratio 2.77x (Prev. 2.87x)"
"2020-04-22 12:42:00","2020-04-22 20:42:00","Shell (RDSA LN) reportedly is to delay its final investment decisions on Gulf of Mexico and North Sea projects, according to a company source"
"2020-04-22 12:38:00","2020-04-22 20:38:00","Mexico President Lopez Obrador says government will increase budget by MXN 622.6bln for social programmes and critical projects to address COVID-19 crisis"
"2020-04-22 12:34:00","2020-04-22 20:34:00","NY Fed O/N repo operation receives no bids "
"2020-04-22 12:30:00","2020-04-22 20:30:00","Average of the three BOC core CPI measures (trim, median, common): 1.83% in March (prev. 1.97% in April)"
"2020-04-22 12:19:00","2020-04-22 20:19:00","Russia's energy minister Novak says global demand for crude has fallen by 20-30mln BPD; currently are at the bottom of the global oil demand decline"
"2020-04-22 12:11:00","2020-04-22 20:11:00","US House Speaker Pelosi says the House is to pass the latest COVID-19 relief bill on Thursday, according to MSNBC"
"2020-04-22 12:08:00","2020-04-22 20:08:00","German Government wants to do a tax aid package worth EUR 4.5bln, according to German press"
"2020-04-22 12:08:00","2020-04-22 20:08:00","US President Trump tweets that he has instructed the United States Navy to ""shoot down and destroy any and all Iranian gunboats if they harass our ships at sea."""
"2020-04-22 12:08:00","2020-04-22 20:08:00","ANALYSIS: Senate passed Stimulus v. 3.5; attention now on implementation and next phase of support "
"2020-04-22 12:03:00","2020-04-22 20:03:00","PRIMER: The ECB will today hold a call to consider adding junk-debt to its accepted list of collateral"
"2020-04-22 11:52:00","2020-04-22 19:52:00","BOE reverse auction for GBP 1.5bln 3-7 year Gilts sees offer-to-cover at 2.76x (prev. 2.96x)"
"2020-04-22 11:44:00","2020-04-22 19:44:00","Decision to hold an extraordinary OPEC+ meeting not finalised yet, source says; no date has been set yet, including the suggested date of May 10th; via Reza Zandi"
"2020-04-22 11:40:00","2020-04-22 19:40:00","Switzerland COVID-19 cases rise to 28,268; death toll rises to 1,217 "
"2020-04-22 11:32:00","2020-04-22 19:32:00","Nextera Energy Inc (NEE) Q1 20 (USD): EPS 2.38 (exp. 2.19), Revenue 4.61bln (exp. 4.85bln)"
"2020-04-22 11:32:00","2020-04-22 19:32:00","Spain is poised to raise EUR 15bln via its 10yr bond on demand in excess of EUR 97bln, according to leads"
"2020-04-22 11:31:00","2020-04-22 19:31:00","EU Commission said to seek EUR 320bln to finance the regional recovery "
"2020-04-22 11:30:00","2020-04-22 19:30:00","PRIMER: Canada March CPI due at 0830 ET/1330 BST; data to begin showing COVID-19 effects, RBC says"
"2020-04-22 11:30:00","2020-04-22 19:30:00","UK Foreign Minsiter Raab says we are beginning to come through the peak of the virus infections "
"2020-04-22 11:30:00","2020-04-22 19:30:00","Kimberly-Clark Corp (KMB) Q1 20 (USD): Adj. EPS 2.13 (exp. 1.96), Revenue 5.0bln (exp. 4.92bln). Withdraws FY20 guidance and temporarily suspended share repurchases from April 24th for at least the remainder of Q2"
"2020-04-22 11:21:00","2020-04-22 19:21:00","Scotiabank FX Daily - Risk Mood Improves on Equity Lift, But Oil Remains Soft  "
"2020-04-22 11:10:00","2020-04-22 19:10:00","China says it will ramp up COVID-19 testing capability and improve technology for testing"
"2020-04-22 11:07:00","2020-04-22 19:07:00","US Oil Fund (USO) announce a one-for-eight reverse stock split for shares to take place on April 28th, at close of trading"
"2020-04-22 11:06:00","2020-04-22 19:06:00","German Council of Economic Experts says the economy is to decline by 5.5%. according to Die Zeit; head of the Council says even this forecast is an optimistic one"
"2020-04-22 11:05:00","2020-04-22 19:05:00","US President Trump says he will sign an executive order on immigration later on Wednesday"
"2020-04-22 11:04:00","2020-04-22 19:04:00","Baker Hughes (BKR) making restructuring plans to get operations to the right size for anticipated activity levels and market conditions"
"2020-04-22 11:02:00","2020-04-22 19:02:00","Japan will prevent foreign companies from acquiring domestic pharmaceutical and medical equipment makers, according to Nikkei"
"2020-04-22 11:02:00","2020-04-22 19:02:00","Biogen Inc (BIIB) Q1 20 (USD): EPS 9.14 (exp. 7.70), Revenue 3.53bln (exp. 3.41bln).; sees completion of US filing in Q3 on its Alzheimer's drug Aducanumab"
"2020-04-22 11:00:00","2020-04-22 19:00:00","Delta Air Lines Inc (DAL) Q1 20 (USD): Adj. EPS -0.51 (exp. -0.74), Revenue 8.59bln (exp. 8.92bln). Sees Q2 revenue down by 90%"
"2020-04-22 11:00:00","2020-04-22 19:00:00","Delta Air Lines Inc (DAL) Q1 20 (USD): Adj. EPS -0.51 (exp. -0.74), Revenue 8.59bln (exp. 8.92bln). Sees Q2 revenue down by 90%"
"2020-04-22 11:00:00","2020-04-22 19:00:00","CBRT cuts its Weekly Repo Rate by 100bps to 8.75% (top end of expected range); risks to year-end inflation forecasts are to the downside"
"2020-04-22 10:58:00","2020-04-22 18:58:00","BoJ are to cut their monetary policy meeting to one day next week, according to NHK"
"2020-04-22 10:49:00","2020-04-22 18:49:00","AT&T (T) Q1 2020 (USD): EPS 0.84 (exp. 0.85); Revenue 42.2bln (exp. 44.2bln); maintains dividend commitment; withdraws FY 2020 guidance"
"2020-04-22 10:37:00","2020-04-22 18:37:00","German Health Minister Spahn says it will take months to get a vaccine for COVID-19"
"2020-04-22 10:34:00","2020-04-22 18:34:00","UK sells GBP 3.25bln 1.0% 2024 Gilt with a b/c 2.55x (Prev. b/c 2.12x), average yield 0.748% (Prev. 0.849%) and tail 0.2bps (Prev. 0.6bps)"
"2020-04-22 10:20:00","2020-04-22 18:20:00","French Official notes that France backs principles of Spain's EU recovery fund proposal; if only loans are issued then solidarity will be insufficiency; a physical meeting will be needed to decide on the fund - potentially before summer"
"2020-04-22 10:19:00","2020-04-22 18:19:00","Newsquawk Daily US Opening News - 22nd April 2020"
"2020-04-22 10:09:00","2020-04-22 18:09:00","IEA's Birol has urged OPEC+ producers to cut their production as soon as is possible and they may want to consider further output cuts"
"2020-04-22 10:03:00","2020-04-22 18:03:00","Newsquawk EU Mid Session: Stocks march higher as bonds recede while crude remains depressed - 22nd April 2020"
"2020-04-22 10:00:00","2020-04-22 18:00:00","German Finance Ministry says the debt/GDP ratio will increase to 75.25% for 2020"
"2020-04-22 10:00:00","2020-04-22 18:00:00","Thermo Fisher Scientific Inc (TMO) Q1 20 (USD): EPS 2.94  (exp. 2.81), Revenue 6.23bln (exp. 6.18bln)"
"2020-04-22 09:54:00","2020-04-22 17:54:00","Fixed Income: some consolidation after concessions for oil and risk recovery"
"2020-04-22 09:51:00","2020-04-22 17:51:00","ECB's Rehn says it is essential that the European Council generates a convincing package to mitigate the crisis"
"2020-04-22 09:47:00","2020-04-22 17:47:00","PRIMER: CBRT Rate Decision at 12:00BST; Expectations are for a 50bps cut to 9.25% (forecast range 50-100bps cut)"
"2020-04-22 09:45:00","2020-04-22 17:45:00","Russia's Kremlin states we need to analyse the oil market situation after the OPEC+ deal comes into effect"
"2020-04-22 09:39:00","2020-04-22 17:39:00","Demand for Spain's 10-year issuance has risen to EUR 82bln, according to Lead Manager"
"2020-04-22 09:33:00","2020-04-22 17:33:00","Iranian oil minister said 100% complience is seen from the start of May, which will take around 10mln BPD of production off the market - this will have a gradual imapct, cited by Argus Media"
"2020-04-22 09:30:00","2020-04-22 17:30:00","KEY METRICS: AT&T (T) to report Q1 2020 at 0650 ET/1150 BST"
"2020-04-22 09:30:00","2020-04-22 17:30:00","Kone (KNEBV FH) - Q1 sales EUR 2.198bln vs. Exp. EUR 2.02bln. EBITDA EUR 205.6mln vs. Exp. EUR 183.73mln. Orders received +0.7% to EUR 2.109bln vs. Prev. EUR 2.0941bln"
"2020-04-22 09:26:00","2020-04-22 17:26:00","Energy Intelligence's Research & Advisory service estimates ""that the world still has 500 million to 600 million barrels of free storage space, but not all of it is readily accessible and storage capacity could effectively be filled by June"""
"2020-04-22 09:23:00","2020-04-22 17:23:00","FX Morning Colour: some retail therapy for the Aussie and respite elsewhere"
"2020-04-22 09:15:00","2020-04-22 17:15:00","German Federal Institute for Vaccines says that a clinical test of a COVID-19 vaccine in Germany has gained approval; 4th such approved test in the world "
"2020-04-22 09:06:00","2020-04-22 17:06:00","Spain's coronavirus cases stand at 208,389 (Prev. 204,178), according to the Health Ministry; deaths rise by 435 to 21,717 (Prev. 21,282"
"2020-04-22 09:04:00","2020-04-22 17:04:00","UK sells GBP 3bln 1.25% 2027 Gilt with a b/c 2.37 (Prev. b/c 2.38x), average yield 0.16% (Prev. 1.288%) and tail 0.3bps (Prev. 0.1bps)  "
"2020-04-22 09:03:00","2020-04-22 17:03:00","SNB allots USD 0.5bln in its 7-day USD operations and USD 889mln in 84-day operations"
"2020-04-22 09:01:00","2020-04-22 17:01:00","BoE allots USD 0bln in their 84-day USD operation; USD 2.045bln allotted in 7-day repo operation"
"2020-04-22 09:00:00","2020-04-22 17:00:00","ECB's Rehn says the Governing Council will do everything necessary to ensure supportive financing conditions amid the pandemic; it is necessary to support the most severely hit countries; half of the IMF member have approached for emergency financing"
"2020-04-22 08:53:00","2020-04-22 16:53:00","Daily Fed planned Treasury/TIPS purchase amounts and schedules, 22nd April 2020"
"2020-04-22 08:51:00","2020-04-22 16:51:00","ECB allots USD 2bln in its 84-day operation"
"2020-04-22 08:34:00","2020-04-22 16:34:00","Orders for Spain's new 10yr issuance have reached a record level of EUR 66bln"
"2020-04-22 08:28:00","2020-04-22 16:28:00","Saudi Aramco has selected HSBC (HSBA LN) and SMBC (8316 JT) to coordinate discussions with banks for a USD 10bln loan, according to sources "
"2020-04-22 08:11:00","2020-04-22 16:11:00","EU officials note of a large divide between member states on whether the virus Recover Fund should be only grants or only loans"
"2020-04-22 08:09:00","2020-04-22 16:09:00","Spanish PM Sanchez says the Eurogroup financial economic short-term package should be implemented by June 1st"
"2020-04-22 07:57:00","2020-04-22 15:57:00","Italy is planning a EUR 55bln increase in its deficit to fight coronavirus, according to officials"
"2020-04-22 07:54:00","2020-04-22 15:54:00","Gilts tracking broadly softer Eurozone tone, Short Sterling futures narrowly mixed"
"2020-04-22 07:51:00","2020-04-22 15:51:00","Two refiners in India are to lower Mideast term crude imports in May for a second consecutive month as storage if full and demand is weak, according to sources "
"2020-04-22 07:45:00","2020-04-22 15:45:00","Spanish PM Sanchez is looking for a first consensus at tomorrow's coronavirus aid EU summit"
"2020-04-22 07:42:00","2020-04-22 15:42:00","Tokyo has 132 new cases of COVID-19, according to Jiji"
"2020-04-22 07:40:00","2020-04-22 15:40:00","HKMA is to introduce a temporary USD liquidity facility to make available USD liquidity assistance for licensed banks "
"2020-04-22 07:36:00","2020-04-22 15:36:00","Spanish 10yr bond has received initial demand in excess of EUR 38bln"
"2020-04-22 07:30:00","2020-04-22 15:30:00","Riksbank are to purchase municipal bonds for a nominal amount of SEK 15bln between 27th April and 30th June"
"2020-04-22 07:28:00","2020-04-22 15:28:00","Nigeria is to reduce oil output amid a lack of storage, according to Premium Times"
"2020-04-22 07:16:00","2020-04-22 15:16:00","Spanish PM Sanchez says the goal is to de-escalate lockdown measures in the second half of May"
"2020-04-22 07:16:00","2020-04-22 15:16:00","Japanese Economy Minister states that there has been no concrete talks with experts regarding lifting the State of Emergency"
"2020-04-22 07:14:00","2020-04-22 15:14:00","Singapore Health Ministry confirms 1,016 new coronavirus cases (Prev. 1,111) as of Wednesday"
"2020-04-22 07:04:00","2020-04-22 15:04:00","EU equity movers: STMicroelectronics (STM FP) +5.6%, Akzo Nobel (AKZA NA) +5%, Infineon (IFX GY) +3.5%, Ericsson (ERICB SS) +3.4%, Atos (ATO FP) +2.9%, Roche (ROG SW) +2.2%, Kering (KER FP) -6.1%, Adecco (ADEN SW) -4.2%, Burberry (BRBY LN) -1.7%"
"2020-04-22 07:04:00","2020-04-22 15:04:00","ECB President Lagarde says primary market purchase of gov't debt would undermine sound budgetary policy requirements in EU treaty,; the Governing Council has not discussed the issue of helicopter money"
"2020-04-22 06:50:00","2020-04-22 14:50:00","Hong Kong Monetary Authority says the size of the new USD-liquidity facility with the Fed will be USD 10bln"
"2020-04-22 06:45:00","2020-04-22 14:45:00","Bunds: deeper pull-back from 173.00+ highs ahead of ECB collateral call"
"2020-04-22 06:45:00","2020-04-22 14:45:00","Bunds: deeper pull-back from 173.00+ highs ahead of ECB collateral call"
"2020-04-22 06:44:00","2020-04-22 14:44:00","Additional European Equity News"
"2020-04-22 06:35:00","2020-04-22 14:35:00","China's Government is reportedly considering late-May for the National People's Congress, following the forced delay of this"
"2020-04-22 06:25:00","2020-04-22 14:25:00","Roche (ROG SW) CEO states he is afraid the most likely scenario is that there would not be a COVID-19 vaccine available before the end of next year, finds the 12-18 month timeline ambitious "
"2020-04-22 06:04:00","2020-04-22 14:04:00","Major FX expiry options for today's NY cut"
"2020-04-22 05:51:00","2020-04-22 13:51:00","Daily European Equity Opening News"
"2020-04-22 05:49:00","2020-04-22 13:49:00","South Korean Finance Ministry is to draw up the third extra budget of ""significant size"", cited by Yonhap"
"2020-04-22 05:46:00","2020-04-22 13:46:00","Newsquawk Bond Auction Previews - 22nd April 2020"
"2020-04-22 05:16:00","2020-04-22 13:16:00","Newsquawk Daily European Opening News - 22nd April 2020"
"2020-04-22 04:52:00","2020-04-22 12:52:00","ASIA-PAC MARKET WRAP: Asia stocks remain subdued after recent oil woes, but with the region off its lows"
"2020-04-22 04:34:00","2020-04-22 12:34:00","Myer (MYR AT) extends physical store closures to at least May 11th and will continue to operate online business during retail closures, adds has applied to government's jobkeeper payment subsidy scheme"
"2020-04-22 04:32:00","2020-04-22 12:32:00","Germany coronavirus cases rose by 2237 to 145694 and death toll rose by 281 to 4879, according to the RKI Health Institute"
"2020-04-22 04:30:00","2020-04-22 12:30:00","China HNA Capital is seeking delayed repayment of bond interest"
"2020-04-22 04:28:00","2020-04-22 12:28:00","Keppel Corp (KEP SP) led group receives SGD 1.5bln contract to develop waste facility"
"2020-04-22 03:43:00","2020-04-22 11:43:00","Australia Energy Minister says to establish a strategic fuel reserve with initial allocation of AUD 94mln and want to take advantage of low fuel prices, is working with industry to establish local storage and signed deal with US to access fuel reserves"
"2020-04-22 03:39:00","2020-04-22 11:39:00","FT writes that collapse of Singapore oil trader Hin Leong which filed for bankruptcy protection and is under investigation for hundreds of millions of undisclosed losses, risks a severe liquidity crunch for the domestic commodities sector"
"2020-04-22 03:33:00","2020-04-22 11:33:00","PRE-MARKET INDIAN STOCK NEWS: Facebook (FB) announces USD 5.7bln investment in Reliance’s subsidiary Jio Platforms"
"2020-04-22 03:25:00","2020-04-22 11:25:00","New Zealand Exports in 10-weeks to April 15th fell 5.1% Y/Y and Imports fell 7.8% Y/Y"
"2020-04-22 03:16:00","2020-04-22 11:16:00","China State Council approves Hong Kong Government proposal to replaces Patrick Nip with Erick Tsang as Constitutional and Mainland Affairs Secretary"
"2020-04-22 03:02:00","2020-04-22 11:02:00","ASIA-PAC MID-SESSION UPDATE: Asia stocks remain subdued after recent oil woes, but with the region off its lows"
"2020-04-22 02:30:00","2020-04-22 10:30:00","South Korea President Moon calls for 3rd extra budget of KRW 40tln and will increase size of rescue package to KRW 135tln from KRW 100tln"
"2020-04-22 02:10:00","2020-04-22 10:10:00","China banks rolled over CNY 576.8bln of loans in Q1, while bad loans, defaulst and repayment delays increased in Q1, according to the CBIRC"
"2020-04-22 02:05:00","2020-04-22 10:05:00","Harbin in Heilongjian Province of China has banned non-locals and non-local registered vehciles from entering residential zones amid coronavirus"
"2020-04-22 02:00:00","2020-04-22 10:00:00","Hyundai Engineering and Construction (000720 KS) receives USD 340mln contract to build a power plant in Taiwan"
"2020-04-22 01:52:00","2020-04-22 09:52:00","China Iron and Steel Association says overseas impact on China's steel exports will be seen in Q2"
"2020-04-22 01:30:00","2020-04-22 09:30:00","Australian Retail Sales (Mar P) 8.2% (Prev. 0.5%); largest increase on record"
"2020-04-22 01:26:00","2020-04-22 09:26:00","TSMC (2330 TT) warns of potential output delays due to factory and office shutdowns"
"2020-04-22 01:20:00","2020-04-22 09:20:00","PRE-MARKET CHINESE STOCK NEWS: HKMA intevenes to defend the peg"
"2020-04-22 01:19:00","2020-04-22 09:19:00","Tokyo Governor Koike says considering limiting supermarket customers"
"2020-04-22 01:17:00","2020-04-22 09:17:00","South Korea reports 11 additional coronavirus cases to take total to 10,694 and 1 additional death for a total of 238, while there were 64 newly recovered to take total to 8,277"
"2020-04-22 01:16:00","2020-04-22 09:16:00","RBA offers to buy a total of AUD 1.0bln in bonds vs. Prev. AUD 500mln"
"2020-04-22 01:15:00","2020-04-22 09:15:00","PBoC skips open market operations and are net neutral on the day"
"2020-04-22 01:15:00","2020-04-22 09:15:00","PBoC sets USD/CNY mid-point at 7.0903 vs. Exp. 7.0840 (Prev. 7.0752)"
"2020-04-22 01:10:00","2020-04-22 09:10:00","BoJ offers to buy JPY 80bln in up to 1yr JGBs, JPY 280bln in 3yr-5yr JGBs and JPY 350bln in 5yr-10yr JGBs "
"2020-04-22 01:04:00","2020-04-22 09:04:00","Australian Skilled Vacancies (Mar) M/M -5.3% (Prev. 0.3%, Rev. -4.5%)"
"2020-04-22 01:00:00","2020-04-22 09:00:00","Australia sells AUD 1.5bln 2.50% 2030 Bonds b/c 4.3, avg. yield 0.68%"
"2020-04-22 00:51:00","2020-04-22 08:51:00","Mainland China reports 30 additional coronavirus cases and 0 additional deaths on April 21st vs. 11 additional cases and 0 deaths on April 20th"
"2020-04-22 00:49:00","2020-04-22 08:49:00","Reports noted Tokyo Stock Exchange Mothers Index Futures circuit breaker was triggered"
"2020-04-22 00:45:00","2020-04-22 08:45:00","PRE-MARKET TAIWAN AND SINGAPORE STOCK NEWS: Singapore extends lockdown restriction to June 1st"
"2020-04-22 00:43:00","2020-04-22 08:43:00","China State Council says will boost targeted assistance to those in need and small businesses"
"2020-04-22 00:41:00","2020-04-22 08:41:00","Facebook (FB) announces USD 5.7bln investment in Jio Platforms which is a subsidiary of Reliance Industries (RIL IS)"
"2020-04-22 00:39:00","2020-04-22 08:39:00","AFP reports that over 2700 dies in US in last 24 hours from coronavirus citing tracker"
"2020-04-22 00:37:00","2020-04-22 08:37:00","Notice: Audio system maintenance has been completed; Please reset the audio by refreshing the page and reconnecting to the channel"
"2020-04-22 00:30:00","2020-04-22 08:30:00","Australian Westpac Leading Index (Mar) M/M -0.8% (Prev. -0.4%)"
"2020-04-22 00:30:00","2020-04-22 08:30:00","Notice: We are conducting audio system maintenanc that could last about 15 minutes in which the audio will be down. Headlines will operate as normal; Please reset the audio by refreshing the page and reconnecting at 0145BST"
"2020-04-22 00:24:00","2020-04-22 08:24:00","PBoC is expected to set USD/CNY mid-point at 7.0840, according to a major newswire estimate"
"2020-04-22 00:23:00","2020-04-22 08:23:00","North Korea succession is thought to mean that if Leader Kim dies, his sister would be custodian of power"
"2020-04-22 00:21:00","2020-04-22 08:21:00","South Korea state run banks are reported to be discussing further support for Asiana Airlines (020560 KS)"
"2020-04-22 00:07:00","2020-04-22 08:07:00","HKMA sells HKD 2.79bln into market after HKD reached strong end of trading range"
"2020-04-22 00:01:00","2020-04-22 08:01:00","Asian bourses extend on losses amid headwinds from Wall St where risk appetite was pressured by the ongoing oil market rout and President Trump's immigration suspension plans"
"2020-04-22 00:01:00","2020-04-22 08:01:00","Asian bourses extend on losses amid headwinds from Wall St where risk appetite was pressured by the ongoing oil market rout and President Trump's immigration suspension plans"