"gmt_time","hk_time","subject"
"2020-04-09 20:22:00","2020-04-10 04:22:00","Newsquawk US Market Wrap - April 9th: Fed bazooka sees stocks rally; OPEC+ reach agreement"
"2020-04-09 20:13:00","2020-04-10 04:13:00","Newsquawk Week in Focus - 9th April 2020"
"2020-04-09 20:13:00","2020-04-10 04:13:00","Newsquawk Central Banks - 9th April 2020: Reviewing Fed minutes, Powell, ECB minutes; Previewing BOC"
"2020-04-09 20:13:00","2020-04-10 04:13:00","IMPORTANT: Newsquawk Easter Schedule"
"2020-04-09 20:08:00","2020-04-10 04:08:00","A draft EU coronavirus agreement says the national leaders are to decide on whether innovative financial instruments should be used to finance the recovery, according to a document"
"2020-04-09 20:06:00","2020-04-10 04:06:00","OPEC+: HEADLINE RECAP [UPDATED]"
"2020-04-09 20:05:00","2020-04-10 04:05:00","Russia and Saudi Arabia agree to cut 2.5mln BPD, from the reported 11.0mln baseline, in line with earlier source reports; according to a draft document"
"2020-04-09 19:50:00","2020-04-10 03:50:00","OPEC+ agree to cut overall output by 10mln BPD from May 1st 2020 for 2 months, then 8mln BPD from July to December 2020, followed by 6mln BPD from Jan 2021 to April 2022 and will be subject to review in December 2021, according to Energy Intel"
"2020-04-09 19:43:00","2020-04-10 03:43:00","A deal has been reached for an economic support package in the Eurogroup meeting, according to Diplomats"
"2020-04-09 19:41:00","2020-04-10 03:41:00","Mexico has agreed to OPEC+ production cuts, all OPEC+ members agreed to cut output, according to sources"
"2020-04-09 19:32:00","2020-04-10 03:32:00","UK-US trade talks postponed indefinitely as COVID-19 crisis puts speedy deal in doubt, says no new date was agreed after the formal start of talks in late March was cancelled, according to The Telegraph"
"2020-04-09 19:25:00","2020-04-10 03:25:00","OPEC+ Ministers are still mulling oil cuts and trying to convince Mexico to cut by 400k BPD from October 2018 level, according to an OPEC source"
"2020-04-09 19:16:00","2020-04-10 03:16:00","BCB Chief Neto says it may be necessary to purchase equity as well as debt of large companies"
"2020-04-09 19:10:00","2020-04-10 03:10:00","US T-Note futures (M0) settled 13 ticks higher at 138-08"
"2020-04-09 18:52:00","2020-04-10 02:52:00","NEC Director Kudlow says moving to 100% immediate expensing across the board for US companies would persuade firms back to America from China"
"2020-04-09 18:42:00","2020-04-10 02:42:00","Mexico is reportedly threatening the OPEC+ deal with a last minute objection, according to WSJ citing sources"
"2020-04-09 18:36:00","2020-04-10 02:36:00","The OPEC+ will not be contingent on the G20 cuts, according to Energy Intel citing sources, however added there are hopes other producers outside OPEC+ will contribute to the cuts too"
"2020-04-09 18:36:00","2020-04-10 02:36:00","DoJ recommends revoking china telecom authorisation to provide international telecom services to and from the US"
"2020-04-09 18:35:00","2020-04-10 02:35:00","WTI (K0) settled USD 2.33 lower at USD 22.76/bbl; Brent (M0) settled USD 1.36 lower at USD 31.48/bbl"
"2020-04-09 18:32:00","2020-04-10 02:32:00","US NEC Director Kudlow says the economy should be able to re-open on a ""rolling basis"" in the next month or two, according to FBN"
"2020-04-09 18:30:00","2020-04-10 02:30:00","Canada's Government is lifting the freeze on new permits to export weapons to Saudi Arabia and has secured improvements to a USD 14bln contract to sell General Dynamics (GD) armored vehicles to the Kingdom"
"2020-04-09 18:28:00","2020-04-10 02:28:00","OPEC+: HEADLINE RECAP [UPDATED]"
"2020-04-09 18:25:00","2020-04-10 02:25:00","Canada's Alberta Premier says they are getting very receptive response from both Washington and Ottawa to placing tariffs on foreign oil if OPEC does not ""stop the madness"""
"2020-04-09 18:15:00","2020-04-10 02:15:00","UK PM Johnson is out of intensive care, he is in extremely good spirits and will receive close monitoring during the early phase of his recovery, according to a statement"
"2020-04-09 18:07:00","2020-04-10 02:07:00","NY Fed to purchase USD 30bln Treasuries per day next week (prev. USD 50bln per day this week) "
"2020-04-09 18:06:00","2020-04-10 02:06:00","Canada's Alberta Premier the province has not been asked to cut oil output further, adds it has made clear to the US and OPEC that it has already curtailed its oil output"
"2020-04-09 17:50:00","2020-04-10 01:50:00","Saudi and Russia have reportedly agreed to both cut oil output to 8.5mln BPD in the OPEC+ deal, according to sources"
"2020-04-09 17:42:00","2020-04-10 01:42:00","Iranian Oil Minister says Iran, Venezuela and Libya are exempt from production cuts, with OEPC+ cuts of 10-11mln BPD separate from the cuts expected of countries such as Brazil, Norway and the US"
"2020-04-09 17:26:00","2020-04-10 01:26:00","OPEC+: HEADLINE RECAP [UPDATED]"
"2020-04-09 17:23:00","2020-04-10 01:23:00","French Finance Minister says Eurogroup is making progress"
"2020-04-09 17:16:00","2020-04-10 01:16:00","NY Fed RRP operation accepts all 5.525bln bids submitted across 4 bidders (prev. USD 53.5bln across 17 bidders on Wednesday)"
"2020-04-09 17:10:00","2020-04-10 01:10:00","Saudi Arabia and Russia to cut from a baseline of 11.3mln BPD, notes Saudi will cut 22% from 11.3mln BPD to 8.75mln BPD, according to Energy Intel "
"2020-04-09 17:05:00","2020-04-10 01:05:00","Saudi Energy Minister tells OPEC+ that Saudi Arabia is ready to maintain oil cuts beyond 2022, according to an OPEC source"
"2020-04-09 16:54:00","2020-04-10 00:54:00","US COVID-19 cases rise 8.7% to 427,460 (prev. +5.5% at 395,011), death toll rises 15.2% to 14,696 (prev. +6% at 12,754)"
"2020-04-09 16:53:00","2020-04-10 00:53:00","Some energy ministers are reportedly asking that Russia and Saudi bear the deeper cuts they are proposing, according to Energy Intel according to sources "
"2020-04-09 16:51:00","2020-04-10 00:51:00","Italy government is mulling the opening of a few factory sites before the end of April if health conditions allow it, according to industry and union sources"
"2020-04-09 16:50:00","2020-04-10 00:50:00","Fed buys USD 5bln TIPS 7.5 to 30 year sector; offer-to-cover 1.78x (prev. 1.8x)"
"2020-04-09 16:42:00","2020-04-10 00:42:00","OPEC+ reportedly discusses agreement on oil cuts that would last two years, according to two OPEC+ sources"
"2020-04-09 16:41:00","2020-04-10 00:41:00","Italy looking to extend lockdown until 3rd May, a trade union source says"
"2020-04-09 16:38:00","2020-04-10 00:38:00","Federal Reserve says it will explore making the Paycheck Protection Programme facility open to non-banks in the future"
"2020-04-09 16:31:00","2020-04-10 00:31:00","US House Speaker Pelosi says there is still time to negotiate over small business assistance and other measures sought by Democrats"
"2020-04-09 16:26:00","2020-04-10 00:26:00","US Energy Secretary Brouillette says US President Trump has made no commitments to to impose oil tariffs "
"2020-04-09 16:24:00","2020-04-10 00:24:00","Iran Energy Analyst tweets a source said that OPEC+ meeting along with other countries compliance, are to agree cut production by 12-15mln BPD for the next two months."
"2020-04-09 16:24:00","2020-04-10 00:24:00","Fed buys USD 10bln Treasury Coupons 4.5 to 7 year sector; offer-to-cover 1.81x (prev. 1.58x)"
"2020-04-09 16:20:00","2020-04-10 00:20:00","US Energy Minister Brouillette says working with Congress to expand storage of the SPR and there is no mechanism for the government to mandate oil production levels in the US"
"2020-04-09 16:14:00","2020-04-10 00:14:00","OPEC+: HEADLINE RECAP [UPDATED]"
"2020-04-09 16:14:00","2020-04-10 00:14:00","OPEC+ are set to discuss a 10-12mln BPD cut from May to June, and then an 8mln BPD cut from July to December 2020, then a 6mln BPD cut from Jan 2021 to April 2022, according to Energy Intel citing sources"
"2020-04-09 16:11:00","2020-04-10 00:11:00","Russian Wealth Fund Head Dmitriev says it is very important producers outside OPEC+ club join cuts; says some others will join measures during G20 on Friday"
"2020-04-09 16:05:00","2020-04-10 00:05:00","UK Foreign Minister Raab says won't be able to say more regarding the lockdown until late next week; too early to lift the lockdown, virus hasn't peaked yet"
"2020-04-09 16:05:00","2020-04-10 00:05:00","Italy COVID-19 cases rise 2.9% to 143,625 (Prev. 139,442, +2.8%); Death toll +16% 8,729 (Prev. 17,669, +3.2%)"
"2020-04-09 16:05:00","2020-04-10 00:05:00","UK Foreign Minister Raab says won't be able to say more regarding the lockdown until late next week; too early to lift the lockdown, virus hasn't peaked yet"
"2020-04-09 16:05:00","2020-04-10 00:05:00","Italy COVID-19 cases rise 2.9% to 143,625 (Prev. 139,442, +2.8%); Death toll +16% 8,729 (Prev. 17,669, +3.2%)"
"2020-04-09 16:03:00","2020-04-10 00:03:00","OPEC+ debates cuts in excess of 12mln BPD and wants others to contribute 5mln BPD, according to an OPEC+ source"
"2020-04-09 16:02:00","2020-04-10 00:02:00","UK COVID-19 death toll rises 12.4% to 7,978 (prev. +15.2% at 7,097)"
"2020-04-09 16:01:00","2020-04-10 00:01:00","UK Foreign Secretary Raab says UK PM Johnson remains in intensive care and Chief Medical officer says Johnson is making positive steps"
"2020-04-09 16:00:00","2020-04-10 00:00:00","Iraqi Oil Minister says it is necessary to determine oil cuts limit, the timeline and the start date of applying the measures and distributing shares fairly and equally"
"2020-04-09 15:53:00","2020-04-09 23:53:00","IMPORTANT: Newsquawk Easter Schedule  "
"2020-04-09 15:49:00","2020-04-09 23:49:00","Weekly FX Wrap: Fed bangs the Buck, but boosts broad risk sentiment"
"2020-04-09 15:48:00","2020-04-09 23:48:00","Valero (VLO) Port Arthur, Texas refinery (310k BPD) FCC is operating at minimum capacity"
"2020-04-09 15:47:00","2020-04-09 23:47:00","Eurogroup Chief Centeno tweets ""we are very close to an agreement"" "
"2020-04-09 15:46:00","2020-04-09 23:46:00","Russian Energy Minister Novak tells the OPEC+ we need timely measures and all producers should join the effort, oil demand has fallen by 10-15mln BPD"
"2020-04-09 15:45:00","2020-04-09 23:45:00","New York COVID-19 cases rise 7.1% to 159,937 (prev. +7.5% at 149,316), death toll rises by 12.7% to 7,067 (prev. +14.2% at 6,268)"
"2020-04-09 15:41:00","2020-04-09 23:41:00","OPEC+: HEADLINE RECAP [UPDATED]"
"2020-04-09 15:35:00","2020-04-09 23:35:00","EU Trade Commissioner Hogan and EU members to discuss next week the possibility to make some tariff eliminations permanent"
"2020-04-09 15:34:00","2020-04-09 23:34:00","Eurogroup press conference has been delayed by at least an hour to a 18:00 BST / 13:00 ET start"
"2020-04-09 15:30:00","2020-04-09 23:30:00","EUROPEAN PRELIMINARY CASH EQUITY CLOSES: EURO STOXX 50 (+1.4%) at 2891, FTSE 100 (+3.93%) at 5842, DAX (+2.3%) at 10,570, CAC 40 (+1.44%) at 4507, IBEX 35 (+1.73%) at 7072, FTSE MIB (+1.5%) at 17,643, SMI (+0.47%) at 9477"
"2020-04-09 15:28:00","2020-04-09 23:28:00","Energy Intel says there are no talks about a 20mln BPD cut, 10mln is the target right now"
"2020-04-09 15:23:00","2020-04-09 23:23:00","BP (BP LN) says US refineries are operating between 80-85%, according to sources"
"2020-04-09 15:23:00","2020-04-09 23:23:00","EasyJet (EZJ LN) agrees to defer delivery of 24 Airbus (AIR FP) aircraft "
"2020-04-09 15:22:00","2020-04-09 23:22:00","A national CNN poll has Biden at 53% and Trump at 42% among national voters"
"2020-04-09 15:21:00","2020-04-09 23:21:00","Fed buys USD 5bln Treasury Coupons 20 to 30 year sector; offer-to-cover 1.57x (prev. 1.32x)"
"2020-04-09 15:20:00","2020-04-09 23:20:00","OPEC+ reportedly could seek as much as 5mln BPD in oil cuts from G-20 nations, according to sources"
"2020-04-09 15:18:00","2020-04-09 23:18:00","WSJ report Saudi Arabia agrees in principle to cut production by 4mln BPD’s from its April production levels of 12.3mln BPD"
"2020-04-09 15:18:00","2020-04-09 23:18:00","OPEC+ will make full 10mln BPD output cuts for 2 months, according to delegates, although some suggest the time frame is still being negotiated"
"2020-04-09 15:13:00","2020-04-09 23:13:00","Canada COVID-19 cases rise to 19,774 (prev. 18,447), death toll rises to 461 (prev. 435)"
"2020-04-09 15:11:00","2020-04-09 23:11:00","EU are seeking feedback on government seeking equity stakes in companies"
"2020-04-09 15:07:00","2020-04-09 23:07:00","OPEC+: HEADLINE RECAP [UPDATED]"
"2020-04-09 15:05:00","2020-04-09 23:05:00","Iraq and others are reportedly yet to agree on the production cut amount, according to WSJ's Said citing sources"
"2020-04-09 15:02:00","2020-04-09 23:02:00","BoE plans to buy GBP 13.5bln vs. Prev. GBP 13.5bln Gilts next week"
"2020-04-09 15:01:00","2020-04-09 23:01:00","OPEC+ outline deal is for a 10mln BPD output cut, the deal is still being hammered out, targets may change according to Delegates"
"2020-04-09 15:00:00","2020-04-09 23:00:00","Atlanta Fed GDPNow (Q1): 1.0% (Prev. 1.3%)"
"2020-04-09 14:56:00","2020-04-09 22:56:00","German Finance Minister Scholz says it looks as if EZ ministers will reach a deal on a economic support package"
"2020-04-09 14:54:00","2020-04-09 22:54:00","UBS (UBSG SW) - Are reportedly turning away buyout backed companies which are seeking credit lines"
"2020-04-09 14:52:00","2020-04-09 22:52:00","Saudis, Russians agree in principle on a cut deal, Russia would cut 2mln BPD; working to make 20mln BPD disappear from the market, according to WSJ's Said citing sources"
"2020-04-09 14:51:00","2020-04-09 22:51:00","Shell (RDSA LN) have declared force majeure on exports of Nigerian Forcados crude oil after pipe operator shutdown"
"2020-04-09 14:44:00","2020-04-09 22:44:00","Hungarian PM Orban extends Hungary lockdown indefinitely "
"2020-04-09 14:40:00","2020-04-09 22:40:00"," Fed buys USD 14bln Treasury Coupons 2.25 to 4.5 year sector; offer-to-cover 1.92x (prev. 2.21x)"
"2020-04-09 14:34:00","2020-04-09 22:34:00","WTI and Brent front month futures rise in excess of 10% each amid positive noises surrounding the OPEC+ meeting, with Saudi and Russia reportedly over hurdles and amid talks of discussions for cuts of 20mln BPD"
"2020-04-09 14:31:00","2020-04-09 22:31:00","There is a high probability of an OPEC+ agreement, according to sources cited by Energy Intel's Bakr"
"2020-04-09 14:29:00","2020-04-09 22:29:00","Democrats block McConnell’s effort to get unanimous support for USD 250 billion in additional small business aid, according to CNBC"
"2020-04-09 14:29:00","2020-04-09 22:29:00","OPEC+: HEADLINE RECAP [UPDATED]"
"2020-04-09 14:27:00","2020-04-09 22:27:00","OPEC++ to discuss oil cuts as large as 20mln BPD, according to one OPEC and Russian source"
"2020-04-09 14:25:00","2020-04-09 22:25:00","Fed Chair Powell says Fed is in no hurry to pull back on asset purchases or programmes; economy must be on solid footing before the Fed pulls back programmes"
"2020-04-09 14:24:00","2020-04-09 22:24:00","Saudi and Russia have a deal on deep oil output cuts, according to OPEC source; senior Russian source says the two sides have agreed to remove their main obstacles to agreeing a new deal"
"2020-04-09 14:22:00","2020-04-09 22:22:00","BCB Chief Neto says that Emerging Market central banks may have to become the buyer of last resort, as according to a presentation"
"2020-04-09 14:22:00","2020-04-09 22:22:00","White House is reportedly preparing to announce a second coronavirus task force to focus on re-opening the economy, according to ABC citing sources"
"2020-04-09 14:22:00","2020-04-09 22:22:00","Fed Chair Powell says banks do not need to suspend dividends at this point, they are highly capitalised"
"2020-04-09 14:21:00","2020-04-09 22:21:00","OPEC+: HEADLINE RECAP [UPDATED]"
"2020-04-09 14:20:00","2020-04-09 22:20:00","Fed Chair Powell says the central bank will not hesitate to move into new areas if support is needed; priority is areas of markets that support the real economy; will adapt programmes as needed"
"2020-04-09 14:19:00","2020-04-09 22:19:00","Occidental (OXY) bonds jump after Fed provides support for recent ""fallen angels"""
"2020-04-09 14:19:00","2020-04-09 22:19:00","Occidental (OXY) bonds jump after Fed provides support for recent ""fallen angels"""
"2020-04-09 14:17:00","2020-04-09 22:17:00","OPEC MEETING: Opening remarks now by the Saudi energy minister and following that there will be brief statements from the heads of delegation, then closed session; according to Energy Intel's Bakr"
"2020-04-09 14:17:00","2020-04-09 22:17:00","25 oil tankers are reportedly floating outside of European ports due to delays in discharges, according to sources, who note refineries are requesting a delay to discharges as they do not have more storage for more oil"
"2020-04-09 14:12:00","2020-04-09 22:12:00","OPEC+ meeting has started now and sources say the vibe so far is “very positive”, according to Energy Intel"
"2020-04-09 14:12:00","2020-04-09 22:12:00","Fed Chair Powell says generally, his expectation is that Q2 will be ""very weak"", Fed can keep providing economic support as long as needed, there is no limit to how long they can do it, inflation is not a first order of concern today"
"2020-04-09 14:00:00","2020-04-09 22:00:00","Fed Chair Powell says US moving with alarming speed towards very high unemployment, although it will be temporary"
"2020-04-09 13:55:00","2020-04-09 21:55:00","German Chancellor Merkel says Germany rejects common Eurozone bonds; coronabonds are not the only way to soften the impact of the coronavirus"
"2020-04-09 13:54:00","2020-04-09 21:54:00","WATCH LIVE: Federal Reserve Chair Powell on COVID-19 and the economy"
"2020-04-09 13:54:00","2020-04-09 21:54:00","Fed buys USD 6bln Treasury Coupons 7 to 20 year sector; offer-to-cover 1.78x (prev. 2.44x)"
"2020-04-09 13:50:00","2020-04-09 21:50:00"," BoE GBP 1.5bln 20yr+ Gilt reinvestment offer-to-cover ratio 2.71x (Prev. 2.05x)"
"2020-04-09 13:48:00","2020-04-09 21:48:00","US EQUITY OPEN: US equities open firmer aided by Fed's latest efforts while participants eye OPEC++, Fed's Powell and Eurogroup press conference"
"2020-04-09 13:37:00","2020-04-09 21:37:00","EU Markets Regulator ESMA says it is intensifying interaction with credit rating agencies that it regulates, no need for a pan-EU ban on short-selling at the moment"
"2020-04-09 13:37:00","2020-04-09 21:37:00","German Chancellor Merkel says that the COVID-19 curve is flattening"
"2020-04-09 13:34:00","2020-04-09 21:34:00","Norway will have civil servants in attendance as observers at the OPEC+ meeting, Oil Minister will attend the G20 meeting tomorrow, according to the Oil Ministry"
"2020-04-09 13:33:00","2020-04-09 21:33:00","Spruce Point Capital announce it is short Align Technology (ALGN)"
"2020-04-09 13:32:00","2020-04-09 21:32:00","BHP’s Escondido Copper Mine in Chile confirms two cases of the coronavirus"
"2020-04-09 13:32:00","2020-04-09 21:32:00","BP (BP/ LN) Alaskan sale to Hilcorp is reportedly in Jeopardy, WSJ "
"2020-04-09 13:28:00","2020-04-09 21:28:00","UK's NIESR forecasts that Q1 GDP will fall 5% Q/Q based on latest figures "
"2020-04-09 13:22:00","2020-04-09 21:22:00","US Treasury Secretary Mnuchin says that as soon as President Trump feels comfortable companies in America can reopen for business, according to an interview on CNBC"
"2020-04-09 13:17:00","2020-04-09 21:17:00","Additional US Equity Stories: GE, ISRG, BLMN"
"2020-04-09 13:16:00","2020-04-09 21:16:00","Fixed and FX latest: debt slips and Dollar dips after yet more Fed stimulus"
"2020-04-09 13:09:00","2020-04-09 21:09:00","Dutch PM says it is possible that a deal will come out of the Eurogroup meeting today, we want to show solidarity with Southern Europe"
"2020-04-09 13:03:00","2020-04-09 21:03:00","Newsquawk Daily US Equity Opening News - 9th April 2020"
"2020-04-09 13:02:00","2020-04-09 21:02:00","US Energy Secretary Brouillete says he is optimistic that both Saudi Arabia and Russia will reach an agreement to stabilise the oil markets"
"2020-04-09 13:01:00","2020-04-09 21:01:00","France and Germany are reportedly working on a compromise for the Eurogroup meeting later today (at 1600BST); according to French Finance Ministry Official "
"2020-04-09 12:50:00","2020-04-09 20:50:00","NY Fed accepts all USD 2.5bln in bids at its O/N repo operation"
"2020-04-09 12:49:00","2020-04-09 20:49:00","BoE GBP 1.5bln 7-20yr Gilt reinvestment offer-to-cover ratio 3.44x (Prev. 2.90x)"
"2020-04-09 12:46:00","2020-04-09 20:46:00","General Electric (GE) has withdrawn its financial guidance due to the coronavirus,  preliminary view expects an impact on Adj. EPS to be USD 0.10 beneath prior guidance"
"2020-04-09 12:33:00","2020-04-09 20:33:00","ECB's Lagarde repeats that a full alignment of fiscal and monetary policies is the best way to protect economies"
"2020-04-09 12:30:00","2020-04-09 20:30:00","Federal Reserve takes additional action to provide up to USD 2.3tln in loans to support the economy; will keep monitoring markets to see if more help is needed"
"2020-04-09 12:28:00","2020-04-09 20:28:00","JP Morgan (JPM) is reportedly trying to sell Saudi PIF and UAE Mubadala loans to make new lending room, according to sources "
"2020-04-09 12:19:00","2020-04-09 20:19:00","NY Fed receives no bids in its three-month term repo operation"
"2020-04-09 12:11:00","2020-04-09 20:11:00","PRIMER: Initial Jobless Claims at 13:30 BST / 09:30 ET"
"2020-04-09 12:10:00","2020-04-09 20:10:00","German Health Minister Spahn says that restrictions on public health are working, and the curve is flattening"
"2020-04-09 12:09:00","2020-04-09 20:09:00","Dutch government coalition partner, Liberal Party, is reportedly backing away from FinMin's hard line position on role of ESM in financing the bloc's stimulus"
"2020-04-09 12:04:00","2020-04-09 20:04:00","NMC Health (NMC LN) - London Judge places Co. into administration "
"2020-04-09 12:00:00","2020-04-09 20:00:00","IMF's MD Georgieva says that she sees ""sharply negative"" global growth as COVID-19 wreaks the worst economic fallout since the Great Depression"
"2020-04-09 12:00:00","2020-04-09 20:00:00","NIH's Fauci says US deaths may be closer to 60k rather than the 100-200k previously touted"
"2020-04-09 11:58:00","2020-04-09 19:58:00","OPEC+: HEADLINE RECAP [UPDATED]"
"2020-04-09 11:56:00","2020-04-09 19:56:00","UK PM Johnson spokesperson says the PM had a good night and continues to improve in ICU; says we have not yet reached a peak of the pandemic and need to be relentlessly focused on stopping the transmission"
"2020-04-09 11:54:00","2020-04-09 19:54:00","Saudi Arabia insists it can cut oil output only from the newly achieved levels of 12.3mln BPD and is ready to cut by 4mln BPD, according to a source briefed on Saudi policy"
"2020-04-09 11:49:00","2020-04-09 19:49:00","Netherlands deaths from coronavirus rise by 148 to 2,396 (prev. 2,248) "
"2020-04-09 11:48:00","2020-04-09 19:48:00","BCB eases bank capital requirements to boost loans for small businesses; measures will free BRL 3.2bln of capital, and allow banks to restructure BRL 228bln of loans to small companies"
"2020-04-09 11:48:00","2020-04-09 19:48:00","BoE GBP 1.5bln 3-7yr Gilt reinvestment offer-to-cover ratio 3.79x (Prev. 2.76x)"
"2020-04-09 11:37:00","2020-04-09 19:37:00","Daily Fed planned Treasury/TIPS purchase amounts and schedules, 9th April 2020"
"2020-04-09 11:31:00","2020-04-09 19:31:00","ECB MINUTES:  the likely deterioration in the outlook for economic activity and inflation and the accompanying drop in inflation expectations could lead to an increase in real interest rates"
"2020-04-09 11:28:00","2020-04-09 19:28:00","Polish PM extends lockdown for schools and businesses"
"2020-04-09 11:17:00","2020-04-09 19:17:00","Scotiabank FX Daily - USD Trades Mostly Lower as Risk Appetite Improves  "
"2020-04-09 11:12:00","2020-04-09 19:12:00","Russian President Putin has no plans to talk with President Trump or the Saudis on oil, according to Kremlin spokesperson Peskov "
"2020-04-09 11:07:00","2020-04-09 19:07:00","China still faces risks of a comeback in the coronavirus outbreak, according to a Gov't statement"
"2020-04-09 11:07:00","2020-04-09 19:07:00","China still faces risks of a comeback in the coronavirus outbreak, according to a Gov't statement"
"2020-04-09 11:00:00","2020-04-09 19:00:00","IEA Chief Birroll says oil importing countries may announce purchases of oil at the G20 meeting, according to Arabiya TV "
"2020-04-09 10:55:00","2020-04-09 18:55:00","China will be pushing forward with CNY internationalisation and capital account convertibility; will increase CNY flexibility and keep CNY ""basically stable"", Xinhua reports"
"2020-04-09 10:55:00","2020-04-09 18:55:00","G20 is to create a special group to monitor oil stabilisation moves"
"2020-04-09 10:42:00","2020-04-09 18:42:00","Newsquawk Daily US Opening News - 9th April 2020"
"2020-04-09 10:37:00","2020-04-09 18:37:00","Newsquawk EU Mid Session: Sentiment tainted heading into a slew of risk events and the long weekend - 9th April 2020"
"2020-04-09 10:34:00","2020-04-09 18:34:00","Swiss coronavirus cases stand at 23,574 (Prev. 22,789) deaths at 756 (Prev. 705)"
"2020-04-09 10:33:00","2020-04-09 18:33:00","Fixed Income: a grinding bid as risk sentiment fades"
"2020-04-09 10:19:00","2020-04-09 18:19:00","FX Morning Colour: Dollar/majors going through the motions on Maundy"
"2020-04-09 10:08:00","2020-04-09 18:08:00","Russia's Rosneft believes a 10mln BPD OPEC+ cut as being enough to re-balance markets, Renaissance Capital citing a call, Co. expects oil output to decline in several non-OPEC countries, expects trough in oil demand to be in April"
"2020-04-09 10:07:00","2020-04-09 18:07:00","Austrian Finance Minister reiterates that Eurobonds remain out of the question for us; cannot accept a mutilisation of debt within Europe"
"2020-04-09 10:06:00","2020-04-09 18:06:00","Renault (RNO FP) have been downgraded to Junk by S&P due to weaker metrics given COVID-19"
"2020-04-09 10:03:00","2020-04-09 18:03:00","Merck (MRK GY) - FDA breakthrough therapy designation for Bavencio as a first-line maintenance therapy for locally advanced carcinoma. Co. and Pfizer (PFE) are seeking approval"
"2020-04-09 10:02:00","2020-04-09 18:02:00","BoE allot GBP 5mln at their contingent term repo facility 3-month operation, and GBP 0mln 1-month operation"
"2020-04-09 10:02:00","2020-04-09 18:02:00","Turkish government is aiming to send a new draft law as early as next week that would ban layoffs, sources state "
"2020-04-09 09:47:00","2020-04-09 17:47:00","OPEC+: HEADLINE RECAP [UPDATED]"
"2020-04-09 09:45:00","2020-04-09 17:45:00","Kremlin: on Russia's position for the upcoming OPEC+ meeting says Russia wants joint co-ordinated actions to stabilise oil markets, declined to comment on talks around 2mln BPD domestic cuts; reiterates deal can hardly happen without others involvement"
"2020-04-09 09:41:00","2020-04-09 17:41:00","Newsquawk Central Banks - ECB March Minutes due to be released Thursday 9th April at 1230BST/0630CDT "
"2020-04-09 09:34:00","2020-04-09 17:34:00","Spanish coronavirus cases 152,446 (Prev. 146,690) and deaths stand at 15,238 (Prev. 14,555); deaths increase by 683 (Prev. increase 757)"
"2020-04-09 09:33:00","2020-04-09 17:33:00","Visa (V) and Mastercard (MA) had plans to lift swipe fees on many merchants in 2020, something that in some cases would be felt most by small businesses, according to WSJ sources"
"2020-04-09 09:16:00","2020-04-09 17:16:00","Italy sells EUR 9.5bln vs. Exp. EUR 7.75-9.50bln 0.60% 2023, 0.85% 2027, 1.45% 2036 and  4.75% 2044 BTP  "
"2020-04-09 09:02:00","2020-04-09 17:02:00","BoE allots USD 5mln in its 7-day USD operation (Prev. USD 1.7bln)"
"2020-04-09 09:00:00","2020-04-09 17:00:00","SNB allots USD 2.34bln in its 7-day USD operation"
"2020-04-09 08:58:00","2020-04-09 16:58:00","Tesla (TSLA) sold 10.16k units in China in March, according to the CPCA Auto Industry Association"
"2020-04-09 08:50:00","2020-04-09 16:50:00","ECB allots USD 463mln in its 7-day operation at 0.31%"
"2020-04-09 08:49:00","2020-04-09 16:49:00","Beijing is to maintain its level 1 emergency response level in order to prevent and control COVID-19, according to the Chinese Global Times citing local authorities"
"2020-04-09 08:48:00","2020-04-09 16:48:00","Saudi Aramco is to delay is Official Selling Price (OSP) release for May until Saturday, reports state"
"2020-04-09 08:33:00","2020-04-09 16:33:00","French Compeition Authority are granting requests for urgent interim measures that presented by press publishers and AFP, would require Google (GOOG) to negotiate with relevant parties remuneration due under neighbouring rights law"
"2020-04-09 08:33:00","2020-04-09 16:33:00","German Health Minister says infection numbers indicate a positive trend, if this continues then the gov't can talk about a gradual easing of lockdown measures"
"2020-04-09 08:23:00","2020-04-09 16:23:00","Volkswagen (VOW3 GY) Chinese operations are showing clear signs of a recovery in business with all 2,000 brand dealerships open"
"2020-04-09 08:15:00","2020-04-09 16:15:00","Chinese Passenger Car Sales (Mar) -40.8% YY, according to industry association"
"2020-04-09 07:58:00","2020-04-09 15:58:00","Chinese Environmental Ministry says it is looking into extending the transition period for the implementation of new emissions standards for automakers "
"2020-04-09 07:56:00","2020-04-09 15:56:00","UK debt and STIR futures mostly on the front foot"
"2020-04-09 07:42:00","2020-04-09 15:42:00","Tokyo has over 180 new cases of COVID-19, according to local media"
"2020-04-09 07:37:00","2020-04-09 15:37:00","OPEC+: HEADLINE RECAP [UPDATED]"
"2020-04-09 07:33:00","2020-04-09 15:33:00","Russian and Saudi Arabian differences on an oil production cut deal are with regards to the volumes and baseline for any reduction, according to two OPEC sources"
"2020-04-09 07:22:00","2020-04-09 15:22:00","Bunds: brief pop above parity before bears pounce"
"2020-04-09 07:19:00","2020-04-09 15:19:00","China's Commerce Ministry says imports & exports in the month of March have improved"
"2020-04-09 07:15:00","2020-04-09 15:15:00","Spanish PM says the virus is encouraging and the country is close to the beginning of a decline"
"2020-04-09 07:11:00","2020-04-09 15:11:00","Russia and Saudi Arabia still need to settle differences regarding plans for a global oil production cut, according to an OPEC source and a Russian source"
"2020-04-09 07:06:00","2020-04-09 15:06:00","Russia's maximum oil output cut under any global pact would be 2mln BPD, sources state"
"2020-04-09 07:04:00","2020-04-09 15:04:00","European equity movers this morning: Sodexo (SW FP) +7.5%, Tui (TUI LN) +6.7%, Direct Line (DLG LN) +6.5%, easyJet (EZJ LN) +5.9%, Taylor Wimpey (TW/ LN) +4.7%, UBS (UBSG SW) +3.7%, Credit Suisse (CSGN SW) +3.6%, SAP: (SAP GY) +1.5%"
"2020-04-09 06:53:00","2020-04-09 14:53:00","South Korea's KNOC is reportedly looking to purchase 640k barrels of crude and diesel for its strategic reserve within this year amid low oil price, and will also look to lease spare storage to refiners"
"2020-04-09 06:49:00","2020-04-09 14:49:00","ECB President Lagarde says the Euro's value is stable, would like more inflation"
"2020-04-09 06:40:00","2020-04-09 14:40:00","ECB's Lagarde says budgetary and monetary policies need to be aligned and equal conditions for all are needed, if not all countries are taken care of then others will suffer as a result, Il Sole 24"
"2020-04-09 06:40:00","2020-04-09 14:40:00","Newsquawk Bond Auction Previews - 9th April 2020"
"2020-04-09 06:34:00","2020-04-09 14:34:00","ECB's Lagarde says a cancellation of debt from the crisis is totally unthinkable to her"
"2020-04-09 06:33:00","2020-04-09 14:33:00","Additional European Equity News"
"2020-04-09 06:31:00","2020-04-09 14:31:00","Major FX expiry options for today's NY cut"
"2020-04-09 06:30:00","2020-04-09 14:30:00","IMPORTANT: Newsquawk Easter Schedule"
"2020-04-09 06:30:00","2020-04-09 14:30:00","IMPORTANT: Newsquawk Easter Schedule"
"2020-04-09 06:06:00","2020-04-09 14:06:00","Fast Retailing (9983 JT) - 6mth net profit JPY 100.46bln vs. Exp. JPY 100bln. Operating profit JPY 136.74bln vs. Exp. JPY 145bln. Pre-tax profit JPY 150.86bln vs. Exp. JPY 145bln "
"2020-04-09 06:03:00","2020-04-09 14:03:00","ECB President Lagarde says we should not get fixated on coronabonds, as things take time in Europe; can be other forms of European solidarity mutalised spending via a shared budget or a reconstruction fund"
"2020-04-09 06:03:00","2020-04-09 14:03:00","BoE and Treasury have announced a temporary extension of the Ways & Means facility"
"2020-04-09 05:55:00","2020-04-09 13:55:00","Daily European Equity Opening News"
"2020-04-09 05:45:00","2020-04-09 13:45:00","Japan's coalition head wants to consider additional economic steps for the coronavirus as well as the Olympic delay, according to Kyodo"
"2020-04-09 05:40:00","2020-04-09 13:40:00","Italy could see an extension to their lockdown of another 15-days, with Italian PM Conte reportedly to announce a new decree tomorrow confirming an additional 15 days of lockdown, according to La Stampa"
"2020-04-09 05:31:00","2020-04-09 13:31:00","Italian Economy Minister says the Gov't could consider direct invention to protect companies particularly exposed to market turbulence; may consider issuing additional debt instruments for retail investors to increase state financing"
"2020-04-09 05:21:00","2020-04-09 13:21:00","Newsquawk Daily European Opening News - 9th April 2020"
"2020-04-09 05:17:00","2020-04-09 13:17:00","UBS expects oil demand to drop around 20mln bpd or 20% Y/Y for the current quarter"
"2020-04-09 05:16:00","2020-04-09 13:16:00","Nissan (7201 JT) seeks JPY 500bln credit line from banks, according to Nikkei"
"2020-04-09 05:12:00","2020-04-09 13:12:00","Fast Retailing (9983 JT) Hong Kong Depository Receipts will be halted pending announcement of Co. results today"
"2020-04-09 05:11:00","2020-04-09 13:11:00","Fujifilm (4901 JT) will begin phase 2 trial of its Avigan drug for coronavirus in US"
"2020-04-09 05:07:00","2020-04-09 13:07:00","Japan's coronavirus cases have hit 5000, according to media reports"
"2020-04-09 05:01:00","2020-04-09 13:01:00","BoJ cuts assessment on all 9 regions in its regional economic report"
"2020-04-09 04:50:00","2020-04-09 12:50:00","ASIA-PAC MARKET WRAP: Asian bourses traded mostly higher after the energy-led advances on Wall St, but with gains capped ahead of Easter closures"
"2020-04-09 04:50:00","2020-04-09 12:50:00","RKI says total Germany coronavirus cases rose to 108,202 vs. Prev. 103,228 and death toll rose to 2,107 vs. Prev. 1,861"
"2020-04-09 04:42:00","2020-04-09 12:42:00","IMPORTANT: Newsquawk Easter Schedule"
"2020-04-09 04:42:00","2020-04-09 12:42:00","Goldman Sachs says a 10mln bpd cut would not be enough to improve the global balance and it sees downside risks to near-term WTI price forecast of USD 20/bbl, but adds lasting supply could create upside risks for its USD 40/bbl October estimate for Brent"
"2020-04-09 04:34:00","2020-04-09 12:34:00","OPEC+: HEADLINE RECAP [UPDATED]"
"2020-04-09 04:23:00","2020-04-09 12:23:00","SGX (SGX SP) says total securities market turnover value in Martch rose 124% Y/Y to SGD 48.2bln"
"2020-04-09 04:20:00","2020-04-09 12:20:00","US Ambassador to South Korea Harris plans to resign and doesn't plan to stay beyond the US Presidential election, while he is said to be frustrated with tensions and drama of tenure in South Korea"
"2020-04-09 04:07:00","2020-04-09 12:07:00","CIRCUIT BREAKERS (9 Apr): Hard upside or downside limit of 5% during non-US hours in Futures, 7%, 13% and 20% circuit breakers in US Futures during US hours"
"2020-04-09 04:03:00","2020-04-09 12:03:00","UBS (UBSG SW) guides Q1 net around USD 1.5bln and proposes to pay USD 0.73 dividend for 2019 in 2 installments following FINMA request, while Credit Suisse (CSGN SW) also adjusts dividend proposal following FINMA request"
"2020-04-09 04:00:00","2020-04-09 12:00:00","World Bank sees GDP of developing countries and EM in Europe and Central Asia contracting by 2.8%-4.4% this year due to the coronavirus pandemic"
"2020-04-09 03:35:00","2020-04-09 11:35:00","Japan sells 5yr JGBs b/c 4.98 vs. Prev. 2.73"
"2020-04-09 03:25:00","2020-04-09 11:25:00","PRE-MARKET INDIAN STOCK NEWS: India PM Modi commented that the lifting of India’s lockdown does not seem possible, while the Indian government is to announce a INR 1tln stimulus program for small businesses"
"2020-04-09 03:04:00","2020-04-09 11:04:00","ASIA-PAC MID-SESSION UPDATE: Asia trades mostly higher after the energy-led advances on Wall St, but with gains capped ahead of Easter closures"
"2020-04-09 02:49:00","2020-04-09 10:49:00","BoK Governor Lee says seeing impact of previous rate cut and will announce plans to buy government bonds this afternoon"
"2020-04-09 02:35:00","2020-04-09 10:35:00","BoK Governor Lee says still expects domestic economy to expand this year assuming spread of virus starts to curb soon"
"2020-04-09 02:28:00","2020-04-09 10:28:00","BoK Governor Lee says rate decision was not unanimous as board members Cho Dong-Chul and Shin In-Seok dissented in which they advocated a 25bps cut"
"2020-04-09 02:23:00","2020-04-09 10:23:00","Reports note comments from US AG Barr that China is a very serious threat to the US, according to Fox News"
"2020-04-09 02:15:00","2020-04-09 10:15:00","New Zealand Treasury sees substantial decline in GDP this year"
"2020-04-09 02:01:00","2020-04-09 10:01:00","RBNZ is seeking to purchase NZD 1.8bln next week vs. NZD 1,8bln this week"
"2020-04-09 01:48:00","2020-04-09 09:48:00","New Zealand Local Government Funding Agency says following bookbuild process for fixed rate bonds offer with issue size of NZD 1.1bln which is expected to be issued on April 15th and quoted on NZX debt market the following day"
"2020-04-09 01:41:00","2020-04-09 09:41:00","Hyundai Motor (005380 KS) and Kia Motors (000270 KS) announce extension of several plant closures worldwide"
"2020-04-09 01:40:00","2020-04-09 09:40:00","Japan's Aichi prefecture Governor is to declare a state of emergency"
"2020-04-09 01:38:00","2020-04-09 09:38:00","HKMA says to reduce bill issuance by exchange fund in order to incre liquidity"
"2020-04-09 01:31:00","2020-04-09 09:31:00","RBA Financial Stability Review says regulatory authorities have been working together to minimise economic harm from pandemic but notes financial market uncertainty is elevated"
"2020-04-09 01:28:00","2020-04-09 09:28:00","BoK says economy may fall below earlier projections and that inflation will also be below forecasts, notes growth uncertainty is high and will watch virus outbreak as well as monetary policies abroad"
"2020-04-09 01:18:00","2020-04-09 09:18:00","PRE-MARKET CHINESE STOCK NEWS: Hong Kong Chief Executive Lam unveils HKD 137.5bln of latest relief measures to tackle impact from the coronavirus outbreak"
"2020-04-09 01:17:00","2020-04-09 09:17:00","RBA offers to buy a total of AUD 1.5bln in bonds vs. Prev. AUD 2.0bln"
"2020-04-09 01:15:00","2020-04-09 09:15:00","PBoC skips open market operations and are net neutral on the day"
"2020-04-09 01:15:00","2020-04-09 09:15:00","PBoC sets USD/CNY mid-point at 7.0536 vs. Exp. 7.0488 (Prev. 7.0483)"
"2020-04-09 01:14:00","2020-04-09 09:14:00","South Korea reports 39 additional coronavirus cases to take total to 10,423 and 4 additional deaths for a total of 204, while there were 197 newly recovered to take total to 6,973"
"2020-04-09 01:09:00","2020-04-09 09:09:00","New Zealand PM Ardern says the country will not be moving out of lockdown early"
"2020-04-09 01:06:00","2020-04-09 09:06:00","BoJ Governor Kuroda says will conduct CP and corporate bond buying operations to ensure corporate funding is smooth, adds BoJ wont hesitate to take additional easing steps as required with close eye on poandemic impact to the economy"
"2020-04-09 01:01:00","2020-04-09 09:01:00","BoJ Governor Kuroda says spread of coronavirus is having a severe impact on Japan's economy through exports, output, inbound tourist and slump in consumption"
"2020-04-09 00:55:00","2020-04-09 08:55:00","Twitter reports notes Senate Majority Leader McConnell is pushing for a quick vote on Thursday regarding USD 250bln boost in small business aid, which puts him at odds with the two top Democrats in Congress"
"2020-04-09 00:44:00","2020-04-09 08:44:00","PRE-MARKET TAIWAN AND SINGAPORE STOCK NEWS: Foxconn (2354 TT) is to produce ventilators at its new Wisconsin factory beginning next month"
"2020-04-09 00:44:00","2020-04-09 08:44:00","PRE-MARKET TAIWAN AND SINGAPORE STOCK NEWS: Foxconn (2354 TT) is to produce ventilators at its new Wisconsin factory beginning next month"
"2020-04-09 00:39:00","2020-04-09 08:39:00","Japan's Aichi prefecture is said to have asked to be included in the emergency area"
"2020-04-09 00:31:00","2020-04-09 08:31:00","Hyundai Motor (005380 KS) Alabama factory will halt production until May 1st"
"2020-04-09 00:27:00","2020-04-09 08:27:00","US Senate Majority Leader McConnell says there is no realistic chance a USD 500bln coronavirus bill could pass the Senate or House by unanimous consent this week"
"2020-04-09 00:19:00","2020-04-09 08:19:00","PBoC is expected to set USD/CNY mid-point at 7.0488, according to a major newswire estimate"
"2020-04-09 00:03:00","2020-04-09 08:03:00","Asia equity markets begin mostly higher as the region benefits from the tailwinds from Wall St where the major indices were underpinned by hopes of a coronavirus peak and after oil rallied on optimism heading into today's OPEC+ meeting "