"gmt_time","hk_time","subject"
"2020-05-18 23:56:00","2020-05-19 07:56:00","Japan may end emergency measure in Osaka, Kyoto and Hyogo this Thursday, according to Japanese press"
"2020-05-18 23:49:00","2020-05-19 07:49:00","PRE-MARKET AUSTRALIA, JAPAN AND SOUTH KOREA STOCK NEWS: Earnings including SoftBank, Panasonic and Chubu Electric, China imposes duties on imports of Australian barley"
"2020-05-18 23:43:00","2020-05-19 07:43:00","RBA adds AUD 400mln to the banking system through repos vs. Prev. AUD 199mln"
"2020-05-18 23:37:00","2020-05-19 07:37:00","Japanese Finance Minister Aso says Q2 GDP will also likely be severe, but adds economic recovery will be quick if the government responds properly"
"2020-05-18 23:30:00","2020-05-19 07:30:00","Australia ANZ Roy Morgan Consumer Confidence (May 17) W/W 92.3 (Prev.  90.3)"
"2020-05-18 23:20:00","2020-05-19 07:20:00","RBA says excess cash at exchange settlement accounts at AUD 69.2bln vs. Prev.  AUD 69.1bln"
"2020-05-18 23:17:00","2020-05-19 07:17:00","Japan’s LDP is considering JPY 10tln in financing for companies impacted by the virus, according to reports in Jiji"
"2020-05-18 23:01:00","2020-05-19 07:01:00","AFP reports a rocket hit in Baghdad's Green Zone near the US Embassy citing security sources"
"2020-05-18 22:33:00","2020-05-19 06:33:00","Australia says will consider going to WTO regarding barley tariffs imposed by China"
"2020-05-18 22:19:00","2020-05-19 06:19:00","Japan is reportedly considering stating that the economy entered into a recession, according to Nikkei"
"2020-05-18 22:15:00","2020-05-19 06:15:00","ASIAN DAILY ECONOMIC RELEASES CALENDAR IS NOW AVAILABLE IN THE RESEARCH SECTION: Highlights include: New Zealand PPI, RBA Minutes and Japanese Industrial Production "
"2020-05-18 21:25:00","2020-05-19 05:25:00","CME lowers crude oil NYMEX margins by 25% to USD 9000/contract from USD 12000/contract"
"2020-05-18 21:19:00","2020-05-19 05:19:00","West Pharmaceutical Services (WST) to replace Helmerich & Payne (HP) in S&P 500"
"2020-05-18 21:12:00","2020-05-19 05:12:00","US Treasury is to begin sending 4mln economic impact payments via prepaid debit cards this week"
"2020-05-18 21:01:00","2020-05-19 05:01:00","DAILY ASIA-PAC OPENING NEWS"
"2020-05-18 20:55:00","2020-05-19 04:55:00","SoftBank (9984 JT) is reportedly to sell a sizeable part of T-Mobile (TMUS) stake in a secondary offering, according to sources cited by CNBC "
"2020-05-18 20:47:00","2020-05-19 04:47:00","NYSE will suspend trading in JC Penney (JCP)"
"2020-05-18 20:44:00","2020-05-19 04:44:00","Disney (DIS) head of streaming operations Mayer resigns to become TikTok's CEO"
"2020-05-18 20:32:00","2020-05-19 04:32:00","Baidu Inc (BIDU) Q1 20 (USD): EPS 1.25 (exp. 0.57), Revenue 3.18bln (exp. 3.1bln)"
"2020-05-18 20:30:00","2020-05-19 04:30:00","US President Trump says he has not been exposed to the coronavirus but he is taking hydroxychloroquine once a day"
"2020-05-18 20:23:00","2020-05-19 04:23:00","US President Trump says he will not say how he would hold China responsible"
"2020-05-18 20:21:00","2020-05-19 04:21:00","Moderna (MRNA) said to be offering around USD 187.5mln of common shares at a share price range of USD 75.00-77.50 to fund working capital needs related from its COVID-19 vaccine, MRNA-1273"
"2020-05-18 20:19:00","2020-05-19 04:19:00","Fannie Mae said to be tapping an underwriting financial advisor for recapitalisation and the end of conservatorship"
"2020-05-18 20:19:00","2020-05-19 04:19:00","Newsquawk US Market Wrap - May 18th: Cyclical-led rally amid vaccine developments and coronabonds"
"2020-05-18 20:14:00","2020-05-19 04:14:00","NYSE announced it is to suspend trading in Intelsat (I)"
"2020-05-18 20:14:00","2020-05-19 04:14:00","US President Trump says he is going to make a decision on the WHO soon; says he was considering reducing the US contribution to WHO to USD 40mln (currently around USD 400mln), but says some felt that was too much"
"2020-05-18 20:05:00","2020-05-19 04:05:00","US President Trump says will provide a statement to the WHO in the near future and criticized that it has done a sad job, adds WHO is a puppet of China"
"2020-05-18 20:00:00","2020-05-19 04:00:00","Fed Chair Powell reiterations pledge to maintain near-zero rates until the economy has weathered the crisis and Fed will use full range of tools to support the economy"
"2020-05-18 19:57:00","2020-05-19 03:57:00","US President Trump says the administration is mulling an ""explore America"" tax credit"
"2020-05-18 19:55:00","2020-05-19 03:55:00","US COVID-19 antibody test is to test up to 325k people, and it is to test samples from 25 metropolitan areas including New York and Seattle, according to CDC researchers. Study expected to launch in June or July"
"2020-05-18 19:52:00","2020-05-19 03:52:00","US President Trump says if LA were to extend its lockdown closures it would be a ""death wish"""
"2020-05-18 19:45:00","2020-05-19 03:45:00","ECB President Lagarde says there is no risk to the euro, currency is irreversible"
"2020-05-18 19:43:00","2020-05-19 03:43:00","Italy's Economy Minister Gualtieri states the government has told Fiat Chrysler (FCAU, FCA IM) that they have to strengthen investments in Italy and told them they should not move factories away from Italy"
"2020-05-18 19:42:00","2020-05-19 03:42:00","EIA says total shale regions oil production for June expected to be down by 197k BPD to 7.822mln BPD"
"2020-05-18 19:37:00","2020-05-19 03:37:00","The NY Fed intends to conduct a small value contingency securities lending operation for the purpose of testing its contingency operation infrastructure.  "
"2020-05-18 19:30:00","2020-05-19 03:30:00","ECB President Lagarde welcomes the Franco-German ""ambitious and targeted"" proposal for an EU recovery fund"
"2020-05-18 19:23:00","2020-05-19 03:23:00","US President Trump says extending the PPP time frame for the funds to be used ""should be easy"""
"2020-05-18 19:20:00","2020-05-19 03:20:00","Restaurant representatives are pushing the White House to extend the deadline for spending PPP loans to 24 weeks from 8 weeks. US Treasury Secretary Mnuchin notes they are working on a technical fix to allow PPP borrowers more time to use the funds"
"2020-05-18 19:15:00","2020-05-19 03:15:00","Texas Governor Abbott says Texas is prepared to enter into Phase Two for opening up for business, according to KVUE"
"2020-05-18 19:13:00","2020-05-19 03:13:00","US TREASURY FLOW: late session reports of large hedge fund selling, 10k June 30-year Bond futures and 60k June T-Note futures sold; said to be a large hedge fund reallocating into stocks, according to IFR"
"2020-05-18 19:10:00","2020-05-19 03:10:00","US T-NOTE FUTURES (M0) SETTLE 23+ TICKS LOWER AT 138-19"
"2020-05-18 19:06:00","2020-05-19 03:06:00","White House Economic Adviser Hassett says credit card data is going up and the number of businesses open in the US is skyrocketing; things are moving forward faster than he initially thought"
"2020-05-18 19:03:00","2020-05-19 03:03:00","NEC Director Kudlow believes the US economy is starting to turn, adding demand for housing, gasoline, Apple mobility index are looking better"
"2020-05-18 18:53:00","2020-05-19 02:53:00","US President Trump says some ""big announcements are coming"" and have already come out on therapeutics and vaccines for the coronavirus"
"2020-05-18 18:53:00","2020-05-19 02:53:00","US President Trump says some ""big announcements are coming"" and have already come out on therapeutics and vaccines for the coronavirus"
"2020-05-18 18:33:00","2020-05-19 02:33:00","WTI (M0) settled USD 2.39 higher at USD 31.82; WTI (N0) settled USD 2.13 higher at USD 31.65; Brent (N0) settles USD 2.31 higher at USD 34.81"
"2020-05-18 18:32:00","2020-05-19 02:32:00","FX WRAP: EUR strength and positive risk sentiment sees DXY lag"
"2020-05-18 18:17:00","2020-05-19 02:17:00","Spain's PM Sanchez states the French-German EUR 500bln recovery fund in grants is a step in the right direction"
"2020-05-18 18:03:00","2020-05-19 02:03:00","Canada COVID-19 cases rise to 77,306 (prev. 76,204), death toll rises to 5,805 (prev. 5,702)"
"2020-05-18 17:43:00","2020-05-19 01:43:00","US COVID-19 cases +13,284/0.9% at 1,480,349 (Prev. 1,467,065); death toll +698/+078% at 89,407 (prev. 88,709)"
"2020-05-18 17:38:00","2020-05-19 01:38:00","New Jersey Governor Murphy has allowed some additional outdoor activities to reopen as the coronavirus spread continues to abate"
"2020-05-18 17:36:00","2020-05-19 01:36:00","White House spokesperson calls China's USD 2bln pledge to the WHO a ""token"" to distract from China's failure to warn the world of what was coming; China has a responsibility to give more to WHO in the wake of the crisis"
"2020-05-18 17:26:00","2020-05-19 01:26:00","France COVID-19 death toll rises to 28,239 (prev. 28,108)"
"2020-05-18 17:20:00","2020-05-19 01:20:00","NEC Director Kudlow says we are seeing evidence that demand for gasoline is higher"
"2020-05-18 17:18:00","2020-05-19 01:18:00","Pfizer (PFE) launches USD 4bln 4-parter (5s, 10s, 20s, 30s) (USD) 750mln 5-year at T+55bps; 1bln 10-year at T+100bps; 1bln 20-year at T+115bps; 1.25bln 30-year at T+130bps"
"2020-05-18 17:17:00","2020-05-19 01:17:00","Telecom Italia (TIT IM) Q1 net profit EUR 591, group EBITDA -7.5% to EUR 1.8bln vs exp. EUR 1.781bln and confirms it is in talks with funds regarding its sale of its stake in INWIT"
"2020-05-18 17:15:00","2020-05-19 01:15:00","CBR says that annual inflation may accelerate from the current 3.1% but disinflationary effects are expected to gain momentum later in 2020 "
"2020-05-18 16:46:00","2020-05-19 00:46:00","Natixis (KN FP) announced the withdrawal from Shale, Oil and Gas exploration"
"2020-05-18 16:40:00","2020-05-19 00:40:00","Urals crude oil loading plan from Baltic ports have been set at 0.7mln T for June 1-5 (prev. 0.8mln T for May 1-5)"
"2020-05-18 16:35:00","2020-05-19 00:35:00"," Pentagon legislation aims to end reliance on China for rare earth minerals, according to DefenseNews"
"2020-05-18 16:32:00","2020-05-19 00:32:00","New York COVID-19 cases +1250/0.4% to 351,371 (Prev. +0.4% at 350,121)"
"2020-05-18 16:28:00","2020-05-19 00:28:00","ANALYSIS: NAHB housing index surprised to the upside in May; may be scope to rise further in months ahead, Pantheon Macroeconomics said"
"2020-05-18 16:27:00","2020-05-19 00:27:00","UK-US round two of trade talks have been scheduled for June 15-22; UK official says round one talks were positive and constructive, with ""significant emphasis"" supporting the post-pandemic recovery"
"2020-05-18 16:20:00","2020-05-19 00:20:00","SNAP ANALYSIS: Germany and France have for the first-time proposed joint EU debt issuance, a pivotal moment in the bloc’s history"
"2020-05-18 16:13:00","2020-05-19 00:13:00","Italy is to offer state guarantees of up to EUR 19bln of new bonds that are issued by Italian banks, according to a draft paper"
"2020-05-18 16:03:00","2020-05-19 00:03:00","BoE's Tenreyro says MPC has not ruled out any policy tool , her personal view is that negative rates have had a positive impact in Europe; says there are some considerations that would be more specific to the UK"
"2020-05-18 16:00:00","2020-05-19 00:00:00","Italy COVID-19 cases +451/0.2% at 225,886 (Prev. +0.3% at 225,435); death toll +99/0.3% at 32,007 (Prev. +0.5% at 31,008)"
"2020-05-18 15:57:00","2020-05-18 23:57:00","Air France (AF FP) is reportedly  increasing its flight schedule steadily "
"2020-05-18 15:55:00","2020-05-18 23:55:00","German Chancellor Merkel states the repayment of the EUR 500bln will be over a long time period and Germany's share will be as it is in the regular EU budget, at 27%"
"2020-05-18 15:49:00","2020-05-18 23:49:00","UK COVID-19 death toll rises to 34,796 (Prev. 34,636); deaths rise by 160 vs. yesterday's 170. Case count rises by 2,684 vs. prev. 3,142 increase"
"2020-05-18 15:45:00","2020-05-18 23:45:00","US move against Huawei has loopholes which can be exploited, due to the supply chain being so large and involving many steps, suppliers could argue that they were not aware their products would benefit Huawei, according to specialists cited by WSJ"
"2020-05-18 15:45:00","2020-05-18 23:45:00","NY Governor Cuomo says the western New York region is set to reopen tomorrow, urges sports teams to reopen without fans"
"2020-05-18 15:38:00","2020-05-18 23:38:00","German Chancellor Merkel says the aid package has a combined value of EUR 3trln "
"2020-05-18 15:32:00","2020-05-18 23:32:00","EU Commission Head von der Leyen says the joint Euro issuance acknowledges the scope and size of the economic challenges that Europe faces; says the Franco-German proposal goes in the direction of the one the Commission is working on"
"2020-05-18 15:32:00","2020-05-18 23:32:00","Daily FX Wrap: phase 1 vaccine positivity outweighs pandemic, economic and trade negativity"
"2020-05-18 15:31:00","2020-05-18 23:31:00","New BTP Italia May 2025 bond raised EUR 4.02bln on the first day of its retail offer "
"2020-05-18 15:30:00","2020-05-18 23:30:00","EUROPEAN PRELIMINARY CASH EQUITY CLOSES: EURO STOXX 50 (+5.1%) at 2910, FTSE 100 (+4.3%) at 6049, DAX (+5.6%) at 11,051, CAC 40 (+5.2%) at 4498, IBEX 35 (+4.8%) at 6788, FTSE MIB (+3.2%) at 17,385, SMI (+2.84%) at 9752"
"2020-05-18 15:29:00","2020-05-18 23:29:00","German Chancellor Merkel says we must create stronger EU champions after the coronavirus"
"2020-05-18 15:28:00","2020-05-18 23:28:00","US Health Secretary Azar says he is quite hopeful that schools will reopen in the fall despite COVID-19, comments from Fox News interview"
"2020-05-18 15:27:00","2020-05-18 23:27:00","Risk gets a shot in the arm after Germany, France propose joint EU Debt issuance"
"2020-05-18 15:26:00","2020-05-18 23:26:00","Telecom Italia (TIT IM) is reportedly discussing selling 16% of its INWIT to funds, according to sources"
"2020-05-18 15:25:00","2020-05-18 23:25:00","Fed buys USD 1.5bln TIPS 1 to 7.5 year sector; offer-to-cover 1.99x (prev. 2.64x)"
"2020-05-18 15:21:00","2020-05-18 23:21:00","US Attorney General Barr says the FBI has succeeded in unlocking the Apple (AAPL) phones of the alleged shooter at the Florida naval base attack"
"2020-05-18 15:19:00","2020-05-18 23:19:00","French President Macron says for the first time France and Germany are proposing for EU to raise debt jointly"
"2020-05-18 15:13:00","2020-05-18 23:13:00","French President Macron and German Chancellor Merkel call for an increase of European budget (MFF) over the first few years,  to propose EC to fund recovery by borrowing through financial markets in EU's name and it should be given EUR 500bln in grants"
"2020-05-18 15:12:00","2020-05-18 23:12:00","Uber (UBER) is cutting 3,000 more jobs and shutting 45 offices, in order to save more than USD 1bln in fixed costs, according to the WSJ"
"2020-05-18 15:11:00","2020-05-18 23:11:00","NYC Mayor De Blasio says the city is looking to reopen in the first half of June"
"2020-05-18 15:09:00","2020-05-18 23:09:00","German Chancellor Merkel says we must act in a European way to get out of the crisis well, addds we need a European recovery fund and Germany and France discussed this today, says it should give grants and not loans to member states"
"2020-05-18 15:08:00","2020-05-18 23:08:00","Brazil's Petrobras will raise prices of diesel prices by 8% from tomorrow and will keep gasoline prices steady"
"2020-05-18 15:08:00","2020-05-18 23:08:00","BoE's Tenreyro says the build up of debt is not a big concern right now in developed economies"
"2020-05-18 15:06:00","2020-05-18 23:06:00","Spain COVID-19 cases rise to 231,606 (prev. 231,350), death toll rises by 59 to 27,709 - note that a change of methodology means this data period is for longer than 24 hours "
"2020-05-18 15:05:00","2020-05-18 23:05:00","Amazon (AMZN) is to resume activity at French warehouses on Tuesday with about 30% of staff"
"2020-05-18 15:03:00","2020-05-18 23:03:00","US House Foreign affairs chairman says the State Department inspector general may have been fired as he was investigating Trump’s emergency declaration to allow USD 8bln weapons sale to Saudi Arabia"
"2020-05-18 15:02:00","2020-05-18 23:02:00","US President Trump tweets ""Oil (energy) is back!"""
"2020-05-18 15:02:00","2020-05-18 23:02:00","US President Trump tweets ""Oil (energy) is back!"""
"2020-05-18 15:01:00","2020-05-18 23:01:00","EU is demanding that big tech (FB, GOOGL, AMZN...) share information on how they combat disinformation amid COVID-19, according to FT"
"2020-05-18 14:58:00","2020-05-18 22:58:00","EU is reportedly considering a EUR 500bln coronavirus recovery plan, according to sources"
"2020-05-18 14:56:00","2020-05-18 22:56:00","US Health Secretary Azar says there has been an ""apparent attempt to conceal this outbreak by at least one member state"", without providing any names"
"2020-05-18 14:52:00","2020-05-18 22:52:00","Chinese Premier Li Keqiang was expected to take a tougher stance on Hong Kong in his reported to the National People's Congress, according to sources via SCMP"
"2020-05-18 14:43:00","2020-05-18 22:43:00","US President Trump highlights his support to a probe into COVID-19, which is being led by Australia "
"2020-05-18 14:34:00","2020-05-18 22:34:00","US Treasury Secretary Mnuchin will, tomorrow, take part in a call with G7 finance ministers"
"2020-05-18 14:31:00","2020-05-18 22:31:00","Fed buys USD 2bln Treasury Coupons 20 to 30 year sector; offer-to-cover 3.03x (prev. 2.49x)"
"2020-05-18 14:13:00","2020-05-18 22:13:00","Colgate (CL) - Market sources note Gordon Haskett's Bilson says Nelson Peltz's Trians new undisclosed position in the Co. could push for a sale to Johnson & Johnson (JNJ) or Unilever (ULVR LN)"
"2020-05-18 14:11:00","2020-05-18 22:11:00","Reported details surrounding the EU recovery fund, via BBC's Adler; size of the fund is yet to be agreed as is the ratio of loans to grants"
"2020-05-18 13:54:00","2020-05-18 21:54:00","US EQUITY OPEN: Stocks rally to start the week on vaccine & bounce back hopes as economies start to reopen"
"2020-05-18 13:49:00","2020-05-18 21:49:00","Nissan (7201 JN, NSANY) plans to scale-back operations in Europe, and focus on SUVs and commercial vehicles, sources say; UK Sunderland Part would be the hub for SUVs, and Barcelona plant could close; plans to reset relations with Renault (RNO FP)"
"2020-05-18 13:47:00","2020-05-18 21:47:00","ECB APP: PSPP EUR +10.936bln (Prev. EUR +7.114bln), CSPP EUR +2.324bln (Prev. EUR +2.575bln), CBPP3 EUR +1.03bln (Prev. EUR +1.03bln), ABSPP EUR +0.161bln (Prev. EUR +0.018bln)"
"2020-05-18 13:46:00","2020-05-18 21:46:00","ECB PEPP EUR +28.878bln on May 15 vs. Prev. EUR +34.097bln a week earlier"
"2020-05-18 13:35:00","2020-05-18 21:35:00","Summary of the latest 13-F filings: Pershing Square, Berkshire Hathaway, Appaloosa, Icahn Enterprises (IEP)"
"2020-05-18 13:20:00","2020-05-18 21:20:00","Additional US Equity Stories: BA, BABA, TSLA, FDX"
"2020-05-18 13:10:00","2020-05-18 21:10:00","JPMorgan (JPM) credit-card charge-off rate 2.43% in April (prev. 2.48%); card delinquency rate at 1.27% (prev. 1.16%) "
"2020-05-18 13:07:00","2020-05-18 21:07:00","Newsquawk Daily US Equity Opening News - May 18th, 2020"
"2020-05-18 13:05:00","2020-05-18 21:05:00","HSBC warns that today’s risk-on is based on a 'selective approach' to news"
"2020-05-18 13:03:00","2020-05-18 21:03:00","FedEx (FDX) says it has combined logistics networks with Microsoft (MSFT) cloud to create joint offerings"
"2020-05-18 12:52:00","2020-05-18 20:52:00","Australia's Trade Minister says China's decision to impose a levy on barley is deeply disappointing"
"2020-05-18 12:46:00","2020-05-18 20:46:00","NY Fed accepts no bids in its overnight repo operation"
"2020-05-18 12:45:00","2020-05-18 20:45:00","Fixed and FX latest: bonds mixed and Buck buckling"
"2020-05-18 12:37:00","2020-05-18 20:37:00","German Foreign Minister Maas says 15th June will be when the country makes a decision if the travel warning will be lifted; says we spoke to other EU countries about lifting quarantines"
"2020-05-18 12:36:00","2020-05-18 20:36:00","Pfizer Inc (PFE) announces a 4-part USD offering (5s, 10s, 20s, 30s). IPTs: 5-year T+90bp area, 10-year T+130bp area, 20-year T+150bp area, 30-year T+160bp area"
"2020-05-18 12:30:00","2020-05-18 20:30:00","Occidental (OXY) has completed the sale of its Mozambique and South Africa assets to Total (FP FP); Total says it is not interested in purchasing Anadarko's Ghana interests in the current circumstances"
"2020-05-18 12:30:00","2020-05-18 20:30:00","PRIMER: Fed Chair Powell Testimony (Tue), FOMC Minutes (Wed), Fed Listens (Thu) "
"2020-05-18 12:24:00","2020-05-18 20:24:00","Insurance companies - A.M. Best Report says stress testing of A.M Best-Rated companies show most can withstand the pandemic"
"2020-05-18 12:21:00","2020-05-18 20:21:00","FinnAir is in talks with Airbus (AIR FP) to defer taking the remaining four A350 jets"
"2020-05-18 12:16:00","2020-05-18 20:16:00","White House Advisor Hassett says the Administration ready to take more COVID-19 spending action if needed, though final size will differ from the House Democrat plan; says it appears US/China deal largely being adhered to; tensions with China are high"
"2020-05-18 12:16:00","2020-05-18 20:16:00","NY Fed accepts all USD 3bln bids in its one-month term repo operation"
"2020-05-18 12:14:00","2020-05-18 20:14:00","UK PM Johnson spokesman says commercial negotiations for antibody tests are ongoing, work with schools continue in to get children back at school on June 1st"
"2020-05-18 12:13:00","2020-05-18 20:13:00","Germany rail union EVG says more than 10k jobs at Deutsche Bahn are at risk due to COVID crisis"
"2020-05-18 12:12:00","2020-05-18 20:12:00","PBoC will cautiously control financial adjustments, will implement monetary policy and macro prudent policy more creatively"
"2020-05-18 12:02:00","2020-05-18 20:02:00","South African airports operator ACSA says it need Treasury support to finance up to ZAR 11bln in new debt by 2025"
"2020-05-18 11:56:00","2020-05-18 19:56:00","Hochtief (HOT GY) - Co. wins an order worth EUR 500mln"
"2020-05-18 11:36:00","2020-05-18 19:36:00","Morgan Stanley says it is turning bullish on EM sovereign credit, leaving it bullish across all three EM Fixed Income asset classes"
"2020-05-18 11:30:00","2020-05-18 19:30:00","Moderna (MRNA) announces positive interim Phase I data for its MRNA vaccine against COVID-19; however, three patients on the highest doses had severe but not life threatening side effects"
"2020-05-18 11:28:00","2020-05-18 19:28:00","Chinese Commerce Ministry says it will levy anti-dumping duties on barley imports from Australia from May 19th"
"2020-05-18 11:18:00","2020-05-18 19:18:00","Saudi Arabia March total oil exports stood at 8.19mln BPD, according to JODI data"
"2020-05-18 11:15:00","2020-05-18 19:15:00","Global Times' Chief Editor Xijin says China is not afraid of an independent investigations the origin of COVID-19, ""China's stance is the same. But if the investigation finds it originated in the US, Trump's reelection is doomed"""
"2020-05-18 11:14:00","2020-05-18 19:14:00","EU Commission President von der Leyen, French President Macron & German Chancellor Merkel have reportedly come to a deal on the recovery fund, according to the Eurasia Group"
"2020-05-18 11:13:00","2020-05-18 19:13:00","China says it will increase two-way fluctuations of the Yuan and improve market-based currency formation mechanism; China is also said to lower overall tariff levels and expand imports, according to Xinhua"
"2020-05-18 11:09:00","2020-05-18 19:09:00","China will minimise direct interference from the government on micro economic activities, according to Xinhua"
"2020-05-18 11:09:00","2020-05-18 19:09:00","French Treasury are examining the prospect of a new syndicated 20yr bond issue based on market demand"
"2020-05-18 11:00:00","2020-05-18 19:00:00","PerkinElmer (PKI) is being probed in a Federal investigation for alleged Medicare fraud regarding ""tens of thousands of unnecessary genetic cancer tests"" according to sources"
"2020-05-18 10:59:00","2020-05-18 18:59:00","Deutsche Bank (DBK GY) - Co. has reached a milestone in the merger of German private and business client subsidiary with Deutsche Bank; the group does not plan to sell Noriskbank "
"2020-05-18 10:54:00","2020-05-18 18:54:00","Kazakhstan Deputy Energy Minister says it is to raise shipments to China to 230k tonnes in May (prev. 50k in April)"
"2020-05-18 10:50:00","2020-05-18 18:50:00","US PRE-MARKET THEMES: Markets start the week risk-on, supported by reopening and hopes of rebound "
"2020-05-18 10:39:00","2020-05-18 18:39:00","WATCH LIVE: Chinese President Xi speaking at the 73rd World Health Assembly "
"2020-05-18 10:39:00","2020-05-18 18:39:00","WATCH LIVE: Chinese President Xi speaking at the 73rd World Health Assembly "
"2020-05-18 10:37:00","2020-05-18 18:37:00","China's President Xi remarking that China acted openly and transparently, acting with responsibility; in the context of COVID-19"
"2020-05-18 10:35:00","2020-05-18 18:35:00","Chinese oil demand is reportedly nearly back to pre COVID-19 levels, according to sources"
"2020-05-18 10:30:00","2020-05-18 18:30:00","Sea Ltd (SE) Q1 20 (USD): EPS -0.61 (exp. -0.33), Revenue 714mln (exp. 910mln). "
"2020-05-18 10:22:00","2020-05-18 18:22:00","Newsquawk Daily US Opening News - 18th May 2020"
"2020-05-18 10:08:00","2020-05-18 18:08:00","ECB's de Cos says the COVID-19 shock will last longer than initially expected; ECB has to act to avoid fragmentation among EZ countries. Adding, European response to COVID-19 crisis has been insufficient "
"2020-05-18 10:02:00","2020-05-18 18:02:00","Bundesbank Monthly Report: Q2 GDP seen significantly below the Q1 figure, 'the available economic indicators paint a correspondingly bleak picture'"
"2020-05-18 10:00:00","2020-05-18 18:00:00","Newsquawk EU Mid Session: Stocks and EU bonds gain as central bankers talk-up further stimulus - 18th May 2020"
"2020-05-18 09:50:00","2020-05-18 17:50:00","Fixed Income: debt futures off best levels, but firm aside from US long end"
"2020-05-18 09:37:00","2020-05-18 17:37:00","FX Morning Colour: oil gushing and Gold rushing to the benefit of commodity bloc"
"2020-05-18 09:30:00","2020-05-18 17:30:00","ANALYSIS: Morgan Stanley thinks a V-shape recovery and inflationary ramp are still possible"
"2020-05-18 09:30:00","2020-05-18 17:30:00","Daily Fed planned Treasury/TIPS purchase amounts and schedules, 18th May 2020; will buy USD 30bln this week"
"2020-05-18 09:30:00","2020-05-18 17:30:00","ANALYSIS: Goldman Sachs sees four key trends in Q1 earnings reports; still sees FY20 earnings at USD 110, but revises down Q3 and Q4 estimates"
"2020-05-18 09:03:00","2020-05-18 17:03:00","Taiwanese Media reported that TSMC (2330 TT) recieved a large order of USD 700mln from Huawei, order was made last week just before the US ban, according to GT citing insiders"
"2020-05-18 09:01:00","2020-05-18 17:01:00","SNB allots USD 49mln in its 7-day USD operations"
"2020-05-18 09:01:00","2020-05-18 17:01:00","BoE allots USD 2.5bln in its 7-day USD operation (Prev. USD 0)"
"2020-05-18 08:49:00","2020-05-18 16:49:00","UK says that both sides in trade talks with the US are hopeful that negotiations for a comprehensive trade deal can proceed at an accelerated pace "
"2020-05-18 08:43:00","2020-05-18 16:43:00","Iranian Military Official says Iran is to give due response to any attack on international waters to its ships and oil tankers, via Press TV"
"2020-05-18 08:37:00","2020-05-18 16:37:00","Hang Seng Index Co (HSI) says Greater China Cos with weighted-voting rights and a secondary listing in Hong Kong will be included in the Hang Seng index"
"2020-05-18 08:29:00","2020-05-18 16:29:00","Iraqi oil minister denies operations have been halted at its 70k BPD al-Ahdab oilfield"
"2020-05-18 08:13:00","2020-05-18 16:13:00","Huawei sees no immediate solution to Washington's chip restrictions"
"2020-05-18 08:05:00","2020-05-18 16:05:00","Huawei's rotating chairman Ping says the group is committed to complying with US rules while fulfilling obligations to order"
"2020-05-18 08:01:00","2020-05-18 16:01:00","EU Medicines Agency says Gilead's (GILD) Remdisivir could be granted conditional market authorisation in Europe in the coming days"
"2020-05-18 08:00:00","2020-05-18 16:00:00","Swiss Sight Deposits: Domestic banks CHF 591.013bln (Prev. CHF 586.907bln); Total CHF 673.494bln (Prev. 669.102bln)"
"2020-05-18 07:53:00","2020-05-18 15:53:00","Tokyo has 10 new cases of COVID-19, according to local media reports"
"2020-05-18 07:28:00","2020-05-18 15:28:00","Chinese Foreign Ministry says it is premature to immediately begin a COVID-19 investigation "
"2020-05-18 07:20:00","2020-05-18 15:20:00","UK debt somewhat hampered by peers, but STIRs helped by Haldane"
"2020-05-18 07:15:00","2020-05-18 15:15:00","Iranian Islamic Shura Council endorses the decision to confront Israeli attacks, according to INTELSky"
"2020-05-18 07:07:00","2020-05-18 15:07:00","Chinese President Xi will deliver a speech Monday at the opening ceremony of the 73rd session of the World Health Assembly (WHA)"
"2020-05-18 07:06:00","2020-05-18 15:06:00","EU movers: ThyssenKrupp (TKA GY) +6.7%, Tui (TUI LN) +6.7%, RyanAir (RYA LN) +5.6%, IAG (IAG LN) +5.5%, Anglo American (AAL LN) +5.5%, easyJet (EZJ LN) +4.5%, Total (FP FP) +4%, Lonza (LONN SW) +2.8%, AstraZeneca (AZN LN) +2%"
"2020-05-18 06:55:00","2020-05-18 14:55:00","Additional European Equity News"
"2020-05-18 06:48:00","2020-05-18 14:48:00","Bunds: down in sympathy with French OATs and on broad risk appetite"
"2020-05-18 06:35:00","2020-05-18 14:35:00","Spain's Social Security Minister says the cabinet will be approving a basic monthly income program by month-end"
"2020-05-18 06:21:00","2020-05-18 14:21:00","Major FX expiry options for today's NY cut"
"2020-05-18 06:05:00","2020-05-18 14:05:00","Softbank (9434 JN) – FY vision fund loss of JPY 1.9trl vs. Prev. profit JPY 1.26trl. Loss of JPY 670.47bln; largely due to JPY 537bln loss from SB WW Holdings, which is invested in WeWork. (Newswires)"
"2020-05-18 05:54:00","2020-05-18 13:54:00","Daily European Equity Opening News"
"2020-05-18 05:23:00","2020-05-18 13:23:00","Newsquawk Daily European Opening News - 18th May 2020 "
"2020-05-18 05:15:00","2020-05-18 13:15:00","South Korea postpones live fire drills after protests from North Korea, according to Yonhap"
"2020-05-18 05:05:00","2020-05-18 13:05:00"," ECB’s Lane says constantly assessing whether we are doing enough, can adjust the size/duration of our purchase"
"2020-05-18 04:56:00","2020-05-18 12:56:00","TSMC (2330 TT) said report that it cancelled new orders to Huawei is purely a market rumour"
"2020-05-18 04:52:00","2020-05-18 12:52:00","ASIA-PAC MARKET WRAP: Asia-Pac traded mostly higher as participants digested supportive Fed and PBoC rhetoric"
"2020-05-18 04:30:00","2020-05-18 12:30:00","Japanese Tertiary Industry Index (Mar) M/M -4.2% vs. Exp. -3.7% (Prev. -0.5%)"
"2020-05-18 04:29:00","2020-05-18 12:29:00","Subaru (7270 JT) says secured JPY 200bln commitment line to secure liquidity for coronavirus impact"
"2020-05-18 04:19:00","2020-05-18 12:19:00","SoftBank (9984 JT) is reportedly in talks to sell a significant portion of T-Mobile (TMUS) shares to Deutsche Telekom (DTE GY), according to WSJ"
"2020-05-18 04:08:00","2020-05-18 12:08:00","TSMC (2330 TT) says it has now stopped accepting new orders from Huawei amid US restrictions"
"2020-05-18 04:00:00","2020-05-18 12:00:00","Subaru (7270 JT) FY net rose 7.9% Y/Y to JPY 152.6bln, does not provide guidance"
"2020-05-18 03:35:00","2020-05-18 11:35:00","Japan sells 1.54tln 5yr JGBs b/c 4.49 vs. Prev. 4.98 avg, yield -0.122% vs. Prev. -0.095%"
"2020-05-18 03:26:00","2020-05-18 11:26:00","PRE-MARKET INDIAN STOCK NEWS: India extends the coronavirus lockdown for 2 weeks to May 31st although restrictions will be eased in areas with low number of infections"
"2020-05-18 03:07:00","2020-05-18 11:07:00","China Commerce Minister says have been communicating with Australia"
"2020-05-18 02:53:00","2020-05-18 10:53:00","ASIA-PAC MID-SESSION UPDATE: Asia trades with gains after Fed Chair Powell suggests further measures may be needed and China reiterates pledge for more powerful policy "
"2020-05-18 02:53:00","2020-05-18 10:53:00","ASIA-PAC MID-SESSION UPDATE: Asia trades with gains after Fed Chair Powell suggests further measures may be needed and China reiterates pledge for more powerful policy "
"2020-05-18 02:34:00","2020-05-18 10:34:00","Thailand GDP (Q1) Q/Q -2.2% vs. Exp. -4.5% (Prev. 0.2%)"
"2020-05-18 02:34:00","2020-05-18 10:34:00","Thailand GDP (Q1) Y/Y -1.8% vs. Exp. -4.0% (Prev. 1.6%)"
"2020-05-18 02:18:00","2020-05-18 10:18:00","China Commerce Minister Zhong Shan says foreign demand has slumped significantly and trade faces unprecedented challenges, adds Chinese companies are having an extremely difficult time amid outbreak"
"2020-05-18 02:04:00","2020-05-18 10:04:00","China Commerce Minister Shan says coronavirus caused a huge shock to China's economic and social developments, adds will boost domestic demand and promote consumption"
"2020-05-18 01:16:00","2020-05-18 09:16:00","PRE-MARKET CHINESE STOCK NEWS: US moved to prevent Huawei from acquiring semiconductors and chipsets made using US software/technology"
"2020-05-18 01:15:00","2020-05-18 09:15:00","PBoC skips open market operations and are net neutral on the day"
"2020-05-18 01:15:00","2020-05-18 09:15:00","RBA refrains from offering to buy bonds for a 5th occasion"
"2020-05-18 01:15:00","2020-05-18 09:15:00","PBoC sets USD/CNY mid-point at 7.1030 vs. Exp. 7.1036 (Prev. 7.0936)"
"2020-05-18 01:13:00","2020-05-18 09:13:00","South Korea reports 15 additional coronavirus cases to take total to 11,065 and 1 additional death for a total of 263, while there were 16 newly recovered to take total to 9,904"
"2020-05-18 01:04:00","2020-05-18 09:04:00","Australia sells AUD 1.0bln 2.25% 2028 Bonds, b/c 3.96 avg. yield 0.7711%"
"2020-05-18 00:40:00","2020-05-18 08:40:00","AFP tweets there were 820 deaths in US from coronavirus in 24 hours, citing the Johns Hopkins tracker"
"2020-05-18 00:31:00","2020-05-18 08:31:00","Japanese Economic Minister Nishimura says looking into additional policy measures and want a solid response in 2nd extra budget, also notes April and May have been severe"
"2020-05-18 00:30:00","2020-05-18 08:30:00","Singapore Non-Oil Exports (Apr) M/M -5.8% vs. Exp. -19.8% (Prev. 12.8%)"
"2020-05-18 00:30:00","2020-05-18 08:30:00","Singapore Non-Oil Exports (Apr) Y/Y 9.7% vs. Exp. -5.0% (Prev. 17.6%)"
"2020-05-18 00:25:00","2020-05-18 08:25:00","Japanese Economic Minister Nishimura says weakness in external and domestic demand underscores severe state of Japan's economy, adds economy expected to slump significantly due to soft overseas demand amid the pandemic"
"2020-05-18 00:24:00","2020-05-18 08:24:00","PRE-MARKET TAIWAN AND SINGAPORE STOCK NEWS: TSMC (2330 TT) is said to have secured USD 700mln in rush orders from Huawei"
"2020-05-18 00:21:00","2020-05-18 08:21:00","PBoC is expected to set USD/CNY mid-point at 7.1036, according to a major newswire estimate"
"2020-05-18 00:16:00","2020-05-18 08:16:00","Mainland China reports 7 additional coronavirus case on May 17th vs. 5 additional cases on May 16th"
"2020-05-18 00:13:00","2020-05-18 08:13:00","Village Roadshow (VRL AT) receives revised non-binding offer from BGH and are now in exclusive talks"
"2020-05-18 00:02:00","2020-05-18 08:02:00","Asia-Pac bourses begin with mild gains as US equity futures continue recovery with participants digesting Japanese GDP and comments from Fed Chair Powell who suggested further action may be required from both the Fed and Congress "