"gmt_time","hk_time","subject"
"2020-05-12 23:51:00","2020-05-13 07:51:00","PRE-MARKET AUSTRALIA, JAPAN AND SOUTH KOREA STOCK NEWS: Ernings including CBA, Honda, McDonald's Japan and KCC"
"2020-05-12 23:49:00","2020-05-13 07:49:00","RBNZ buys NZD 450mln of government bonds in QE operations"
"2020-05-12 23:43:00","2020-05-13 07:43:00","China Daily says April inflation data gives greater room for stimulus"
"2020-05-12 23:40:00","2020-05-13 07:40:00","RBA adds AUD 369mln to the banking system through repos vs. Prev. AUD 405mln"
"2020-05-12 23:36:00","2020-05-13 07:36:00","US Republican Senators proposed legislation that would empower President Trump to sanction China if Beijing does not provide a ""full accounting"" for the coronavirus outbreak "
"2020-05-12 23:20:00","2020-05-13 07:20:00","RBA says excess cash at exchange settlement accounts at AUD 67.6bln vs. Prev.  AUD 66.2bln"
"2020-05-12 23:15:00","2020-05-13 07:15:00","South Korea is said to be preparing additional steps to stabilize jobs market"
"2020-05-12 23:13:00","2020-05-13 07:13:00","US Senator Cruz introduces legislation to incentivize mining companies to produce in the US and electronic manufacturers to use US based rare earths over China imports"
"2020-05-12 23:02:00","2020-05-13 07:02:00","Barclaycard says UK consumer spending fell 36.5% Y/Y in April which was the largest decline since the survey began in 2015, while UK supermarket spending rose 14.3% Y/Y in April"
"2020-05-12 23:00:00","2020-05-13 07:00:00","South Korea stats bureau says April employed fell 476k Y/Y vs. Prev. 195k Y/Y decline in March, largest drop since Feb 1999"
"2020-05-12 22:53:00","2020-05-13 06:53:00","Magnitude 6.5 earthquake strikes Santa Cruz Islands region in the Solomon Islands"
"2020-05-12 22:43:00","2020-05-13 06:43:00","CBA (CBA AT) Q3 cash profit AUD 1.30bln vs. Prev. AUD 1.70bln Y/Y, confirms to sell 55% stake in Colonial First State for AUD 1.7bln to KKR and will pay AUD H1 dividend of AUD 3.5bln"
"2020-05-12 22:39:00","2020-05-13 06:39:00","UK MPs have been instructed to return to Westminster at start of June to set an example as lockdown is eased, according to Sky News"
"2020-05-12 22:39:00","2020-05-13 06:39:00","UK MPs have been instructed to return to Westminster at start of June to set an example as lockdown is eased, according to Sky News"
"2020-05-12 22:32:00","2020-05-13 06:32:00","Fed's Mester says doesn't think its too late to launch main street lending facility because it will provide much needed support to business, adds negative rates wont work in US economy due to effects on banking system and mutual funds"
"2020-05-12 22:26:00","2020-05-13 06:26:00","US Treasury approved USD 25bln in assitance to the aviation industry"
"2020-05-12 22:18:00","2020-05-13 06:18:00","University of Washington's coronavirus mortality model now projects 147k deaths in US by August which is 10k higher than previous forecast"
"2020-05-12 22:16:00","2020-05-13 06:16:00","Saudi Arabia is committed to support stability of global oil markets and its Cabinet urges OPEC+ countries to adhere to reduced rates to contribute to restoring balance in global oil markets, according to Saudi Press Agency"
"2020-05-12 22:12:00","2020-05-13 06:12:00","ASIAN DAILY ECONOMIC RELEASES CALENDAR IS NOW AVAILABLE IN THE RESEARCH SECTION: Highlights include: Australian Westpac Leading Index, Japanese Current Account and RBNZ Policy Decision"
"2020-05-12 22:09:00","2020-05-13 06:09:00","Norges Bank says will exclude 7 companies from government pension fund including Canadian Natural Resources, Cenovus, Suncor and Imperial Oil citing environmental reasons"
"2020-05-12 22:07:00","2020-05-13 06:07:00","Apple (AAPL) is planning for more workers to return to offices over coming months with the plan said to be flexible and subject to local orders"
"2020-05-12 22:01:00","2020-05-13 06:01:00","BoK to provide additional KRW 5tln in special low interest rate loans to domestic businesses impacted by the coronavirus"
"2020-05-12 21:28:00","2020-05-13 05:28:00","Fed's Mester says she would like to stay away from negative rates because it would impact money markets, adds no tool is off the table but her preference is to use forward guidance and other measures first"
"2020-05-12 21:19:00","2020-05-13 05:19:00","US House Democrats Progressive Caucus asks House Speaker Pelosi to delay planned Friday vote on new stimulus bill to next week"
"2020-05-12 21:17:00","2020-05-13 05:17:00","DAILY ASIA-PAC OPENING NEWS"
"2020-05-12 21:12:00","2020-05-13 05:12:00","CME raises crude oil NYMEX maintenance margins by 20% to USD 12000/contract from USD 10000/contract"
"2020-05-12 21:01:00","2020-05-13 05:01:00","Fed's Mester (voter, hawk) says this is the worst and speediest deterioration in the labor market many of us have seen and that Q2 will show most severe impact on the economy, adds baseline outlook is for economy to begin growing again in H2"
"2020-05-12 20:55:00","2020-05-13 04:55:00","3M (MMM) sets quarterly dividend at USD 1.47/Shr"
"2020-05-12 20:42:00","2020-05-13 04:42:00","Fed Chair Powell and Treasury Secretary Mnuchin will testify before US Senate Banking Committee regarding coronavirus response"
"2020-05-12 20:31:00","2020-05-13 04:31:00","Druckenmiller says ""the risk-reward for equity is maybe as bad as I've seen it in my career"", notes a V shaped recovery is a fantasy and that stimulus will be deflationary not inflationary  "
"2020-05-12 20:30:00","2020-05-13 04:30:00","US Private Inventory Crude Stocks (w/e 8th May) +7.6mln (exp. +4.1mln, prev. +8.4mln)"
"2020-05-12 20:19:00","2020-05-13 04:19:00","Uber (UBER) has rejected 2.15 share ratio in GrubHub (GRUB) deal talks & the companies remain at odds on price, sources tell CNBC."
"2020-05-12 20:18:00","2020-05-13 04:18:00","UK reportedly on course to having a budget deficit of GBP 337bln this year compared to the GBP 55bln in the budget, according to Telegraph citing a government document"
"2020-05-12 20:12:00","2020-05-13 04:12:00","Newsquawk US Market Wrap - May 12th: Risk sours as US introduces China sanctions legislation "
"2020-05-12 19:47:00","2020-05-13 03:47:00","Fed's Barkin (non-voter) believes US economy has likely bottomed and is  poised for a rebound, according to WSJ"
"2020-05-12 19:42:00","2020-05-13 03:42:00","Pfizer (PFE) wants to expand human trials of its experimental coronavirus vaccine to thousands of people by September, according to CNBC"
"2020-05-12 19:34:00","2020-05-13 03:34:00","US COVID-19 cases +1.4% (+18,106) at 1,342,594 (Prev. +1.3% at 1,324,477); Death toll +1.3% (+1,064) at 80,820 (Prev. +1.1% at 79,756)"
"2020-05-12 19:32:00","2020-05-13 03:32:00","Uber (UBER) is reportedly offering Grubhub (GRUB) 2 UBER shares for each GRUB share, according to NYT"
"2020-05-12 19:21:00","2020-05-13 03:21:00","Exxon (XOM) Beaumont, Texas refinery (366k BPD) has reported multiple unit upsets due to power loss"
"2020-05-12 19:19:00","2020-05-13 03:19:00","California Governor Newsom says offices can open with precautions, while shopping malls can open for curbside pickup as lockdown measures ease"
"2020-05-12 19:15:00","2020-05-13 03:15:00","FX WRAP: Attention on PBOC fixing overnight as US introduces sanctions legislation on China"
"2020-05-12 19:15:00","2020-05-13 03:15:00","Los Angeles County’s stay-at-home orders  extended for the next 3 months, KTLA reports"
"2020-05-12 19:02:00","2020-05-13 03:02:00","THIS WEEK'S CRUDE INVENTORY EXPECTATIONS: Crude +4.1mln, gasoline -2.2mln, distillates +2.9mln"
"2020-05-12 19:00:00","2020-05-13 03:00:00","TREASURY WRAP: T-Note futures (M0) settle 10+ ticks higher at 138-30+"
"2020-05-12 18:45:00","2020-05-13 02:45:00","German Chancellor Merkel and French President Macron have agreed to open the Franco-German border again, according to Handelsblatt citing information from the Elysée Palace"
"2020-05-12 18:34:00","2020-05-13 02:34:00","US Senate Majority Leader McConnell says he will insist on a narrow coronavirus response bill if there is to be one"
"2020-05-12 18:32:00","2020-05-13 02:32:00","CRUDE WRAP: WTI futures (M0) settles USD 1.64 higher at USD 25.78; WTI (N0) settles USD 1.25 higher at USD 26.33; Brent (N0) settles USD 0.29 higher at USD 29.98"
"2020-05-12 18:31:00","2020-05-13 02:31:00","Brazil's Former Minister of Justice Moro Lawyer says recording of ministerial meeting with President Bolsonaro confirms statement by the former minister in testimony to the police on his resignation"
"2020-05-12 18:29:00","2020-05-13 02:29:00","GOP Senator Thune says the house relief bill will not advance in the senate"
"2020-05-12 18:25:00","2020-05-13 02:25:00","White House Advisor Hassett says the consensus among the White House is to wait to see the effects of reopening the economy before finalising a decision on the final stage of COVID-19 legislation"
"2020-05-12 18:18:00","2020-05-13 02:18:00","PRICE ACTION: ES trading between 2,900-2,910 after China sanctions story; techs watching 2,890-2,900 to the downside, and then 2,872-6"
"2020-05-12 18:15:00","2020-05-13 02:15:00","Shell (RDS.A LN) Norco, Louisiana refinery (250k BPD) is reportedly operating at 80% capacity, according to sources "
"2020-05-12 18:09:00","2020-05-13 02:09:00","New York Governor Cuomo says the Congressional delegation from New York will propose law that will require companies that receive bailout funds to rehire the same amount of employees or give the funds back"
"2020-05-12 17:59:00","2020-05-13 01:59:00","New York Governor Cuomo (D) says he will release a joint statement with Maryland Governor Hogan (GOP) on need for federal funding for states"
"2020-05-12 17:41:00","2020-05-13 01:41:00","New York State COVID-19 deaths at +0.9% (+195) at 21,834 (Prev. +0.7% (+161) at 21,640)"
"2020-05-12 17:26:00","2020-05-13 01:26:00","GrubHub (GRUB) says consolidation could make sense in the industry and is always looking at value-enhancing opportunities; remains confident in its current strategy and recent initiatives to support restaurants "
"2020-05-12 17:24:00","2020-05-13 01:24:00","France COVID-19 cases +0.5% at 140,227 (prev. +0.3% at 139,519); death toll +1% to 26,991 (Prev. +1% at 26,643)"
"2020-05-12 17:18:00","2020-05-13 01:18:00","GOP Senators and Lyndsey Graham have introduced a China sanctions legislation in relation to the mistreatment of Uighur Muslims "
"2020-05-12 17:15:00","2020-05-13 01:15:00","Federal Reserve states it will disclose name of participants, amounts borrowed, interest rate charged under TALF and PPP liquidity facility on a monthly basis"
"2020-05-12 17:14:00","2020-05-13 01:14:00","Germany's R0 is now back beneath the critical 1.00 threshold at 0.94, according to RKI institute"
"2020-05-12 17:12:00","2020-05-13 01:12:00","US Commerce Department says it found that producers/exporters of glass containers from China received countervailable subsidies ranging from 25.5% to 320.5%"
"2020-05-12 17:05:00","2020-05-13 01:05:00","Zoom Video (ZM) - Alphabet Google (GOOG) has re-engineered its Google Meet to make it available and free to all to use"
"2020-05-12 17:03:00","2020-05-13 01:03:00","Grubhub (GRUB) have been halted, News pending"
"2020-05-12 17:03:00","2020-05-13 01:03:00","Grubhub (GRUB) have been halted, News pending"
"2020-05-12 17:02:00","2020-05-13 01:02:00","US sells USD 32bln of 10-year notes; stops through by 1.2bps"
"2020-05-12 16:41:00","2020-05-13 00:41:00","PREVIEW: Treasury to auction 3-year on Mon, 10-year on Tue, 30-year on Wed; bias is towards a steeper curve, analysts say"
"2020-05-12 16:34:00","2020-05-13 00:34:00","A judge states that German Top Court's Message to the ECB was very mild, according to SZ "
"2020-05-12 16:25:00","2020-05-13 00:25:00","Facebook (FB) expects roughly 5% of global MAU's on Facebook are fake accounts"
"2020-05-12 16:24:00","2020-05-13 00:24:00","Porsche (PAH3 GY) says it is raising its stake in Volkswagen (VOW3 GY) by 0.2% to 53.3%"
"2020-05-12 16:23:00","2020-05-13 00:23:00","13 US Attorney General's have asked Amazon (AMZN) to provide data about infections and deaths among workers and evidence of its compliance with state paid sick leave laws"
"2020-05-12 16:21:00","2020-05-13 00:21:00","Salvatore Ferragamo (SFER IM) CFO states it has seen double digit growth in China and South Korea sales in the first few days of May"
"2020-05-12 16:16:00","2020-05-13 00:16:00","US House Democrats are moving ahead with a new stimulus bill worth more than USD 3trln, according to CNN"
"2020-05-12 16:11:00","2020-05-13 00:11:00","Grubhub (GRUB) is reportedly looking for 2.15 Uber (UBER) shares for each GRUB share and Uber is reviewing the proposal, according to WSJ"
"2020-05-12 16:07:00","2020-05-13 00:07:00","Italy COVID-19 cases +0.6% to 221,216 (Prev. +0.3% at 219,814); death toll +0.6% (+172) to 30,911 (Prev. 30,739)"
"2020-05-12 16:03:00","2020-05-13 00:03:00","Jubilant Life Sciences partners with Gilead (GILD) for a licensing agreement for its potential COVID-19 treatment, remdesivir "
"2020-05-12 16:03:00","2020-05-13 00:03:00","L'oreal (OR FP) has suspended its dividend increase "
"2020-05-12 16:01:00","2020-05-13 00:01:00","EIA cuts 2020 world oil demand growth forecast by 2.9mln BPD to 8.13mln BPD Y/Y decrease; 2021 world oil demand forecast cut by 580k BPD to 6.99mln BPD Y/Y increase"
"2020-05-12 15:52:00","2020-05-12 23:52:00","ECB's Stournaras says markets do not seem to believe the GCC's decision will be a grave issue on ECB monetary policy"
"2020-05-12 15:48:00","2020-05-12 23:48:00","Fed Quarles (voter) says he expects the 2020 stress test results to be completed sooner than the end of June ""given the current environment""; unemployment rate will be extremely high in the near-term"
"2020-05-12 15:45:00","2020-05-12 23:45:00","UK Chancellor Sunak says the furlough scheme is costing roughly GBP 8bln per month"
"2020-05-12 15:44:00","2020-05-12 23:44:00","Eiffage (FGR FP) Q1 20 (EUR): sales 3.75bln (prev. 3.92bln Y/Y); expects a sharp deterioration in activity in Q2, most pronounced in France than abroad "
"2020-05-12 15:33:00","2020-05-12 23:33:00","Daily FX Wrap: Dollar in reverse gear after forging fresh mtd peaks"
"2020-05-12 15:30:00","2020-05-12 23:30:00","EUROPEAN PRELIMINARY CASH EQUITY CLOSES: EURO STOXX 50 (+0.25%) at 2890, FTSE 100 (+0.9%) at 5,992, DAX (-0.1%) at 10,817, CAC 40 (-0.4%) at 4473, IBEX 35 (+1.35%) at 6763, FTSE MIB (+1.1%) at 17,565, SMI (+0.3%) at 9716"
"2020-05-12 15:21:00","2020-05-12 23:21:00","Canada COVID-19 cases rise to 70,342 (prev. 69,156), death toll rises to 5,049 (prev. 4,906)"
"2020-05-12 15:16:00","2020-05-12 23:16:00","NIH's Fauci says the US death count is ""almost certainly"" above the official toll"
"2020-05-12 15:14:00","2020-05-12 23:14:00","Russia's Energy Minister Novak and US Energy Minister Brouillette discussed measures to stabilise oil markets "
"2020-05-12 15:09:00","2020-05-12 23:09:00","OPEC+ reportedly wants to keep oil production cuts of 9.7mln BPD beyond June, and not to scale back, according to Four OPEC+ sources"
"2020-05-12 15:08:00","2020-05-12 23:08:00","Kazakhstan's CPC Blend crude oil loading plan for June was delayed after the government resolution to cut output under the OPEC+ cuts, according to trading sources"
"2020-05-12 15:06:00","2020-05-12 23:06:00","US House Leader Hoyer expects the new democratic coronavirus legislation to be ready this afternoon and expects to meet on Friday for a possible vote on the legislation"
"2020-05-12 15:05:00","2020-05-12 23:05:00","Exxon (XOM) Baton Rouge, Louisiana refinery (500k BPD) reformer has been shut due to a leak, according to sources"
"2020-05-12 15:05:00","2020-05-12 23:05:00","Vale (VALE) says it is on the right track to begin paying dividends again; sees annual capex of USD 5bln in 2020 and USD 4.5bln in 2021"
"2020-05-12 15:02:00","2020-05-12 23:02:00","Boeing (BA) announced customers cancelled 108 more orders for 737 Max jetliners in April; Booked 0 gross orders"
"2020-05-12 14:59:00","2020-05-12 22:59:00","Luckin Coffee (LK) has terminated its COO and CEO"
"2020-05-12 14:58:00","2020-05-12 22:58:00","Fed's Barkin remarks that the Fed has plenty of balance sheet capacity which can be used to respond if other problems to develop"
"2020-05-12 14:56:00","2020-05-12 22:56:00","Uber (UBER) reportedly approached GrubHub (GRUB) with a takeover offer, according to sources"
"2020-05-12 14:53:00","2020-05-12 22:53:00","NIH's Fauci says it is too far to think there will be treatments/vaccines to facilitate the return of school students in the Autumn "
"2020-05-12 14:50:00","2020-05-12 22:50:00","US House Rules Committee are reportedly intending to meeting Thursday to prepare the next stimulus bill, entitled 'The Heroes Act' for a floor vote on Friday"
"2020-05-12 14:49:00","2020-05-12 22:49:00","Indian PM Modi announces a special economic package, totaling INR 20trl. Adding, tax system is to be rationalised and will strengthen the financial system"
"2020-05-12 14:47:00","2020-05-12 22:47:00","US Senate Majority Leader McConnell says he will spearhead broad package of coronavirus liability protections that raise the threshold for COVID-related litigation "
"2020-05-12 14:45:00","2020-05-12 22:45:00","ANALYSIS: CPI prints negative for a second straight month, but analysts do not see sustained deflation"
"2020-05-12 14:44:00","2020-05-12 22:44:00","Citron Research noted Peloton (PTON) stock “has peddled its way to stupidity” noting the differences in market caps and subscriber/subscriber fees to Teladoc Health (TDOC)"
"2020-05-12 14:41:00","2020-05-12 22:41:00","Fed's Quarles says developing both main-street and municipal lending facilities are the Fed's top priority, will be operational in weeks not months"
"2020-05-12 14:34:00","2020-05-12 22:34:00","NIH's Fauci notes that at least 8 candidate COVID-19 vaccines are currently in development; hopes to know if the COVID-19 vaccine trials are successful by late fall/early winter"
"2020-05-12 14:32:00","2020-05-12 22:32:00","Fed buys USD 11bln Treasury Coupons 0 to 2.25 year sector; offer-to-cover 2.98x (prev. 3.35x)"
"2020-05-12 14:31:00","2020-05-12 22:31:00","UK COVID-19 death toll rises to 32,692 (Prev. 32,065); deaths rise by 627 vs. yesterday's 210. Case count rises by 3,403 vs. prev. 3,877 increase"
"2020-05-12 14:26:00","2020-05-12 22:26:00","Fed's Barkin (non-voter) says the theory of new ETF purchase program is that ""a little bit of money"" could settle things so trading continues on its own"
"2020-05-12 14:25:00","2020-05-12 22:25:00","SARB says the COVID-19 loan guarantee scheme, which was announced in April, will commence from today"
"2020-05-12 14:09:00","2020-05-12 22:09:00","Fed's Barkin says the fiscal response has been extensive, but suspects more needs to get done; as recovery likely to be slower than first thought"
"2020-05-12 14:01:00","2020-05-12 22:01:00","US Transport Department will allow air carriers (LUV, DAL, UAL, AAL) to suspend further flights, adds they will be able to ask to halt flights for up to 5% of required destinations  "
"2020-05-12 14:00:00","2020-05-12 22:00:00","Fed's Harker (voter) says banks should not be issuing large dividends at the moment; again notes recovery will be uneven, and Q2 will be 'painful'"
"2020-05-12 13:57:00","2020-05-12 21:57:00","Fed's Kashkari (voter, dove) says policymakers have been unanimous in opposing negative rates; Kashkari adds that he does not want to say 'never' on negative rates, but says there are other things the Fed would need to do first"
"2020-05-12 13:56:00","2020-05-12 21:56:00","US EQUITY OPEN: Equities see a choppy open amid further push back on negative rates from Fed officials, although Trump is in favour"
"2020-05-12 13:53:00","2020-05-12 21:53:00","US President Trump says, as long as other countries are receiving benefits of negative rates, US should accept the gift"
"2020-05-12 13:53:00","2020-05-12 21:53:00","US President Trump says, as long as other countries are receiving benefits of negative rates, US should accept the gift"
"2020-05-12 13:49:00","2020-05-12 21:49:00","BoE GBP 1.5bln 20yr+ Gilt reinvestment offer-to-cover ratio 2.06x (Prev. 1.73x)"
"2020-05-12 13:45:00","2020-05-12 21:45:00","PNC Financial (PNC) may reportedly be eyeing RF Financial (RF), according to Dealreporter"
"2020-05-12 13:40:00","2020-05-12 21:40:00","Tesla (TSLA) - US President Trump tweet that California should let the Co. open its plant, ""It can be done Fast & Safely!"""
"2020-05-12 13:29:00","2020-05-12 21:29:00","BoE's Broadbent says that the extension of the COVID-19 job retention scheme does not look out of line with the scenario outline in last week's Monetary Policy Report"
"2020-05-12 13:28:00","2020-05-12 21:28:00","US President Trump tweets that US energy companies are starting to look very good as oil prices are rising due to cuts from Saudi Arabia "
"2020-05-12 13:27:00","2020-05-12 21:27:00","Dallas Fed's Kaplan (voter) says Permian Basin output will shrink by a million BPD, will see bankruptcies and restructuring; may take until the end of 2021 to work off excess inventories"
"2020-05-12 13:22:00","2020-05-12 21:22:00","Fed's Kaplan (voter) says he would be against negative rates, citing impact on intermediaries and money market funds; he is sceptical that benefits would outweigh the costs"
"2020-05-12 13:18:00","2020-05-12 21:18:00","Additional US equity stories: SPCE, LH, MRNA"
"2020-05-12 13:17:00","2020-05-12 21:17:00","Prysmian (PRY IM) Q1 sales EUR 2.59bln vs. Co. Exp. EUR 2.5bln, adj. EBITDA EUR 197mln vs. Co. Exp. EUR 185mln; withdraws 2020 guidance"
"2020-05-12 13:17:00","2020-05-12 21:17:00","Ryanair (RYA LN) - Co. has seen a spike in bookings since this morning"
"2020-05-12 13:15:00","2020-05-12 21:15:00","Lufthansa (LHA GY) - Geman gov't could reach a bailout deal according this week, gov't is still arguing over the 25% stake in the Co."
"2020-05-12 13:09:00","2020-05-12 21:09:00","Fed's Kashkari (voter) notes US government is able to borrow cheaply, has the ability to raise funds to support Americans"
"2020-05-12 13:06:00","2020-05-12 21:06:00","Fed’s Bullard (non-voter) says negative rates are not a good option for the US; says next step for US would be more explicit return to QE; interest rates are expected to stay low, with or without strategies like YCC"
"2020-05-12 13:04:00","2020-05-12 21:04:00","Newsquawk Daily US Equity Opening News - 12th May 2020"
"2020-05-12 13:00:00","2020-05-12 21:00:00","Abbott Laboratories (ABT) has received FDA emergency use authorisation for COVID-19 molecular test on new Alinity M system"
"2020-05-12 12:57:00","2020-05-12 20:57:00","White House advisers express opposition to Federal Pension Fund investing in Chinese companies"
"2020-05-12 12:54:00","2020-05-12 20:54:00","Fixed and FX latest: debt remains divergent and Dollar deflated"
"2020-05-12 12:52:00","2020-05-12 20:52:00","JPMorgan Weekly Treasury Client Survey (w/e 11th/May): Active clients raise shorts by 30ppts, cut longs"
"2020-05-12 12:51:00","2020-05-12 20:51:00","White House spokesperson says President Trump has no interest in renegotiating the China trade deal, according to Fox News interview"
"2020-05-12 12:50:00","2020-05-12 20:50:00","BoE GBP 1.5bln 7-20yr Gilt reinvestment offer-to-cover ratio 2.51x (Prev. 3.24x)"
"2020-05-12 12:32:00","2020-05-12 20:32:00","NY Fed accepts all USD 41.20bln bids submitted in its overnight repo operation"
"2020-05-12 12:31:00","2020-05-12 20:31:00","Senate Minority Leader Schumer says House Democrats are to unveil a large and bold stimulus plan"
"2020-05-12 12:26:00","2020-05-12 20:26:00","Thyssenkrupp (TKA GY) CFO says it does not see a need to adjust plant technology unit to book value; says cash release will be about EUR 300mln over next 4-5 months"
"2020-05-12 12:26:00","2020-05-12 20:26:00","Russian Kremlin spokesperson Peskov has tested positive for COVID-19, according to IFX"
"2020-05-12 12:19:00","2020-05-12 20:19:00","US ITC votes to probe certain tobacco heating articles and components; has identified Altria (MO) and Philip Morris (PM) as respondents in the investigation but has not yet made any decision on the merits of the case"
"2020-05-12 12:15:00","2020-05-12 20:15:00","Russia's Khanty-Mansiysk region is to cut 2020 production by 15% to 4mln BPD after the supply pact, according to a senior offical, who calls on other regions with lower tax burdens to shoulder some of the cuts; may only return to origina levels in 2-years"
"2020-05-12 12:06:00","2020-05-12 20:06:00","Elliott Management advisors suggest Alexion (ALXN) to seek a sale"
"2020-05-12 12:02:00","2020-05-12 20:02:00","Moderna (MRNA) receives FDA fast track designation for its COVID-19 vaccine MRNA-1273, Phase 3 study expected to begin in early summer 2020"
"2020-05-12 12:01:00","2020-05-12 20:01:00","Newsquawk Central Banks - PREVIEW: RBNZ rate decision due Wednesday 13th May 0300BST/2100CDT/1000HKT"
"2020-05-12 12:01:00","2020-05-12 20:01:00","Nokia (NOKIA FH) extends commitment to datacenter networks with contributions to the sonic ecosystem led by Microsoft (MSFT)"
"2020-05-12 12:00:00","2020-05-12 20:00:00","Hochtief (HOT GY) - Q1 operational net profit -7% YY to EUR 124mln, sales +7% YY to EUR 6.2bln. New orders -36.2% YY to EUR 4.52bln; Co. refrains from updating 2020 guidance"
"2020-05-12 11:49:00","2020-05-12 19:49:00","BoE GBP 1.5bln 3-7yr Gilt reinvestment offer-to-cover ratio 3.69x (Prev. 2.44x)"
"2020-05-12 11:35:00","2020-05-12 19:35:00","UK Chancellor Sunak says UK 'jobs retention scheme' will be extended for four months through the end of October; funding will be kept at 80% of wages, govt will ask employers to share cost of furlough scheme; more details by the end of the month"
"2020-05-12 11:25:00","2020-05-12 19:25:00","Scotiabank FX Daily - USD Trades Lower in Range, Focus on Fed Speakers  "
"2020-05-12 11:20:00","2020-05-12 19:20:00","US President Trump tweets ""Asian Americans are very angry at what China has done to our country"""
"2020-05-12 11:10:00","2020-05-12 19:10:00","BCB Minutes: Most members thought the central bank was now close to a level where lower policy rate could be accompanied by financial market price and asset price volatility"
"2020-05-12 11:05:00","2020-05-12 19:05:00","US PRE-MARKET THEMES: China headlines keeps traders defensive ahead of US CPI"
"2020-05-12 11:05:00","2020-05-12 19:05:00","ANALYSIS: US Small Business survey shows expectations jumping, but hint at weaker inflation ahead"
"2020-05-12 10:42:00","2020-05-12 18:42:00","Newsquawk Daily US Opening News - 12th May 2020"
"2020-05-12 10:40:00","2020-05-12 18:40:00","China says it will roll out temporary support for businesses that have suffered a shock or brought to a standstill by COVID fallout"
"2020-05-12 10:37:00","2020-05-12 18:37:00","Azerbaijan oil production was 771.4k BPD in April (Prev. 763.9k in March; 683.7k crude production)"
"2020-05-12 10:32:00","2020-05-12 18:32:00","Newsquawk EU Mid Session: China waivers some US tariffs, but adds beef to Australian spat - 12th May 2020"
"2020-05-12 10:31:00","2020-05-12 18:31:00","Ingersoll Rand Inc (IR) Q1 20 (USD): EPS -0.13 (exp. 0.28), Revenue 0.8bln (exp. 1.18bln)"
"2020-05-12 10:14:00","2020-05-12 18:14:00","Fixed Income: Gilts and Eurozone periphery bonds break ranks"
"2020-05-12 10:07:00","2020-05-12 18:07:00","Duke Energy Corp (DUK) Q1 20 (USD): EPS 1.14 (exp. 1.19), Revenue 5.95bln (exp. 6.34bln)"
"2020-05-12 10:00:00","2020-05-12 18:00:00","US NFIB Business Optimism Index (Apr): 90.90 (Prev. 96.40)"
"2020-05-12 10:00:00","2020-05-12 18:00:00","Fraport (FRA GY) - CEO says it is too early to give details regarding job cuts, 2023 passenger volume at 15-20% below 2019's level"
"2020-05-12 09:50:00","2020-05-12 17:50:00","E.ON (EOAN GY) - CFO says, as of today, do expect to reach lower-end of their FY20 guidance"
"2020-05-12 09:49:00","2020-05-12 17:49:00","WHO says coronavirus' are tricky viruses, difficult to produce vaccines against them. Adding that COVID-19 outbreaks in Africa are increasing, seeing a rising curve"
"2020-05-12 09:49:00","2020-05-12 17:49:00","WHO says coronavirus' are tricky viruses, difficult to produce vaccines against them. Adding that COVID-19 outbreaks in Africa are increasing, seeing a rising curve"
"2020-05-12 09:48:00","2020-05-12 17:48:00","FX Morning Colour: Aussie undermined by export aggravation with China"
"2020-05-12 09:48:00","2020-05-12 17:48:00","Spain's COVID-19 deaths 26,920 (Prev. 26,744), according to the Health Ministry"
"2020-05-12 09:42:00","2020-05-12 17:42:00","ANALYSIS: Fed to buy corporate debt via ETFs; US IG bonds likely to outperform Treasuries, Capital Economics says"
"2020-05-12 09:37:00","2020-05-12 17:37:00","ECB's Kazimir says he is not opposed to increasing PEPP - but should be based on data and must first examine the impact on the economy from lockdown easing"
"2020-05-12 09:35:00","2020-05-12 17:35:00","Germany sells EUR 3.256bln vs. Exp. EUR 4bln 0.0% 2027 Bund with a b/c 2.3x, average yield -0.62% and retention 18.6%"
"2020-05-12 09:30:00","2020-05-12 17:30:00","Daily Fed planned Treasury/TIPS purchase amounts and schedules, 11th May 2020"
"2020-05-12 09:30:00","2020-05-12 17:30:00","PRIMER: US April CPI due at 0830 ET/1330 BST; consensus expects a second consecutive negative M/M reading"
"2020-05-12 09:19:00","2020-05-12 17:19:00","Germany's KfW says GErman economic output was likely down 20-25% YY for several weeks amid the pandemic; recovery is likely in H2 but pre-pandemic levels will not be reached until Autumn 2021"
"2020-05-12 09:05:00","2020-05-12 17:05:00","ANALYSIS: China announces the second batch of new US tariffs waivers"
"2020-05-12 09:02:00","2020-05-12 17:02:00","SNB allots USD 0 in its 7-day USD operation"
"2020-05-12 09:00:00","2020-05-12 17:00:00","BoE allots USD 0 in its 7-day USD operation (Prev. USD 2.5bln) "
"2020-05-12 08:36:00","2020-05-12 16:36:00","BoE's Broadbent, when questioned about negative interest rates, says the MPC is prepared to do what is needed, according to a CNBC interview"
"2020-05-12 08:34:00","2020-05-12 16:34:00","17,953 deaths from all causes of death were reported in England and Wales in the week ending May 1st, according to the ONS; 2nd consecutive weekly decline"
"2020-05-12 08:18:00","2020-05-12 16:18:00","Airbus (AIR FP) - Ryanair CEO says the group will cancel almost all Airbus deliveries over the coming 12 months"
"2020-05-12 08:15:00","2020-05-12 16:15:00","Ryanair (RYA LN)/ Boeing (BA) - Ryanair CEO says Boeing seems optimistic that its MAX aircraft will return to service in Q3; Ryanair thinks between August-September"
"2020-05-12 08:15:00","2020-05-12 16:15:00","Russian oil & gas condensate output has fallen to 9.45mln bpd on May 1st-11th (Prev. 9.5mln bpd in early May), according to sources"
"2020-05-12 08:12:00","2020-05-12 16:12:00","ANALYSIS: Sino-Aussie tensions ramp up"
"2020-05-12 08:10:00","2020-05-12 16:10:00","Moody's affirms South Korea with ""AA2""; outlook maintained at ""Stable"""
"2020-05-12 08:05:00","2020-05-12 16:05:00","UK 10-year syndicated bond attracts a record GBP 50bln in bids"
"2020-05-12 08:04:00","2020-05-12 16:04:00","Porsche (PAH3 GY) says that despite current uncertainties, the Co. is forecasting a positive group result (after tax) for FY20"
"2020-05-12 07:57:00","2020-05-12 15:57:00","Iran have set its June Iranian light crude price to Asia at Oman/Dubai USD -4.90 USD 2.30 increase from the prior month), according to a source"
"2020-05-12 07:47:00","2020-05-12 15:47:00","Thyssenkrupp (TKA GY) - CFO says there are no indications of a problem related to the sale of its elevator unit"
"2020-05-12 07:38:00","2020-05-12 15:38:00","Blackrock are reviewing their overweight position in Southern EZ debt; cites risk that ECB bond buying could be curtailed amid the German court ruling "
"2020-05-12 07:33:00","2020-05-12 15:33:00","Germany's Bafin President says there is no threat of a systemic financial crisis at this moment in time, however, the matter of defaults is worrying "
"2020-05-12 07:33:00","2020-05-12 15:33:00","Tokyo confirm 28 new COVID-19 cases, local media"
"2020-05-12 07:30:00","2020-05-12 15:30:00","Japanese Gov't spokesperson says considering subsidies for firms taking social distancing steps, alongside assistance for the auto sector"
"2020-05-12 07:29:00","2020-05-12 15:29:00","China's Foreign Ministry says China's suspension of beef imports from Australia are not linked to the investigations into the pandemic's origin"
"2020-05-12 07:24:00","2020-05-12 15:24:00","China's Foreign Ministry reiterates that US and China should implement the trade deal"
"2020-05-12 07:21:00","2020-05-12 15:21:00","Japan's Finance Minister does not think that tax cuts are an option at present, not amongst the package of steps to combat the economic fallout from COVID-19; fiscal situation is severe"
"2020-05-12 07:21:00","2020-05-12 15:21:00","China's Health Commission says the resurfacing of cluster cases in China suggests prevention and control measures cannot be relaxed"
"2020-05-12 07:20:00","2020-05-12 15:20:00","UK debt and STIR futures extend post-BoE/VE Day declines"
"2020-05-12 07:07:00","2020-05-12 15:07:00","Spain has ordered 2-week quarantine for all travellers form abroad from May 14-24th"
"2020-05-12 07:06:00","2020-05-12 15:06:00","EU movers: ProsiebenSat1 (PSM GY) +7%, Alstom (ALO FP) +4%, Vodafone (VOD LN)+4%, Ryanair (RYA LN) +2.9%, Deutsche Post (DPW GY) +2.3%, E.ON (EOAN GY) +1.1%, ThyssenKrupp (TKA GY) -7.2%, ArcelorMittal (MT NA) -4.7%, Allianz (ALV GY) -2%"
"2020-05-12 06:57:00","2020-05-12 14:57:00","Bunds: bearish momentum builds towards a retest of recent lows"
"2020-05-12 06:44:00","2020-05-12 14:44:00","Newsquawk Bond Auction Previews - 12th May 2020"
"2020-05-12 06:40:00","2020-05-12 14:40:00","Additional European Equity News"
"2020-05-12 06:34:00","2020-05-12 14:34:00","BP's (BP/ LN) oil production in Azeri projects 524k BPD in April (763.9k in March), according to the Energy Ministry"
"2020-05-12 06:29:00","2020-05-12 14:29:00","Saudi Aramco (2222 SR) - Q1 net income USD 16.7bln, FCF USD 15bln. Q1 dividend USD 18.75bln to be paid; Co. expects demand decline and oil prices to weigh on earnings in FY20; Aramco maintained its pre-eminence in oil and gas production"
"2020-05-12 06:21:00","2020-05-12 14:21:00","Major FX expiry options for today's NY cut"
"2020-05-12 06:01:00","2020-05-12 14:01:00","Norway's revised fiscal budget plans see a 2020 structural non-oil deficit of NOK 419.6bln vs. Oct forecast NOK 243.6bln, fiscal budget to spend 4.2% vs. Oct forecast 2.6% of wealth fund"
"2020-05-12 06:01:00","2020-05-12 14:01:00","Ryanair (RYA LN) - Co. plans to restore around 40% of scheduled flights from the start of July"
"2020-05-12 05:58:00","2020-05-12 13:58:00","ECB's Villeroy says that two-months of lockdown cost 6% economic activity this year, referring to France"
"2020-05-12 05:51:00","2020-05-12 13:51:00","Bank of France: Economic activity in April -27% (Prev. -32%); manufacturing activity -37% (Prev. -48%), private sector service Co's activity -27% (Prev. -37%)"
"2020-05-12 05:50:00","2020-05-12 13:50:00","Daily European Equity Opening News"
"2020-05-12 05:36:00","2020-05-12 13:36:00","China's Finance Ministry have released a second list of tariff waivers for some US goods; exemptions will last 1-year from May 19th "
"2020-05-12 05:16:00","2020-05-12 13:16:00","Newsquawk Daily European Opening News - 12th May 2020"
"2020-05-12 05:00:00","2020-05-12 13:00:00","Japanese Coincident Index (Mar P) 90.5 (Prev. 95.5)"
"2020-05-12 05:00:00","2020-05-12 13:00:00","Japanese Leading Index (Mar P) 83.8 (Prev. 91.0)"
"2020-05-12 04:51:00","2020-05-12 12:51:00","ASIA-PAC MARKET WRAP: Asian markets were cautious as trade concerns resurfaced"
"2020-05-12 04:51:00","2020-05-12 12:51:00","ASIA-PAC MARKET WRAP: Asian markets were cautious as trade concerns resurfaced"
"2020-05-12 04:18:00","2020-05-12 12:18:00","Philippines extends lockdown in biggest cities of Manila and Cebu until May 31st"
"2020-05-12 04:12:00","2020-05-12 12:12:00","Toyota (7203 JT) FY 19/20 net JPY 2.08tln vs. Prev. JPY 1.88tln Y/Y, oper. profit JPY 2.44tln vs. Prev. JPY 2.47tln, rev. JPY 29.9tln vs. Prev. JPY 30.2tln Y/Y"
"2020-05-12 04:08:00","2020-05-12 12:08:00","Tata Steel (TATA IS) is said to be considering separating Dutch and UK units"
"2020-05-12 04:05:00","2020-05-12 12:05:00","Glenmark Pharmaceuticals (GNP IS) begins phase 3 trials of antiviral FAVIPIRAVIR for Covid-19 patients in India with results expected by July/August"
"2020-05-12 04:00:00","2020-05-12 12:00:00","Malaysia Industrial Production (Mar) Y/Y -4.9% vs. Exp. -5.0% (Prev. 5.8%)"
"2020-05-12 03:58:00","2020-05-12 11:58:00","China April mobile phone shipments rose 14% Y/Y"
"2020-05-12 03:35:00","2020-05-12 11:35:00","Japan sells JPY 1.7tln 10yr JGBs, b/c 4.09 (Prev. 4.19), average yield -0.001% (Prev. 0.023%)"
"2020-05-12 03:28:00","2020-05-12 11:28:00","Germany coronavirus cases rose by 933 to 170,508 and death toll rose by 116 to 7,533 according to RKI Health Institute"
"2020-05-12 03:28:00","2020-05-12 11:28:00","Australia Trade Minister says believes Australian meat exports are having minor technical breaches with China and should be able to resolve the issues, sees suspension as unrelated to coronavirus inquiry and adds there should be a thorough investigation"
"2020-05-12 03:24:00","2020-05-12 11:24:00","PRE-MARKET INDIAN STOCK NEWS: Piramal Enterprises (PIHC IS) reports Q4 consolidated net loss INR 17.0bln vs. Prev. profit INR 4.5bln Y/Y"
"2020-05-12 03:12:00","2020-05-12 11:12:00","US NIH's Fauci is to warn Senate there are risks of reopening too soon which can lead to needless suffering and death, according to NYT"
"2020-05-12 03:05:00","2020-05-12 11:05:00","Indonesia Retail Sales (Mar) Y/Y -4.5% (Prev. -0.8%)"
"2020-05-12 03:04:00","2020-05-12 11:04:00","Tencent (700 HK) invests in Tim Horton China but with the amount not disclosed"
"2020-05-12 03:03:00","2020-05-12 11:03:00","South Korea Bank Lending to Households (Apr) rose by KRW 4.9tln vs. Prev. KRW 9.6tln increase"
"2020-05-12 02:46:00","2020-05-12 10:46:00","ASIA-PAC MID-SESSION UPDATE: Asia stocks are cautious as trade concerns resurface"
"2020-05-12 02:37:00","2020-05-12 10:37:00","News Corp (NWS AT) plans to proceed with retructuring regional and community newspaper portfolio in Australia"
"2020-05-12 02:22:00","2020-05-12 10:22:00","Australian Treasurer Frydenberg says Unemployment will reach 10% in Q2 and GDP will decline 10% in H2, adds data has been sobering and the virus has created an unprecedented economic shock"
"2020-05-12 01:59:00","2020-05-12 09:59:00","Senior BoJ official says dont have preset idea on how long BoJ will purchase ETFs at JPY 12tln annual pace and will do so for as long as required with eye on market moves, adds steps by BoJ including increased ETF purchases are all temporary measures"
"2020-05-12 01:44:00","2020-05-12 09:44:00","South Korea President Moon urges Cabinet to develop a 3rd extra budget soon"
"2020-05-12 01:35:00","2020-05-12 09:35:00","BoJ Governor Kuroda says has various tools at disposal if BoJ were to ease again including expanding supply of money, increasing market operation tools and lowering rates"
"2020-05-12 01:32:00","2020-05-12 09:32:00","Macquarie (MQG AT) is thought to have backed out of joint bid with Brookfield for Virgin Australia (VAH AT)"
"2020-05-12 01:27:00","2020-05-12 09:27:00","Wesfarmers (WES AT) unit Bunnings plans to close 7 stores in New Zealand which is expected to impact 145 jobs"
"2020-05-12 01:22:00","2020-05-12 09:22:00","BoK provides KRW 260bln of liquidity through repos vs. Prev. KRW 180bln"
"2020-05-12 01:15:00","2020-05-12 09:15:00","PBoC skips open market operations and are net neutral on the day"
"2020-05-12 01:15:00","2020-05-12 09:15:00","PBoC sets USD/CNY mid-point at 7.0919 vs. Exp. 7.0892 (Prev. 7.0769)"
"2020-05-12 01:12:00","2020-05-12 09:12:00","South Korea reports 27 additional coronavirus cases to take total to 10,936 and 2 additional deaths for a total of 258, while there were 38 newly recovered to take total to 9,670"
"2020-05-12 01:10:00","2020-05-12 09:10:00","BoJ Governor Kuroda says BoJ is ready to do whatever it can to beat the crisis and is cooperating with the government"
"2020-05-12 01:05:00","2020-05-12 09:05:00","PRE-MARKET CHINESE STOCK NEWS: Lending data tops estimates, Chinese officials reporttedly call for renegotiating of Phase 1 trade deal"
"2020-05-12 00:45:00","2020-05-12 08:45:00","Twitter source suggests US Senate Majority Leader McConnell has tested positive for coronavirus - Unconfirmed"
"2020-05-12 00:43:00","2020-05-12 08:43:00","PRE-MARKET TAIWAN AND SINGAPORE STOCK NEWS: China Steel (2002 TT) April rev. fell 23.3% Y/Y to TWD 25.4bln"
"2020-05-12 00:41:00","2020-05-12 08:41:00","China imposed an import ban on 4 Australian abattoirs, according to ABC News"
"2020-05-12 00:35:00","2020-05-12 08:35:00","BoJ Governor Kuroda says global economy is deteriorating sharply as activity is constrained by the oandemic, adds Japanese economy is likely to remain in severe state and inflation is to weaken"
"2020-05-12 00:34:00","2020-05-12 08:34:00","NY Fed says Secondary Market Corporate Credit Facility will begin purchases of ETFs on May 12th, adds may purchase US-listed ETFs whose investment objective is to provide broad exposure to the market for US corporate bonds"
"2020-05-12 00:29:00","2020-05-12 08:29:00","Greenback strengthens against major counterparts amid subdued sentiment which has weighed on risk sensitive pairs such as AUD/USD and NZD/USD, while EUR/USD and GBP/USD gave up 1.0800 and 1.2300 handles respectively"
"2020-05-12 00:28:00","2020-05-12 08:28:00","Philippines President Duterte says some areas in the country will remain on lockdown beyond May 15th expiry"
"2020-05-12 00:27:00","2020-05-12 08:27:00","PBoC is expected to set USD/CNY mid-point at 7.0892, according to a major newswire estimate"
"2020-05-12 00:19:00","2020-05-12 08:19:00","BoE's Haldane says economy will be scarred for years due to the coronavirus"
"2020-05-12 00:13:00","2020-05-12 08:13:00","Mainland China reports 1 additional coronavirus case on May 11th vs. 17 additional cases on May 10th"
"2020-05-12 00:12:00","2020-05-12 08:12:00","US House Speaker Pelosi says next aid package must focus on reopening the economy"
"2020-05-12 00:01:00","2020-05-12 08:01:00","Asia-Pac bourses lack direction at the start of trade following the indecisive lead from Wall St amid reports some in China want to renegotiate the Phase 1 trade deal which President Trump has no interest in doing so"