"gmt_time","hk_time","subject"
"2020-03-24 23:59:00","2020-03-25 07:59:00","Mainland China reports 47 additional cases and 4 additional deaths on March 24th vs. 78 additional cases and 7 deaths on March 23rd"
"2020-03-24 23:50:00","2020-03-25 07:50:00","BoJ Summary of Opinions from March 16th emergency meeting states must strengthen monetary easing to prevent worsening of corporate and household confidence"
"2020-03-24 23:41:00","2020-03-25 07:41:00","PRE-MARKET JAPANESE & SOUTH KOREAN STOCK NEWS: Mazda (7261 JT) is to halt output at Hiroshima and Yamaguchi plants in Japan, as well as plant in Mexico and Thailand"
"2020-03-24 23:40:00","2020-03-25 07:40:00","Star Entertainment (SGR AT) notes shutdown of casino properties with have a material impact on operations and it is standing down 90% of staff"
"2020-03-24 23:22:00","2020-03-25 07:22:00","India is said to place export ban on hydroxychloroquine"
"2020-03-24 23:14:00","2020-03-25 07:14:00","US President Trump's administration is said to mull 90-day deferral of tariffs on all imported goods from around the world"
"2020-03-24 22:52:00","2020-03-25 06:52:00","PRE-MARKET AUSTRALIAN STOCK NEWS: Virgin Australia (VAH AT) is to temporarily stand down about 80% of workforce and will reduce domestic capacity by 90%"
"2020-03-24 22:46:00","2020-03-25 06:46:00","RBA adds AUD 2.43bln to banking system through repos vs. Prev. AUD 6.88bln"
"2020-03-24 22:37:00","2020-03-25 06:37:00","South Korea Finance Minister Hong says government will prepare mutliple layers of tools to inject FX liquidity into markets and will temporarily exempt levy on foreign currency borrowing"
"2020-03-24 22:26:00","2020-03-25 06:26:00","ASIAN DAILY ECONOMIC RELEASE CALENDAR IS NOW AVAILABLE IN THE RESEARCH SECTION: Highlights include: BoJ Summary of Opinions and Netherlands GDP"
"2020-03-24 22:21:00","2020-03-25 06:21:00","RBA says excess cash at exchange settlement accounts at AUD 53.6bln vs. Prev. AUD 43.6bln "
"2020-03-24 22:14:00","2020-03-25 06:14:00","WaPo's Long tweets NEC Director Kudlow says stimulus 3 will be USD 6tln including around USD 2tln for direct relief such as check payments, unemployment insurance, as well as grants and loans for businesses, while around USD 4tln will be in Fed lending"
"2020-03-24 22:08:00","2020-03-25 06:08:00","Twitter sources note US NEC Director Kudlow suggested there is great progress on stimulus deal"
"2020-03-24 21:47:00","2020-03-25 05:47:00","DAILY ASIA-PAC OPENING NEWS"
"2020-03-24 21:45:00","2020-03-25 05:45:00","US President Trump says we're working hard to make Easter a reality for reopening the economy and are looking at data"
"2020-03-24 21:30:00","2020-03-25 05:30:00","Fed statement says banks should still submit capital plans by April 6th deadline for annual stress tests, adds Fed plans to give more time to address non-critical examiner issues and plans to temporarily reduce examination activities"
"2020-03-24 21:26:00","2020-03-25 05:26:00","CME raises COMEX copper futures margins by 17.2% to USD 3750/contract from USD 3200/contract"
"2020-03-24 21:24:00","2020-03-25 05:24:00","Virgin Australia (VAH AT) says it is temporarily standing down about 80% of workforce and will reduce domestic capacity by 90%"
"2020-03-24 21:14:00","2020-03-25 05:14:00","US VP Pence's Chief of Staff says opening the country by Easter is a goal, adds President Trump continues to listen to healthcare experts regarding the timing "
"2020-03-24 21:03:00","2020-03-25 05:03:00","RBNZ proposes to buy NZD 250mln in government bonds as part of its QE"
"2020-03-24 21:02:00","2020-03-25 05:02:00","French government is reportedly to unveil multi-billion Euro support for start-ups"
"2020-03-24 20:36:00","2020-03-25 04:36:00","Facebook (FB) notes a ramp up of usage across its services amid COVID-19"
"2020-03-24 20:35:00","2020-03-25 04:35:00","US Private Inventory Crude Stocks (w/e 20th Mar) -1.2mln (exp. +2.8mln, prev. -0.42mln)"
"2020-03-24 20:28:00","2020-03-25 04:28:00","ECB's Visco (Italy Governor) says we will do all we need to do to provide liquidity "
"2020-03-24 20:18:00","2020-03-25 04:18:00","ESM's Regling says precautionary credit line ECCL is best for the COVID-19 response, would be available to all EZ countries up to their discretion"
"2020-03-24 20:16:00","2020-03-25 04:16:00","Newsquawk US Market Wrap - 24th March 2020: Stocks surge after recent rout; eyes on stimulus bill"
"2020-03-24 20:15:00","2020-03-25 04:15:00","Nike Inc (NKE) Q3 20 (USD): EPS 0.53 (exp. 0.60), Revenue 10.1bln (exp. 9.84bln).; EPS was adversely impacted by the coroanvirus"
"2020-03-24 20:10:00","2020-03-25 04:10:00","EZ Finance Minsiter Chair Centeno stated there is a broad support for using the ECCL credit line from the ESM bailout in the economic response to the coroanvirus with the conditionality to be focused on the epidemic"
"2020-03-24 19:55:00","2020-03-25 03:55:00","ECB's Lagarde reportedly strongly backed coronabonds in a call with the Eurogroup, according to an official "
"2020-03-24 19:47:00","2020-03-25 03:47:00","FX WRAP: USD continues to pare"
"2020-03-24 19:42:00","2020-03-25 03:42:00","EU Finance Ministers have not managed to produce a joint statement after a two hour teleconference, according to FT"
"2020-03-24 19:39:00","2020-03-25 03:39:00","US Energy Inventory Expectations (bbls) (w/e March 20th): crude +2.8mln, gasoline -1.4mln, distillates -1.9mln"
"2020-03-24 19:38:00","2020-03-25 03:38:00","COVID-19 Case Count: 415,113 worldwide cases, 18,559 deaths, 108,294 recovered"
"2020-03-24 19:30:00","2020-03-25 03:30:00","US President Trump, in his call with investment professionals, reportedly walked back on remarks that he wants the lockdown to end by Easter, instead suggesting that he wants them over as soon as possible, that could be beyond Easter, according to FBN"
"2020-03-24 19:28:00","2020-03-25 03:28:00","Three explosions have been heard near the Taji camp, North of Baghdad, Iraq, according to Sky News Arabia"
"2020-03-24 19:17:00","2020-03-25 03:17:00","TREASURY SETTLEMENT: T-NOTE (M0) FUTURES SETTLED 24 TICKS LOWER AT 137-14+"
"2020-03-24 19:17:00","2020-03-25 03:17:00","TREASURY SETTLEMENT: T-NOTE (M0) FUTURES SETTLED 24 TICKS LOWER AT 137-14+"
"2020-03-24 19:13:00","2020-03-25 03:13:00","US stimulus bill will give any SMEs, with up to 10K employees, a guaranteed low interest loan that can be used to pay employees and keep operations in place, according to sources"
"2020-03-24 19:08:00","2020-03-25 03:08:00","US President Trump tweets ""Price transparency is so important for the people of our Country. In many ways, it will prove to be as important as healthcare itself.... hopefully it will be approved."""
"2020-03-24 19:05:00","2020-03-25 03:05:00","CNBC's Tausche says US stimulus bill should be reached by ""sunset"""
"2020-03-24 18:58:00","2020-03-25 02:58:00","Treasury Secretary Mnuchin, asked about the timing of a virus bill, says 'we’re trying to get a deal as quick as we get a deal. So, I hope it’s tonight. Absolutely. Still think we can get there.'"
"2020-03-24 18:55:00","2020-03-25 02:55:00","US Gallup poll of US President Trump job performance: Approve 49%, Disapprove 45%. "
"2020-03-24 18:49:00","2020-03-25 02:49:00","Softbank (SFTBY) has held talks with Elliott about going private, according to the FT"
"2020-03-24 18:47:00","2020-03-25 02:47:00","France COVID-19 total cases rises to 22,300 (prev. 19,856), death toll 1,100 (prev. 860)."
"2020-03-24 18:33:00","2020-03-25 02:33:00","WTI (K0) settles USD 0.65 higher at USD 24.01/bbl; Brent (K20) settles USD 0.12 higher at USD 27.15/bbl"
"2020-03-24 18:29:00","2020-03-25 02:29:00","US President Trump and VP Pence held a call with big investors and hedge funds to discuss what is going on in markets"
"2020-03-24 18:09:00","2020-03-25 02:09:00","US Official Ueland, on status of stimulus package, says ""there’s a lot of conceptual conversations, then it gets reduced to writing, people have a chance to read and review. Additional conversations to get the concepts"""
"2020-03-24 18:03:00","2020-03-25 02:03:00","Lockdown in France should probably last at least six weeks from the date it was started, according to Scientific Council on Disease "
"2020-03-24 17:57:00","2020-03-25 01:57:00","Airbus (AIR FP) says it is near a decision on pausing Canadian A220 production, in light of the virus-related workplace restrictions"
"2020-03-24 17:47:00","2020-03-25 01:47:00","UK's COVID-19 relief package for the self-employed probaly will not be complete by Wednesday, but will be done by the end of the week as it is proving more difficult than expected, according to Sky's Conway"
"2020-03-24 17:41:00","2020-03-25 01:41:00","Italy PM Conte proposes fines worth between EUR 400-3,000 for those defying lockdown orders; hopes to soon loosen the lockdown restrictions"
"2020-03-24 17:31:00","2020-03-25 01:31:00","US NIH's Fauci says COVID-19 has a much higher fatality rate than the Flu, hence why he wants to keep ahead of the curve"
"2020-03-24 17:26:00","2020-03-25 01:26:00","US President Trump says he would love to have the US open by Easter"
"2020-03-24 17:09:00","2020-03-25 01:09:00","US President Trump says it was him who cancelled the virus stimulus bill on Monday night "
"2020-03-24 17:05:00","2020-03-25 01:05:00","Italy COVID-19 total cases rises to 69,176 (prev. 63,927), death toll rises to 6,820 (prev. 6,077)"
"2020-03-24 17:04:00","2020-03-25 01:04:00","US CDC reports total COVID-19 cases rising to 44,232 (prev. 33,453), death toll rises to 544 (Prev. 400)"
"2020-03-24 17:02:00","2020-03-25 01:02:00","US sells USD 40bln 2-year notes; tails by 0.8bps"
"2020-03-24 17:00:00","2020-03-25 01:00:00","Delta Air Lines (DAL) cut to junk by S&P"
"2020-03-24 16:43:00","2020-03-25 00:43:00","Gilead (GILD) says its remdesivir, as a COVID-19 treatment, would be accessible and affordable if it were approved"
"2020-03-24 16:41:00","2020-03-25 00:41:00","Preview: US to sell USD 40bln 2-year note at 13:00 ET / 17:00 GMT"
"2020-03-24 16:41:00","2020-03-25 00:41:00","UK Health Minister says the country is seeking over 250k health care volunteers "
"2020-03-24 16:32:00","2020-03-25 00:32:00","LBMA official says they have observed some liquidity issues due to price volatility in COMEX 100OZ futures contract"
"2020-03-24 16:31:00","2020-03-25 00:31:00","Altice Europe NV (ATC NA) Q4 19 (EUR): Adj. EBITDA 1.45bln (exp. 1.44bln), Revenue 4.04bln (prev. 3.64bln Y/Y)"
"2020-03-24 16:30:00","2020-03-25 00:30:00","EUROPEAN PRELIMINARY CASH CLOSE: EURO STOXX 50 (+9.98%) at 2733.5, FTSE 100 (+9.35%) at 5460.75, DAX (+11.5%) at 9745.25, CAC 40 (+8.4%) at 4242.7, IBEX 35 (+8.33%) at 6749, FTSE MIB (+8.7%) at 16,912.5, SMI (+7.86%) at 8802.5"
"2020-03-24 16:30:00","2020-03-25 00:30:00","Irish government said it is well placed to raise borrowing activity in the coming years to pay for COVID-19 measures"
"2020-03-24 16:29:00","2020-03-25 00:29:00","Daily FX Wrap: Buck puts in better pm performance in line with US PMIs"
"2020-03-24 16:28:00","2020-03-25 00:28:00","Canada COVID-19 total cases rises to 2,187 (prev. 2,091), death toll 25 (prev. 24)."
"2020-03-24 16:23:00","2020-03-25 00:23:00","House Speaker Pelosi says it is possible to get a deal on the stimulus bill today, but it might not go to vote today, may come Wednesday"
"2020-03-24 16:09:00","2020-03-25 00:09:00","US VP Pence says at no point has the White House COVID-19 Task Force discussed a nationwide lockdown, according to Fox News"
"2020-03-24 16:08:00","2020-03-25 00:08:00","US House Speaker Pelosi says it is possible the US could decide to amend any stimulus bill the Senate passes, comments from MSNBC interview "
"2020-03-24 16:06:00","2020-03-25 00:06:00","US President Trump announces he will be speaking at a town hall event, where he will speak around 13:00 EDT"
"2020-03-24 16:06:00","2020-03-25 00:06:00","Washing D.C is to order closures of non-essential business, according to Washington Post"
"2020-03-24 16:03:00","2020-03-25 00:03:00","ED&F brokerage is facing mounting margin calls on mortgage stress"
"2020-03-24 16:00:00","2020-03-25 00:00:00","Canadia PM Trudeau says Canada is ready to implement tougher measures at the US border if needed"
"2020-03-24 16:00:00","2020-03-25 00:00:00","US lawmakers near agreement for USD 25bln in grants for airlines; USD 4bln in grants for cargo carriers; USD 3bln in grants for airline contractors "
"2020-03-24 15:57:00","2020-03-24 23:57:00","USDA and USTR say they have achieved progress in implementing agricultural provisions of the Phase 1 US-China trade deal"
"2020-03-24 15:53:00","2020-03-24 23:53:00","UK COVID-19 total cases rises to 8,077 (prev. 6,650), death toll rises to 442 (prev. 335)"
"2020-03-24 15:50:00","2020-03-24 23:50:00","US Senate Minority Leader Schumer says the deal is on the 2-yard line, belives deal can be finalized in the next few hours, notes there are still a few remaining issues"
"2020-03-24 15:48:00","2020-03-24 23:48:00","WATCH LIVE: US Senate Minority Leader Schumer to speak on Senate floor"
"2020-03-24 15:46:00","2020-03-24 23:46:00","US Senate Minority Leader Schumer is expected on the Senate floor in under 5 mins, according to NBC's Sherman"
"2020-03-24 15:38:00","2020-03-24 23:38:00","EU's Executive Vice Commissioner Vestager says she expects more state aid for virus-hit companies, easing state aid rules will temporarily help EU cope with post-virus economy, EU has very low level of remuneration for companies to repay state aid"
"2020-03-24 15:38:00","2020-03-24 23:38:00","Phillips 66 (PSX), on March 19th, entered into a one year relayed draw term loan agreement "
"2020-03-24 15:28:00","2020-03-24 23:28:00","Italy's Lombardy coronavirus death toll at 4175 (+400 in 24hr), sources state"
"2020-03-24 15:25:00","2020-03-24 23:25:00","US airline passenger counts -86% YY"
"2020-03-24 15:21:00","2020-03-24 23:21:00","Italy's Economy Ministry reiterates that the govt aims to identify industries of strategic interest to protect in light of the pandemic"
"2020-03-24 15:20:00","2020-03-24 23:20:00","NEC Director Kudlow says President Trump 'wants to do something' to reopen the economy in the next two weeks; says govt may take warants in companies receiving stimulus funds; via FBN"
"2020-03-24 15:20:00","2020-03-24 23:20:00","NEC Director Kudlow says President Trump 'wants to do something' to reopen the economy in the next two weeks; says govt may take warants in companies receiving stimulus funds; via FBN"
"2020-03-24 15:19:00","2020-03-24 23:19:00","NY State COVID-19 cases rises to 25,665 (prev. 20,875)"
"2020-03-24 15:16:00","2020-03-24 23:16:00","BoE has announced the activation of Contingent Term Repo Facility, CTRF operations will run on Mach 26 and April 2 in addition to regular liquidity facilities, will be kept under review, size unlimited, price at Bank Rate +15bps"
"2020-03-24 15:13:00","2020-03-24 23:13:00","Spain authorizes the Swiss SIX takeover of the Madrid stock operator, BME"
"2020-03-24 15:12:00","2020-03-24 23:12:00","Lloyds Banking Group (LLOY LN) halted intention to cut 780 jobs, according to a source"
"2020-03-24 15:09:00","2020-03-24 23:09:00","Italian Economy Minister says it is necessary to mobilise all resources at the EU level, including ESM bailout fund, with no conditionality "
"2020-03-24 15:05:00","2020-03-24 23:05:00","Norwegian government is to extended the coronavirus restrictions until April 13th (Prev. March 26th)"
"2020-03-24 15:04:00","2020-03-24 23:04:00","NY Governor Cuomo says COVID-19 infections are doubling every three days, rate of increase of the virus has risen; apex of the cases could be seen within 14-21 days "
"2020-03-24 15:01:00","2020-03-24 23:01:00","Brazilian House Speaker Maia says it would be fair at this time to cut salaries of public workers, excluding those who earn the least, by 15%-20%"
"2020-03-24 14:58:00","2020-03-24 22:58:00","Facebook (FB) is in talks to take a multi billion-dollar stake in the Indian Co Reliance Jio, according to FT; article notes Alphabet (GOOGL) was also in talks with the Co"
"2020-03-24 14:56:00","2020-03-24 22:56:00","US General says COVID-19 could last until July based on experience of other countries"
"2020-03-24 14:55:00","2020-03-24 22:55:00","Whitbread (WTB LN) - Closure of hotels and restaurants could amount to a technical event of default under banking arrangements and financial obligations "
"2020-03-24 14:52:00","2020-03-24 22:52:00","Volkswagen (VOW3 GY) planning on reduced working hours for 80k staff in Germany, according to Focus Online"
"2020-03-24 14:50:00","2020-03-24 22:50:00","BoE GBP 1.0bln 20yr+ Gilt reinvestment offer-to-cover ratio 2.23 (Prev. 1.83)"
"2020-03-24 14:42:00","2020-03-24 22:42:00","Citigroup (C) is to close around 15% of its branches"
"2020-03-24 14:40:00","2020-03-24 22:40:00","India is to impose a nationwide lockdown from midnight, according to PM Modi - the lockdown will be in place for an initial 21 days"
"2020-03-24 14:39:00","2020-03-24 22:39:00","Energy Trader Gunvor Group has delayed the planned turnaround at its Rotterdam refinery in Netherlands amid concerns surrounding COVID-19"
"2020-03-24 14:38:00","2020-03-24 22:38:00","Halliburton (HAL) says rigs could drop by as much as 65% by Q4 2020 - conference comments "
"2020-03-24 14:37:00","2020-03-24 22:37:00","Italy Economy Minister Gualtieri says the Treasury forecasts a major GDP contraction in H1 2020"
"2020-03-24 14:34:00","2020-03-24 22:34:00","BoE says banks and building societies should keep their branches and contact centres open where possible"
"2020-03-24 14:32:00","2020-03-24 22:32:00","Ford (F) says it is not planning on opening its plants in US, Canada and Mexico by March 30th as it had originally planned "
"2020-03-24 14:25:00","2020-03-24 22:25:00","UK Chancellor Sunak tells UK airlines (IAG, EZJ, RYA) that while government is determined to help viable companies, direct tax payer investment will only come after existing shareholder and other investment options have been explored, according to Sky"
"2020-03-24 14:23:00","2020-03-24 22:23:00","US President Trump is to use the DPA for COVID-19 test kits (60k) amid shortages, as well as using DPA funds as part of its 500mln masks production, according to WSJ"
"2020-03-24 14:23:00","2020-03-24 22:23:00","Fixed and FX latest: US Markit PMIs better than the rest on balance"
"2020-03-24 14:19:00","2020-03-24 22:19:00","US President Trump says Americans ought to return to work, will practice social distancing and the elderly will be protected "
"2020-03-24 14:19:00","2020-03-24 22:19:00","Mexican President Obrador says the country has enough resources to carry on with the Dos Bovas refinery and Maya train projects"
"2020-03-24 14:16:00","2020-03-24 22:16:00","Spain approves burden-sharing scheme for banks as part of state-backed credits to fight COVID-19; says first tranche of state-backed credit lines would be around EUR 20bln, according to a spokesperson"
"2020-03-24 14:14:00","2020-03-24 22:14:00","US Senate Majority Leader McConnell says negotiations over the COVID-19 relief bill are ""on the five yard line"""
"2020-03-24 14:03:00","2020-03-24 22:03:00","US NEC Director Kudlow says there is a clamor to get the economy to reopen, administration is looking at where this is possible "
"2020-03-24 14:01:00","2020-03-24 22:01:00","Hungary Central Bank says it is ready to take further liquidity measures: launching long term fixed rate lending instrument, waives reserve requirement for banks"
"2020-03-24 13:54:00","2020-03-24 21:54:00","US NEC Director Kudlow says we may try to reopen parts of the economy around the end of the month, comments from FBN interview"
"2020-03-24 13:53:00","2020-03-24 21:53:00","US House Speaker Pelosi believes the bill has moved to the side of workers now, comments from CNBC interview "
"2020-03-24 13:51:00","2020-03-24 21:51:00","US equities open higher across the board bouncing from prior day losses on fiscal stimulus hopes with both Mnuchin and Schumer stating a deal is close; all sectors positive"
"2020-03-24 13:50:00","2020-03-24 21:50:00","Chevron (CVX) says it does not believe in cutting Texas output as it believes in a free market; cutting run rates at refineries and adjusting slate of products ""as best we can"""
"2020-03-24 13:48:00","2020-03-24 21:48:00","UK PM Johnson says regulations will be put in place by Thursday to allow Police to offer fines against those violating government advice"
"2020-03-24 13:43:00","2020-03-24 21:43:00","Japanese Senior MOF official says G7 agreed on no numerical fiscal target for measures against COVID-19"
"2020-03-24 13:40:00","2020-03-24 21:40:00","Bank of Israel's Yaron says the interest rate is already low and hasn't seen a need to go lower, although all options are on the table"
"2020-03-24 13:37:00","2020-03-24 21:37:00","US House Speaker Pelosi says she is optimistic for reaching a deal on the economic stimulus bill in the next few hours, comments from CNBC"
"2020-03-24 13:32:00","2020-03-24 21:32:00","Chevron (CVX) says dropping from 16 rigs to 8 in the Permian Basin, half of its USD 4bln CAPEX cut to come from Permian "
"2020-03-24 13:30:00","2020-03-24 21:30:00","Bank of Israel sees 2020 economic growth of -2.5% (prev. +2.9%)"
"2020-03-24 13:25:00","2020-03-24 21:25:00","IATA says industry passenger revenues could fall by USD 252bln (-44% Y/Y)"
"2020-03-24 13:23:00","2020-03-24 21:23:00","Japanese Finance Minister Aso says Japan will explain to the G7 its efforts next week after the budget has passed through parliament"
"2020-03-24 13:22:00","2020-03-24 21:22:00","Additional US Equity Stories: CMCSA, RTN, NVDA, AMD"
"2020-03-24 13:19:00","2020-03-24 21:19:00","G7 Finance officials say we are taking action and enhancing coordination on domestic and international policy efforts to respond to COVID-19"
"2020-03-24 13:19:00","2020-03-24 21:19:00","Bafin pushes back on share buybacks occuring, advise banks to strengthen their mid-term; we will take pressure off banks wherever possible without sacrificing financial stability "
"2020-03-24 13:18:00","2020-03-24 21:18:00","US Treasury Secretary Mnuchin identifies financials services sector workers as essential infrastructure "
"2020-03-24 13:14:00","2020-03-24 21:14:00","Phillips 66 (PSX) says it is running near mimimum crude rates at its refineries currently"
"2020-03-24 13:13:00","2020-03-24 21:13:00","G7 to shortly issue a statement on measures for the coronavirus, Japanese Finance Minister; says no central bank chiefs were in the call"
"2020-03-24 13:10:00","2020-03-24 21:10:00","Newsquawk Daily US Equity Opening News - 24th March 2020"
"2020-03-24 13:03:00","2020-03-24 21:03:00","Netherlands reports 811 new coronavirus cases (total 5,560) and 63 (total 276) new deaths according to health authorities"
"2020-03-24 13:03:00","2020-03-24 21:03:00","Netherlands reports 811 new coronavirus cases (total 5,560) and 63 (total 276) new deaths according to health authorities"
"2020-03-24 13:03:00","2020-03-24 21:03:00","Norweigan Labour Agency says unemployment now stands at 10.9% due to COVID-19 layoffs (prev. 5.3% last week)"
"2020-03-24 12:55:00","2020-03-24 20:55:00","German Finance Minister Scholz says will take targeted measure to revive the economy, which will occur once stores re-open fully"
"2020-03-24 12:49:00","2020-03-24 20:49:00","BoE GBP 1.0bln 3-7yr buyback: O/C 4.1x (Prev. 2.54x)"
"2020-03-24 12:48:00","2020-03-24 20:48:00","Treasury Secretary Mnuchin has reportedly reached agreement as of lastnight on a key stumbling block within the aid bill, CNBC's Javers"
"2020-03-24 12:45:00","2020-03-24 20:45:00","US President Trump tweets that Congress must approve the deal, the longer it takes the harder it will be for our economy"
"2020-03-24 12:34:00","2020-03-24 20:34:00","US stimulus talks could be delayed further today amidst disagreements between Republicans and Democrats, with disagreement centering at present around agri assistance, WSJ"
"2020-03-24 12:30:00","2020-03-24 20:30:00","Philadelphia Fed Non-Manufacturing (March): regional activity -35.1 vs. Prev. 31; new orders -16.4 vs. Prev. 28.1; full time employment index -1.7 vs. Prev. 21.5"
"2020-03-24 12:29:00","2020-03-24 20:29:00","ECB's Kazmir says that ETF purchases can't be ruled out, although no decision has been made"
"2020-03-24 12:27:00","2020-03-24 20:27:00","IATA Chief says more than half of airlines could go bust in the coming weeks without assistance "
"2020-03-24 12:24:00","2020-03-24 20:24:00","UK Chancellor Sunak says expects to make an announcement on airline sector support soon"
"2020-03-24 12:22:00","2020-03-24 20:22:00","Boeing (BA) CEO says return of 737 MAX timeline remains for ""mid-year"", comments from CNBC interview"
"2020-03-24 12:17:00","2020-03-24 20:17:00","NY Fed accepts all USD 13.5bln in bids submitted in its 14-day term repo operation (USD 45bln offered)"
"2020-03-24 12:11:00","2020-03-24 20:11:00","Japanese PM Abe says he agreed with IOC's Bach to hold Olympics a year later by Summer 2021"
"2020-03-24 12:09:00","2020-03-24 20:09:00","Boeing (BA) says it has ample liquidity; situation is normalizing in China, comments from CEO in CNBC interview"
"2020-03-24 12:07:00","2020-03-24 20:07:00","US President Trump says stimulus bill is not about a green new deal and must put workers back to work "
"2020-03-24 12:03:00","2020-03-24 20:03:00","Intel (INTC) - are to suspend their share buyback due to the coronavirus"
"2020-03-24 12:02:00","2020-03-24 20:02:00","General Motors (GM) intends to draw down about USD 16bln from its revolving credit facilities "
"2020-03-24 11:59:00","2020-03-24 19:59:00","Bavaria, Germany is raising its economic state aid, according to a state Premier"
"2020-03-24 11:49:00","2020-03-24 19:49:00","CIRCUIT BREAKERS (24 Mar) [REFILE]: Hard upside or downside limit of 5% during non-US hours in Futures, 7%, 13% and 20% circuit breakers in US Futures during US hours"
"2020-03-24 11:45:00","2020-03-24 19:45:00","Goldman Sachs Economist Chain Store Sales (w/e March 21st): +2.8% (W/W), +2.9% (Y/Y)"
"2020-03-24 11:43:00","2020-03-24 19:43:00","UK Chancellor Sunak says there will be further announcements for the self-employed; UK Chancellor Sunak says, depending on their status, zero-hour contract staff could be eligible for a job retention scheme"
"2020-03-24 11:40:00","2020-03-24 19:40:00","German Finance Minister Scholz says calls to protect the economy rather than slow COVID-19 are ""cynical"" and ""ill"", according to Bild; looking into whether tax-free additional payments for some workers is a possibility during the crisis"
"2020-03-24 11:34:00","2020-03-24 19:34:00","Scotiabank FX Daily - Risk Positive Mood Seeks to Break 10-day USD Streak  "
"2020-03-24 11:34:00","2020-03-24 19:34:00","Maersk Drilling (DLRCO DC) receives early termination notice from Tullow Oil (TLW LN); maintains profit guidance"
"2020-03-24 11:30:00","2020-03-24 19:30:00","ECB allots EUR 79.7bln in their 3-month LTRO operation"
"2020-03-24 11:30:00","2020-03-24 19:30:00","Ford (F) works with 3M (MMM), General Electric (GE) and UAW to speed production of respirators for healthcare workers and ventilators for COVID-19 patients "
"2020-03-24 11:28:00","2020-03-24 19:28:00","Switzerland COVID-19 total cases rises to 8,836 (prev. 8,060), death toll rises to 86 (prev. 66)"
"2020-03-24 11:25:00","2020-03-24 19:25:00","Italy's petrol stations will begin to close, including motorway pumps, from Wednesday"
"2020-03-24 11:19:00","2020-03-24 19:19:00","Spain says 5,400 of its health care workers have tested positive for COVID-19, approximately 14% of all cases "
"2020-03-24 11:19:00","2020-03-24 19:19:00","Newsquawk Daily US Opening News - 24th March 2020"
"2020-03-24 11:13:00","2020-03-24 19:13:00","China Cabinet says it is increasing cargo flight capacity and stabalizing the supply chain; will guide financial institutions to increase to raise loans to SMEs"
"2020-03-24 11:10:00","2020-03-24 19:10:00","Newsquawk EU Mid Session:  ES hits limit up on turnaround Tuesday while sentiment fuels oil gains - 24th March 2020"
"2020-03-24 11:06:00","2020-03-24 19:06:00","Fixed Income: not much further deviation in debt"
"2020-03-24 10:56:00","2020-03-24 18:56:00","German Economy Minister Altmaier says the measures announced Monday are just a first step"
"2020-03-24 10:56:00","2020-03-24 18:56:00","FX Morning Colour: Dollar loses more ground across the board awaiting fiscal support"
"2020-03-24 10:45:00","2020-03-24 18:45:00","Chevron (CVX) are reducing Capex guidance by 20% (USD 4bln), are suspending their USD 5bln annual share buyback"
"2020-03-24 10:43:00","2020-03-24 18:43:00","BoE allot GBP 7.2bln in 6-month indexed long-term repo, bids were in excess of GBP 10.663bln"
"2020-03-24 10:38:00","2020-03-24 18:38:00","Spain's coronavirus cases increase to 39673 (Prev. 33089), according to the Health Ministry; death toll at 2696 (Prev. 2181)"
"2020-03-24 10:35:00","2020-03-24 18:35:00","Germany sell EUR 2.893bln vs. Exp. EUR 4.0bln: b/c 1.2x (Prev. 1.5x), average yield -0.65% (Prev. -0.66%) & retention 27.68% (Prev. 18.72%)"
"2020-03-24 10:33:00","2020-03-24 18:33:00","Tokyo 2020 Olympics organizers are focusing on a the potential for a one year delay, according to Nikkei"
"2020-03-24 10:32:00","2020-03-24 18:32:00","German Finance Minister Scholz says Germany is ready to mull a post-virus stimulus package for the country, but talks are at ""a very early stage"""
"2020-03-24 10:31:00","2020-03-24 18:31:00","ECB allots EUR 1.05bln in its MRO"
"2020-03-24 10:30:00","2020-03-24 18:30:00","A senior US administration official said 'or sooner' when asked if the President wanted to get the country back open by mid-April, CNBC's Javers"
"2020-03-24 10:25:00","2020-03-24 18:25:00","Australian PM Morrison says that restrictions on social movements are to be extended"
"2020-03-24 10:20:00","2020-03-24 18:20:00","WHO spokesperson says are seeing a very large acceleration in cases in the US, has the potential to be the virus epicentre "
"2020-03-24 10:15:00","2020-03-24 18:15:00","Italy may implement heavier fines for violating the lockdown, according to Officials "
"2020-03-24 10:07:00","2020-03-24 18:07:00","WHO Spokesperson expects the virus death toll to increase significantly, as further cases are reproted to the WHO; 85% of cases in EU or US over past 24 hours"
"2020-03-24 10:02:00","2020-03-24 18:02:00","SNB allots USD 310mln in its 7-day USD auction"
"2020-03-24 10:02:00","2020-03-24 18:02:00","BoE allot USD 3.555bln in its 7-day USD repo operation"
"2020-03-24 10:02:00","2020-03-24 18:02:00","SNB allots USD 310mln in its 7-day USD auction"
"2020-03-24 10:02:00","2020-03-24 18:02:00","BoE allot USD 3.555bln in its 7-day USD repo operation"
"2020-03-24 10:00:00","2020-03-24 18:00:00","IHS Markit Ltd (INFO) Q4 19 (USD): adj. EPS 0.66 (exp. 0.64), Revenue 1.081bln (exp. 1.08bln)"
"2020-03-24 09:57:00","2020-03-24 17:57:00","Germany is reportedly mulling a stimulus package to boost the economy post-virus, sources state, the measure would be targeted for immediate impact but a broad distribution of funds isn't on the table - DETAILS REMAIN LIGHT"
"2020-03-24 09:54:00","2020-03-24 17:54:00","Major FX expiry options for today's NY close"
"2020-03-24 09:51:00","2020-03-24 17:51:00","ECB allots USD 4.12bln in its 7-day USD operation"
"2020-03-24 09:50:00","2020-03-24 17:50:00","UK debt and STIR futures take broadly bleak PMIs in stride"
"2020-03-24 09:48:00","2020-03-24 17:48:00","NMC Health (NMC LN) announces that its debt position is current around USD 6.6bln which is higher than previously announced; CFO has subsequently resigned"
"2020-03-24 09:43:00","2020-03-24 17:43:00","French Finance Minister Le Maire says there is no Eurogroup consensus on the use of coronabonds, adding that the ESM should be able to be used in the coming weeks, it is the time to use it"
"2020-03-24 09:42:00","2020-03-24 17:42:00","E-Mini S&P Jun'20 futures (M0) hit limit up at 2333.50"
"2020-03-24 09:39:00","2020-03-24 17:39:00","BoE's FPC will continue to monitor closely the credit conditions faced by UK households and businesses and the operation of the UK financial system, and stands ready to take any further actions deemed appropriate to support UK financial stability"
"2020-03-24 09:31:00","2020-03-24 17:31:00","Air France KLM (AF FP) - The French Finance Minister is considering measures to help support the Co.; on autonames, says they will require sector specific support"
"2020-03-24 09:27:00","2020-03-24 17:27:00","Bunds: back near the 171.00 handle after dire PMIs"
"2020-03-24 09:10:00","2020-03-24 17:10:00","UK's ONS is to end lock-ins for the release of UK data, ONS will be releasing economic data at 0700GMT"
"2020-03-24 09:07:00","2020-03-24 17:07:00","Japan's GPIF are to boost foriegn bond allocation to 25% vs. Prev. 15%, according to the Nikkei"
"2020-03-24 09:03:00","2020-03-24 17:03:00","Porsche (PAH3 GY) - Co. increases dividend to EUR 3.11/shr"
"2020-03-24 08:37:00","2020-03-24 16:37:00","Citi cuts oil price forecasts, sees 2020 Brent average at USD 30/bbl and USD 17/bbl through Q2 2020"
"2020-03-24 08:33:00","2020-03-24 16:33:00","Spain has opened books for the sale of their 7-year Euro bonds"
"2020-03-24 08:13:00","2020-03-24 16:13:00","A number of major Taiwanese banks have cut interest rates for personal consumption loans to below the Central Bank's rate, sources state"
"2020-03-24 08:11:00","2020-03-24 16:11:00","Newsquawk Bond Auction Previews - 24th March 2020"
"2020-03-24 08:06:00","2020-03-24 16:06:00","China's Industry Ministry has called for an acceleration of 5G smart medical systems and platforms including the speeding up 5G virus prediction and prevention apps"
"2020-03-24 08:03:00","2020-03-24 16:03:00","Having gone through the cash open European equities (Eurostoxx 50 +4.5%) trade higher across the board with all key sectors firmer (IT, industrials and energy leads); individual movers are being driven by broader macro themes rather than stock specficics"
"2020-03-24 08:01:00","2020-03-24 16:01:00","Tokyo 2020 Olympics postponement decision is expected within days, sources state "
"2020-03-24 07:54:00","2020-03-24 15:54:00","French Minister Le Maire says nationalisation of French companies will be a last resort"
"2020-03-24 07:45:00","2020-03-24 15:45:00","ECB's Villeroy says the ECB are to enter the commercial paper market this week, possibly as soon as Wednesday; ECB intends to be 'operational fair and significant' actor in such interaction"
"2020-03-24 07:40:00","2020-03-24 15:40:00","Additional European Equities post release of the Daily European Equity Opening News"
"2020-03-24 07:37:00","2020-03-24 15:37:00","UK Cabinet Office Minister Gove says he will be providing further comments on the self-employed situation later on"
"2020-03-24 07:34:00","2020-03-24 15:34:00","Italy are reportedly considering a new EUR 18bln stimulus package for the coronavirus, according to Il Sole"
"2020-03-24 06:57:00","2020-03-24 14:57:00","Beijing City Gov't are considering plans to stimulate the consumption of autos amidst the coronavirus epidemic, according to Beijing News"
"2020-03-24 06:50:00","2020-03-24 14:50:00","Daily European Equity Opening News"
"2020-03-24 06:35:00","2020-03-24 14:35:00","Italian COVID-19 cases are 10x higher than reported, according to La Repubblica"
"2020-03-24 06:30:00","2020-03-24 14:30:00","Newsquawk Daily European Opening News - 24th March 2020"
"2020-03-24 06:19:00","2020-03-24 14:19:00","CIRCUIT BREAKERS (24 Mar) [REFILE]: Hard upside or downside limit of 5% during non-US hours in Futures, 7%, 13% and 20% circuit breakers in US Futures during US hours"
"2020-03-24 06:12:00","2020-03-24 14:12:00","Italy is in favour of utilizing ESM bailout fund to provide financial support with no conditionality to economies impacted by the coronavirus pandemic, according to a government source"
"2020-03-24 06:09:00","2020-03-24 14:09:00","Dubai sets official crude differential to DME Oman prices for June at USD 1.00/bbl discount"
"2020-03-24 06:01:00","2020-03-24 14:01:00","Japanese Machine Tool Orders (Feb F) Y/Y -29.6% (Prev. -30.1%)"
"2020-03-24 06:01:00","2020-03-24 14:01:00","ASIA-PAC MARKET WRAP: Asia stocks rallied and US equity futures also bounced back following Fed's open-ended QE announcement, hopes of a stimulus breakthough and with Wuhan to lift travel restrictions next month"
"2020-03-24 05:57:00","2020-03-24 13:57:00","Indian PM Modi says to address nation at 8pm local time"
"2020-03-24 05:47:00","2020-03-24 13:47:00","BoJ offers to sell JPY 8.5tln of JGBs as collateral for US dollar funds-supplying operations in repo pact for March 25th-June 19th, also offers JPY 2tln of JGBs as collateral for US dollar funds-supplying operations in repo pact for March 25th- April 3rd"
"2020-03-24 05:35:00","2020-03-24 13:35:00","Germany's total coronavirus cases increased to 27,436 and death toll rose to 114, according to RKI Health Institute"
"2020-03-24 05:03:00","2020-03-24 13:03:00","ZTE (763 HK) partners with KDDI (9433 JT) for new 5G smartphone"
"2020-03-24 05:00:00","2020-03-24 13:00:00","Japanese BoJ Core CPI (Feb) 0.20% (Prev. 0.30%)"
"2020-03-24 05:00:00","2020-03-24 13:00:00","Japanese Supermarket Sales (Feb) 4.1% (Prev. -2.0%)"
"2020-03-24 05:00:00","2020-03-24 13:00:00","Japanese Coincident Index (Jan F) 95.2 (Prev. 94.7)"
"2020-03-24 05:00:00","2020-03-24 13:00:00","Japanese Leading Index (Jan F) 90.5 (Prev. 90.3)"
"2020-03-24 04:58:00","2020-03-24 12:58:00","Japanese Finance Minister Aso says seeing single-handed rise in USD vs. other currencies which likely driven by anxiety over coronavirus"
"2020-03-24 04:52:00","2020-03-24 12:52:00","China's Hubei province says it is to remove travel restrictions on leaving Wuhan on April 8th"
"2020-03-24 04:46:00","2020-03-24 12:46:00","RBA buys AUD 4bln of government bonds which was what it had targetted "
"2020-03-24 04:19:00","2020-03-24 12:19:00","Longfor Properties (960 HK) FY19 core net CNY 18.3bln vs. Prev. CNY 12.9bln Y/Y"
"2020-03-24 04:13:00","2020-03-24 12:13:00","China Telecom (728 HK) FY net CNY 20.5bln vs. Prev. CNY 21.2bln Y/Y"
"2020-03-24 04:13:00","2020-03-24 12:13:00","China Telecom (728 HK) FY net CNY 20.5bln vs. Prev. CNY 21.2bln Y/Y"
"2020-03-24 04:10:00","2020-03-24 12:10:00","Anta Sports Products (2020 HK) FY19 net CNY 5.3bln vs. Prev. CNY 4.1bln Y/Y"
"2020-03-24 04:00:00","2020-03-24 12:00:00","US Senate Democrat leader Schumer says Senate could vote on potential coronavirus stimulus deal as early as Tuesday"
"2020-03-24 03:53:00","2020-03-24 11:53:00","US Treasury Secretary Mnuchin says very close to stimulus deal but will not happen tonight, while Mnuchin and Senate Democrat leader Schumer are optimistic for a deal on Tuesday and negotiators note progress although some issues are still under review"
"2020-03-24 03:42:00","2020-03-24 11:42:00","Barclays lowers WTI and Brent crude price forecast by USD 12/bbl to USD 28/bbl and USD 31/bbl respectively, adds oil prices are likely to remain under pressure until virus situation turns a corner "
"2020-03-24 03:39:00","2020-03-24 11:39:00","PRE-MARKET INDIAN STOCK NEWS: Yes Bank (YES IS) board is to consider proposal to raise funds through equity and bonds"
"2020-03-24 03:38:00","2020-03-24 11:38:00","Philippines Central Bank announces to lower RRR by 200bps effective March 30th"
"2020-03-24 03:35:00","2020-03-24 11:35:00"," Japan sells JPY 399bln in 2yr, 5yr, 10yr and 20yr JGBs in enhanced liquidity auction; b/c 4.33 vs. Prev. 4.07 "
"2020-03-24 03:11:00","2020-03-24 11:11:00","ASIA-PAC MID-SESSION UPDATE: Asia stocks rally and US equity futures also bounce back following Fed's open-ended QE announcement and with coronavirus relief bill negotiators said to be near a deal"
"2020-03-24 03:02:00","2020-03-24 11:02:00","BoJ Governor Kuroda says unrealized loss on ETFs around JPY 2tln-3tln and unrealized loss on J-REITS at JPY 100bln as of end of last week"
"2020-03-24 02:56:00","2020-03-24 10:56:00","South Korean President Moon unveiled plans to double the size of emegrency-financing aid package to KRW 100tln, adds will set up KRW 10.7tln equity market stabilization fund and KRW 20tln bond stabilization fund"
"2020-03-24 02:48:00","2020-03-24 10:48:00","Banks borrowed USD 89.3bln from BoJ's dollar funding operations today"
"2020-03-24 02:17:00","2020-03-24 10:17:00","New Zealand Finance Minister Robertson says New Zealand banks are to offer 6-month mortgage holidays and RBNZ are to lower banks' core funding ratios, adds government will set up NZD 6.25bln business financing guarantee scheme"
"2020-03-24 01:49:00","2020-03-24 09:49:00","COVID-19 Case Count: 378,842 worldwide cases, 16,510 deaths, 102,064 recovered"
"2020-03-24 01:42:00","2020-03-24 09:42:00","BoJ offers dollar supply operations"
"2020-03-24 01:34:00","2020-03-24 09:34:00","Queensland state in Australia announces AUD 4.0bln package to support jobs and businesses"
"2020-03-24 01:29:00","2020-03-24 09:29:00","Beijing is to quarantine all overseas arrivals"
"2020-03-24 01:18:00","2020-03-24 09:18:00","PRE-MARKET CHINESE STOCK NEWS: Earnings including China Unicom and Henderson Land"
"2020-03-24 01:15:00","2020-03-24 09:15:00","PBoC skips open market operations and are net nuetral on the day "
"2020-03-24 01:15:00","2020-03-24 09:15:00","PBoC sets USD/CNY mid-point at 7.0999 vs. Exp. 7.1041 (Prev. 7.0940)"
"2020-03-24 01:13:00","2020-03-24 09:13:00","South Korea reports 76 new coronavirus cases for a total 9037 and deaths rose by 9 to a total 120, while there were 341 fully recovered to bring total to 3507"
"2020-03-24 01:09:00","2020-03-24 09:09:00","Korea Exchange activates side car on KOSPI and KOSDAQ to halt programme trading for 5 minutes"
"2020-03-24 00:56:00","2020-03-24 08:56:00","US Senate Minority Leader Schumer says differences on bill have narrowed and will continue work"
"2020-03-24 00:52:00","2020-03-24 08:52:00","Toyota (7203 JT) and NTT (9432 JT) to form capital tie up and invest in smart city"
"2020-03-24 00:43:00","2020-03-24 08:43:00","Westpac revises outlook for Australian economy and anticipates unemployment to rise to 11%"
"2020-03-24 00:42:00","2020-03-24 08:42:00","US Treasury Secretary Mnuchin says negotiators are very near to a deal on the coronavirus stimulus bill and are tryng to complete one on Monday night"
"2020-03-24 00:40:00","2020-03-24 08:40:00","PRE-MARKET TAIWAN AND SINGAPORE STOCK NEWS: Taiwan is expected to announce a 2nd stimulus package this week"
"2020-03-24 00:37:00","2020-03-24 08:37:00","Washington State is to close all businesses within 48 hours"
"2020-03-24 00:31:00","2020-03-24 08:31:00","BoJ offers to sell JPY 800bln of JGBs in repo pact"
"2020-03-24 00:30:00","2020-03-24 08:30:00","Japanese Services PMI (Mar P) 32.7 (Prev. 46.8)"
"2020-03-24 00:30:00","2020-03-24 08:30:00","Japanese Composite PMI (Mar P) 35.8 (Prev. 47.0)"
"2020-03-24 00:22:00","2020-03-24 08:22:00","US House Democrats introduce a USD 2.5tln stimulus bill"
"2020-03-24 00:19:00","2020-03-24 08:19:00","PBoC is expected to set USD/CNY mid-point at 7.1041, according to a major newswire estimate"
"2020-03-24 00:15:00","2020-03-24 08:15:00","RBA proposes to buy AUD 4bln in government bonds vs. Prev. AUD 4.0bln"
"2020-03-24 00:09:00","2020-03-24 08:09:00","Asia equity markets begin on the front-foot with all major indices notching firm gains in early trade as they get some reprieve from the recent sell-off "
"2020-03-24 00:05:00","2020-03-24 08:05:00","China's Hubei province reports 1 new case and 7 new deaths on March 23rd vs. Prev. 0 cases and 9 new deaths on March 22nd"
"2020-03-24 00:03:00","2020-03-24 08:03:00","Mainland China reports 78 additional coronavirus cases and 7 additional deaths on March 23rd vs. Prev. 39 additional cases and 9 additional deaths on March 22nd"