[
    {
        "id": 689820,
        "updated_sequence": 1114309,
        "published_at": {
            "unix": 1546380000,
            "text": "2019-01-01 22:00:00 +0000",
            "iso_8601": "2019-01-01T22:00:00Z"
        },
        "updated_at": {
            "unix": 1546380000,
            "text": "2019-01-01 22:00:00 +0000",
            "iso_8601": "2019-01-01T22:00:00Z"
        },
        "subject": "ASIA-PAC SERVICE IS NOW LIVE FOR TODAY'S SESSION",
        "content": "",
        "reaction_details": "",
        "reaction_updated_at": null,
        "analysis_details": "",
        "analysis_updated_at": null,
        "push_notify": false,
        "source": "RANsquawk",
        "slug": "asia-pac-service-is-now-live-for-today-s-session-31-12-2018",
        "hidden": false,
        "section": {
            "id": 36,
            "name": "Asian News"
        },
        "important": false,
        "highlighted": true,
        "disclaimer": null,
        "rumour": false,
        "hk_time": "2019-01-02 06:00:00",
        "gmt_time": "2019-01-01 22:00:00"
    },
    {
        "id": 689819,
        "updated_sequence": 1114304,
        "published_at": {
            "unix": 1546365600,
            "text": "2019-01-01 18:00:00 +0000",
            "iso_8601": "2019-01-01T18:00:00Z"
        },
        "updated_at": {
            "unix": 1546365600,
            "text": "2019-01-01 18:00:00 +0000",
            "iso_8601": "2019-01-01T18:00:00Z"
        },
        "subject": "CHRISTMAS PERIOD OPENING HOURS  ",
        "content": "<p><strong>Business as usual up to&nbsp;1845GMT Monday 24th December 2018</strong></p>\r\n\r\n<p><strong>Closed for business 25th, 26th, 27th, 28th December 2018 and 1st&nbsp;January 2019</strong></p>\r\n\r\n<p><strong>Normal service will resume at 0630GMT on Wednesday&nbsp;2nd&nbsp;of January 2019 for the beginning of the EU Session</strong></p>\r\n\r\n<p>Market closures and desk opening hours</p>\r\n\r\n<p>&nbsp;</p>\r\n\r\n<p>24th December - Business as usual up to&nbsp;1845GMT Monday 24th December 2018</p>\r\n\r\n<p>&nbsp;</p>\r\n\r\n<p>Floor Trade</p>\r\n\r\n<p>1. CME/CBOT &ndash;FX and Interest Rates close at 1800GMT/1200CST, Equities Futures and Options close at 1815GMT/1215CST</p>\r\n\r\n<p>2. NYSE &ndash; Early close at 1800GMT</p>\r\n\r\n<p>Electronic Trade</p>\r\n\r\n<p>1. CME &ndash; Equity, interest rates, FX close 1815GMT/1215CST, Energy closes at 1845GMT/1245CST</p>\r\n\r\n<p>2. ICE &ndash; US Calendar: https://bit.ly/2KXWq6u, EU Calendar: https://bit.ly/2wLNLzH</p>\r\n\r\n<p>3. Eurex &ndash; Closed for trading in all derivatives</p>\r\n\r\n<p>4. Euronext Derivatives &ndash; Closes begin at 1255GMT/0655CST</p>\r\n\r\n<p>Cash Index:</p>\r\n\r\n<p>1. FTSE &ndash; Close 1230GMT/0630CST onwards</p>\r\n\r\n<p>2. Euronext Cash &ndash; Closes begin at 1305GMT/0705CST</p>\r\n\r\n<p>3. DAX - Closed</p>\r\n\r\n<p>4. IBEX 35 &ndash; Close 1300GMT/0700CST</p>\r\n\r\n<p>5. FTSE MIB - Close 1230GMT/0630CST onwards</p>\r\n\r\n<p>6. SMI &ndash; Closed</p>\r\n\r\n<p>7. Oslo Bors &ndash; Closed</p>\r\n\r\n<p>8. OMX 30 &ndash; Closed</p>\r\n\r\n<p>Asia-Pac</p>\r\n\r\n<p>Australia &ndash; Close at 0310GMT/2110CST</p>\r\n\r\n<p>Japan &ndash; Closed for Emperors Birthday</p>\r\n\r\n<p>Hong Kong &ndash; Regular Hours</p>\r\n\r\n<p>&nbsp;</p>\r\n\r\n<p>&nbsp;</p>\r\n\r\n<p>25th December &ndash; Desk Closed</p>\r\n\r\n<p>Floor Trade&nbsp;</p>\r\n\r\n<p>1. CME/CBOT - Closed</p>\r\n\r\n<p>2. NYSE &ndash; Closed</p>\r\n\r\n<p>Electronic Trade</p>\r\n\r\n<p>1. CME Globex &ndash; Equity, interest rates, FX closed. Opens 2300GMT/1700CST</p>\r\n\r\n<p>2. ICE &ndash; Closed</p>\r\n\r\n<p>3. Eurex &ndash; Closed</p>\r\n\r\n<p>4. Euronext Derivatives - Closed</p>\r\n\r\n<p>Cash Index: -</p>\r\n\r\n<p>1. FTSE &ndash; Closed</p>\r\n\r\n<p>2. Euronext Cash &ndash; Closed</p>\r\n\r\n<p>3. DAX - Closed</p>\r\n\r\n<p>4. IBEX 35 - Closed</p>\r\n\r\n<p>5. FTSE MIB - Closed</p>\r\n\r\n<p>6. SMI &ndash; Closed</p>\r\n\r\n<p>7. Oslo Bors &ndash; Closed</p>\r\n\r\n<p>8. OMX 30 &ndash; Closed</p>\r\n\r\n<p>Asia-Pac</p>\r\n\r\n<p>Australia - Closed</p>\r\n\r\n<p>Japan &ndash; Regular Close</p>\r\n\r\n<p>Hong Kong - Closed</p>\r\n\r\n<p>&nbsp;</p>\r\n\r\n<p>&nbsp;</p>\r\n\r\n<p>26th December (Boxing Day) &ndash; Desk Closed</p>\r\n\r\n<p>Floor Trade &nbsp;</p>\r\n\r\n<p>1. CME/CBOT &ndash; Regular hours</p>\r\n\r\n<p>2. NYSE &ndash; Regular hours</p>\r\n\r\n<p>Electronic Trade</p>\r\n\r\n<p>1. CME Globex &ndash; Equity, interest rates, FX closed. Regular close</p>\r\n\r\n<p>2. ICE &ndash; US Calendar: https://bit.ly/2KXWq6u, EU Calendar: https://bit.ly/2wLNLzH</p>\r\n\r\n<p>3. Eurex &ndash; Closed for trading and clearing (exercise, settlement and cash) in all derivatives</p>\r\n\r\n<p>4. Euronext Derivatives - Closed</p>\r\n\r\n<p>Cash Index: -</p>\r\n\r\n<p>1. FTSE &ndash; Closed</p>\r\n\r\n<p>2. Euronext Cash &ndash; Closed</p>\r\n\r\n<p>3. DAX - Closed</p>\r\n\r\n<p>4. IBEX 35 - Closed</p>\r\n\r\n<p>5. FTSE MIB - Closed</p>\r\n\r\n<p>6. SMI &ndash; Closed</p>\r\n\r\n<p>7. Oslo Bors &ndash; Closed</p>\r\n\r\n<p>8. OMX 30 &ndash; Closed</p>\r\n\r\n<p>Asia-Pac</p>\r\n\r\n<p>Australia - Closed</p>\r\n\r\n<p>Japan &ndash; Regular Close</p>\r\n\r\n<p>Hong Kong - Closed</p>\r\n\r\n<p>&nbsp;</p>\r\n\r\n<p>27-28th December &ndash; Desk Closed</p>\r\n\r\n<p>Floor Trade&nbsp;</p>\r\n\r\n<p>1. CME/CBOT &ndash; Regular hours</p>\r\n\r\n<p>2. NYSE &ndash; Regular hours</p>\r\n\r\n<p>Electronic Trade</p>\r\n\r\n<p>1. CME Globex &ndash; Equities, Interest Rates, FX &ndash; Regular close</p>\r\n\r\n<p>2. ICE &ndash; Regular hours</p>\r\n\r\n<p>3. Eurex - Regular hours</p>\r\n\r\n<p>4. Euronext Derivatives - Regular hours</p>\r\n\r\n<p>Cash Index: -</p>\r\n\r\n<p>1. FTSE &ndash; Regular hours</p>\r\n\r\n<p>2. Euronext Cash &ndash; Regular Hours</p>\r\n\r\n<p>3. DAX &ndash; Regular hours</p>\r\n\r\n<p>4. IBEX 35 &ndash; Regular hours</p>\r\n\r\n<p>5. FTSE MIB &ndash; Regular hours</p>\r\n\r\n<p>6. SMI &ndash; Regular hours</p>\r\n\r\n<p>7. Oslo Bors &ndash; Regular hours</p>\r\n\r\n<p>8. OMX 30 - Regular hours</p>\r\n\r\n<p>Australia &ndash; Regular Close</p>\r\n\r\n<p>Japan &ndash; Regular Close</p>\r\n\r\n<p>Hong Kong &ndash; Regular Close</p>\r\n\r\n<p>&nbsp;</p>\r\n\r\n<p>31st December (NYE)&ndash; Desk Close</p>\r\n\r\n<p>Floor Trade&nbsp;</p>\r\n\r\n<p>1. CME/CBOT &ndash; FX and Interest Rates close at 1800GMT/1200CST</p>\r\n\r\n<p>2. NYSE &ndash; Regular hours</p>\r\n\r\n<p>Electronic Trade</p>\r\n\r\n<p>1. CME Globex &ndash; Equities, Interest Rates, FX &ndash; Regular close</p>\r\n\r\n<p>2. ICE &ndash; 2. ICE &ndash; US Calendar: https://bit.ly/2KXWq6u, EU Calendar: https://bit.ly/2wLNLzH</p>\r\n\r\n<p>3. Eurex &ndash; Closed for trading in all derivatives</p>\r\n\r\n<p>4. Euronext Derivatives &ndash; Closes begin at 1255GMT/0655CST</p>\r\n\r\n<p>Cash Index: -</p>\r\n\r\n<p>1. FTSE &ndash; Close 1230GMT/0630CST onwards</p>\r\n\r\n<p>2. Euronext Cash &ndash; Closes begin at 1305GMT/0705CST</p>\r\n\r\n<p>3. DAX &ndash; Closed</p>\r\n\r\n<p>4. IBEX 35 &ndash; Close 1300GMT/0700CST</p>\r\n\r\n<p>5. FTSE MIB - Close 1230GMT/0630CST onwards</p>\r\n\r\n<p>6. SMI &ndash; Closed</p>\r\n\r\n<p>7. Oslo Bors &ndash; Closed</p>\r\n\r\n<p>8. OMX 30 &ndash; Closed</p>\r\n\r\n<p>Asia-Pac</p>\r\n\r\n<p>Australia &ndash; Close at 0310GMT/2110CST</p>\r\n\r\n<p>Japan - Closed</p>\r\n\r\n<p>Hong Kong &ndash; Regular Close</p>\r\n\r\n<p>&nbsp;</p>\r\n\r\n<p>1st January (NYD) &ndash; Desk Closed</p>\r\n\r\n<p>Floor Trade&nbsp;</p>\r\n\r\n<p>1. CME/CBOT - Closed</p>\r\n\r\n<p>2. NYSE &ndash; Closed</p>\r\n\r\n<p>Electronic Trade</p>\r\n\r\n<p>1. CME Globex &ndash; Equities, Interest Rates, FX &ndash; Closed</p>\r\n\r\n<p>2. ICE &ndash; Closed</p>\r\n\r\n<p>3. Eurex &ndash; Closed</p>\r\n\r\n<p>4. Euronext Derivatives - Closed</p>\r\n\r\n<p>Cash Index: -</p>\r\n\r\n<p>1. FTSE &ndash; Closed</p>\r\n\r\n<p>2. Euronext Cash &ndash; Closed</p>\r\n\r\n<p>3. DAX &ndash; Closed</p>\r\n\r\n<p>4. IBEX 35 - Closed</p>\r\n\r\n<p>5. FTSE MIB - Closed</p>\r\n\r\n<p>6. SMI &ndash; Closed</p>\r\n\r\n<p>7. Oslo Bors &ndash; Closed</p>\r\n\r\n<p>8. OMX 30 &ndash; Closed</p>\r\n\r\n<p>Asia-Pac</p>\r\n\r\n<p>Australia - Closed</p>\r\n\r\n<p>Japan - Closed</p>\r\n\r\n<p>Hong Kong - Closed</p>\r\n\r\n<p>&nbsp;</p>\r\n\r\n<p><strong>2nd January (Wednesday) &ndash; Markets open. Desk will re-open at 0630GMT for the beginning of the European session &nbsp;</strong></p>\r\n",
        "reaction_details": "",
        "reaction_updated_at": null,
        "analysis_details": "",
        "analysis_updated_at": null,
        "push_notify": false,
        "source": "ransquawk",
        "slug": "christmas-period-opening-hours-31-12-2018",
        "hidden": false,
        "section": {
            "id": 26,
            "name": "Newsquawk Update"
        },
        "important": true,
        "highlighted": true,
        "disclaimer": null,
        "rumour": false,
        "hk_time": "2019-01-02 02:00:00",
        "gmt_time": "2019-01-01 18:00:00"
    },
    {
        "id": 689817,
        "updated_sequence": 1114299,
        "published_at": {
            "unix": 1546347600,
            "text": "2019-01-01 13:00:00 +0000",
            "iso_8601": "2019-01-01T13:00:00Z"
        },
        "updated_at": {
            "unix": 1546347600,
            "text": "2019-01-01 13:00:00 +0000",
            "iso_8601": "2019-01-01T13:00:00Z"
        },
        "subject": "RANSQUAWK CHRISTMAS PERIOD OPENING HOURS",
        "content": "<p>Business as usual up to&nbsp;1845GMT Monday 24th December 2018</p>\r\n\r\n<p>Closed for business 25th, 26th, 27th, 28th, 31st December 2018 and 1st&nbsp;January 2019</p>\r\n\r\n<p>Normal service will resume at 0630GMT on Wednesday&nbsp;2nd&nbsp;of January 2019 for the beginning of the EU Session</p>\r\n\r\n<p>Market closures and desk opening hours</p>\r\n\r\n<p>24th December - Business as usual up to&nbsp;1845GMT Monday 24th December 2018</p>\r\n\r\n<p>Floor Trade</p>\r\n\r\n<p>1. CME/CBOT &ndash;FX and Interest Rates close at 1800GMT/1200CST, Equities Futures and Options close at 1815GMT/1215CST</p>\r\n\r\n<p>2. NYSE &ndash; Early close at 1800GMT</p>\r\n\r\n<p>Electronic Trade</p>\r\n\r\n<p>1. CME &ndash; Equity, interest rates, FX close 1815GMT/1215CST, Energy closes at 1845GMT/1245CST</p>\r\n\r\n<p>2. ICE &ndash; US Calendar: https://bit.ly/2KXWq6u, EU Calendar: https://bit.ly/2wLNLzH</p>\r\n\r\n<p>3. Eurex &ndash; Closed for trading in all derivatives</p>\r\n\r\n<p>4. Euronext Derivatives &ndash; Closes begin at 1255GMT/0655CST</p>\r\n\r\n<p>Cash Index:</p>\r\n\r\n<p>1. FTSE &ndash; Close 1230GMT/0630CST onwards</p>\r\n\r\n<p>2. Euronext Cash &ndash; Closes begin at 1305GMT/0705CST</p>\r\n\r\n<p>3. DAX - Closed</p>\r\n\r\n<p>4. IBEX 35 &ndash; Close 1300GMT/0700CST</p>\r\n\r\n<p>5. FTSE MIB - Close 1230GMT/0630CST onwards</p>\r\n\r\n<p>6. SMI &ndash; Closed</p>\r\n\r\n<p>7. Oslo Bors &ndash; Closed</p>\r\n\r\n<p>8. OMX 30 &ndash; Closed</p>\r\n\r\n<p>Asia-Pac</p>\r\n\r\n<p>Australia &ndash; Close at 0310GMT/2110CST</p>\r\n\r\n<p>Japan &ndash; Closed for Emperors Birthday</p>\r\n\r\n<p>Hong Kong &ndash; Regular Hours</p>\r\n\r\n<p>25th December &ndash; Desk Closed</p>\r\n\r\n<p>Floor Trade&nbsp;</p>\r\n\r\n<p>1. CME/CBOT - Closed</p>\r\n\r\n<p>2. NYSE &ndash; Closed</p>\r\n\r\n<p>Electronic Trade</p>\r\n\r\n<p>1. CME Globex &ndash; Equity, interest rates, FX closed. Opens 2300GMT/1700CST</p>\r\n\r\n<p>2. ICE &ndash; Closed</p>\r\n\r\n<p>3. Eurex &ndash; Closed</p>\r\n\r\n<p>4. Euronext Derivatives - Closed</p>\r\n\r\n<p>Cash Index: -</p>\r\n\r\n<p>1. FTSE &ndash; Closed</p>\r\n\r\n<p>2. Euronext Cash &ndash; Closed</p>\r\n\r\n<p>3. DAX - Closed</p>\r\n\r\n<p>4. IBEX 35 - Closed</p>\r\n\r\n<p>5. FTSE MIB - Closed</p>\r\n\r\n<p>6. SMI &ndash; Closed</p>\r\n\r\n<p>7. Oslo Bors &ndash; Closed</p>\r\n\r\n<p>8. OMX 30 &ndash; Closed</p>\r\n\r\n<p>Asia-Pac</p>\r\n\r\n<p>Australia - Closed</p>\r\n\r\n<p>Japan &ndash; Regular Close</p>\r\n\r\n<p>Hong Kong - Closed</p>\r\n\r\n<p>26th December (Boxing Day) &ndash; Desk Closed</p>\r\n\r\n<p>Floor Trade &nbsp;</p>\r\n\r\n<p>1. CME/CBOT &ndash; Regular hours</p>\r\n\r\n<p>2. NYSE &ndash; Regular hours</p>\r\n\r\n<p>Electronic Trade</p>\r\n\r\n<p>1. CME Globex &ndash; Equity, interest rates, FX closed. Regular close</p>\r\n\r\n<p>2. ICE &ndash; US Calendar: https://bit.ly/2KXWq6u, EU Calendar: https://bit.ly/2wLNLzH</p>\r\n\r\n<p>3. Eurex &ndash; Closed for trading and clearing (exercise, settlement and cash) in all derivatives</p>\r\n\r\n<p>4. Euronext Derivatives - Closed</p>\r\n\r\n<p>Cash Index: -</p>\r\n\r\n<p>1. FTSE &ndash; Closed</p>\r\n\r\n<p>2. Euronext Cash &ndash; Closed</p>\r\n\r\n<p>3. DAX - Closed</p>\r\n\r\n<p>4. IBEX 35 - Closed</p>\r\n\r\n<p>5. FTSE MIB - Closed</p>\r\n\r\n<p>6. SMI &ndash; Closed</p>\r\n\r\n<p>7. Oslo Bors &ndash; Closed</p>\r\n\r\n<p>8. OMX 30 &ndash; Closed</p>\r\n\r\n<p>Asia-Pac</p>\r\n\r\n<p>Australia - Closed</p>\r\n\r\n<p>Japan &ndash; Regular Close</p>\r\n\r\n<p>Hong Kong - Closed</p>\r\n\r\n<p>27-28th December &ndash; Desk Closed</p>\r\n\r\n<p>Floor Trade&nbsp;</p>\r\n\r\n<p>1. CME/CBOT &ndash; Regular hours</p>\r\n\r\n<p>2. NYSE &ndash; Regular hours</p>\r\n\r\n<p>Electronic Trade</p>\r\n\r\n<p>1. CME Globex &ndash; Equities, Interest Rates, FX &ndash; Regular close</p>\r\n\r\n<p>2. ICE &ndash; Regular hours</p>\r\n\r\n<p>3. Eurex - Regular hours</p>\r\n\r\n<p>4. Euronext Derivatives - Regular hours</p>\r\n\r\n<p>Cash Index: -</p>\r\n\r\n<p>1. FTSE &ndash; Regular hours</p>\r\n\r\n<p>2. Euronext Cash &ndash; Regular hours</p>\r\n\r\n<p>3. DAX &ndash; Regular hours</p>\r\n\r\n<p>4. IBEX 35 &ndash; Regular hours</p>\r\n\r\n<p>5. FTSE MIB &ndash; Regular hours</p>\r\n\r\n<p>6. SMI &ndash; Regular hours</p>\r\n\r\n<p>7. Oslo Bors &ndash; Regular hours</p>\r\n\r\n<p>8. OMX 30 - Regular hours</p>\r\n\r\n<p>Australia &ndash; Regular Close</p>\r\n\r\n<p>Japan &ndash; Regular Close</p>\r\n\r\n<p>Hong Kong &ndash; Regular Close</p>\r\n\r\n<p>31st December (NYE)&ndash; Desk Close</p>\r\n\r\n<p>Floor Trade&nbsp;</p>\r\n\r\n<p>1. CME/CBOT &ndash; FX and Interest Rates close at 1800GMT/1200CST</p>\r\n\r\n<p>2. NYSE &ndash; Regular hours</p>\r\n\r\n<p>Electronic Trade</p>\r\n\r\n<p>1. CME Globex &ndash; Equities, Interest Rates, FX &ndash; Regular close</p>\r\n\r\n<p>2. ICE &ndash; 2. ICE &ndash; US Calendar: https://bit.ly/2KXWq6u, EU Calendar: https://bit.ly/2wLNLzH</p>\r\n\r\n<p>3. Eurex &ndash; Closed for trading in all derivatives</p>\r\n\r\n<p>4. Euronext Derivatives &ndash; Closes begin at 1255GMT/0655CST</p>\r\n\r\n<p>Cash Index: -</p>\r\n\r\n<p>1. FTSE &ndash; Close 1230GMT/0630CST onwards</p>\r\n\r\n<p>2. Euronext Cash &ndash; Closes begin at 1305GMT/0705CST</p>\r\n\r\n<p>3. DAX &ndash; Closed</p>\r\n\r\n<p>4. IBEX 35 &ndash; Close 1300GMT/0700CST</p>\r\n\r\n<p>5. FTSE MIB - Close 1230GMT/0630CST onwards</p>\r\n\r\n<p>6. SMI &ndash; Closed</p>\r\n\r\n<p>7. Oslo Bors &ndash; Closed</p>\r\n\r\n<p>8. OMX 30 &ndash; Closed</p>\r\n\r\n<p>Asia-Pac</p>\r\n\r\n<p>Australia &ndash; Close at 0310GMT/2110CST</p>\r\n\r\n<p>Japan - Closed</p>\r\n\r\n<p>Hong Kong &ndash; Regular Close</p>\r\n\r\n<p>1st January (NYD) &ndash; Desk Closed</p>\r\n\r\n<p>Floor Trade&nbsp;</p>\r\n\r\n<p>1. CME/CBOT - Closed</p>\r\n\r\n<p>2. NYSE &ndash; Closed</p>\r\n\r\n<p>Electronic Trade</p>\r\n\r\n<p>1. CME Globex &ndash; Equities, Interest Rates, FX &ndash; Closed</p>\r\n\r\n<p>2. ICE &ndash; Closed</p>\r\n\r\n<p>3. Eurex &ndash; Closed</p>\r\n\r\n<p>4. Euronext Derivatives - Closed</p>\r\n\r\n<p>Cash Index: -</p>\r\n\r\n<p>1. FTSE &ndash; Closed</p>\r\n\r\n<p>2. Euronext Cash &ndash; Closed</p>\r\n\r\n<p>3. DAX &ndash; Closed</p>\r\n\r\n<p>4. IBEX 35 - Closed</p>\r\n\r\n<p>5. FTSE MIB - Closed</p>\r\n\r\n<p>6. SMI &ndash; Closed</p>\r\n\r\n<p>7. Oslo Bors &ndash; Closed</p>\r\n\r\n<p>8. OMX 30 &ndash; Closed</p>\r\n\r\n<p>Asia-Pac</p>\r\n\r\n<p>Australia - Closed</p>\r\n\r\n<p>Japan - Closed</p>\r\n\r\n<p>Hong Kong - Closed</p>\r\n\r\n<p>2nd January (Wednesday) &ndash; Markets open. Desk will re-open at 0630GMT for the beginning of the European session &nbsp;</p>\r\n",
        "reaction_details": "",
        "reaction_updated_at": null,
        "analysis_details": "",
        "analysis_updated_at": null,
        "push_notify": false,
        "source": "RANsquawk",
        "slug": "ransquawk-christmas-period-opening-hours-13_00pm_utc_31-12-2018",
        "hidden": false,
        "section": {
            "id": 26,
            "name": "Newsquawk Update"
        },
        "important": true,
        "highlighted": true,
        "disclaimer": null,
        "rumour": false,
        "hk_time": "2019-01-01 21:00:00",
        "gmt_time": "2019-01-01 13:00:00"
    },
    {
        "id": 689809,
        "updated_sequence": 1114294,
        "published_at": {
            "unix": 1546336800,
            "text": "2019-01-01 10:00:00 +0000",
            "iso_8601": "2019-01-01T10:00:00Z"
        },
        "updated_at": {
            "unix": 1546336800,
            "text": "2019-01-01 10:00:00 +0000",
            "iso_8601": "2019-01-01T10:00:00Z"
        },
        "subject": "DESK CHRISTMAS PERIOD OPENING HOURS",
        "content": "<p>Business as usual up to&nbsp;1845GMT Monday 24th December 2018</p>\r\n\r\n<p>Closed for business 25th, 26th, 27th, 28th, 31st December 2018 and 1st&nbsp;January 2019</p>\r\n\r\n<p>Normal service will resume at 0630GMT on Wednesday&nbsp;2nd&nbsp;of January 2019 for the beginning of the EU Session</p>\r\n\r\n<p>Market closures and desk opening hours</p>\r\n\r\n<p>24th December - Business as usual up to&nbsp;1845GMT Monday 24th December 2018</p>\r\n\r\n<p>Floor Trade</p>\r\n\r\n<p>1. CME/CBOT &ndash;FX and Interest Rates close at 1800GMT/1200CST, Equities Futures and Options close at 1815GMT/1215CST</p>\r\n\r\n<p>2. NYSE &ndash; Early close at 1800GMT</p>\r\n\r\n<p>Electronic Trade</p>\r\n\r\n<p>1. CME &ndash; Equity, interest rates, FX close 1815GMT/1215CST, Energy closes at 1845GMT/1245CST</p>\r\n\r\n<p>2. ICE &ndash; US Calendar: https://bit.ly/2KXWq6u, EU Calendar: https://bit.ly/2wLNLzH</p>\r\n\r\n<p>3. Eurex &ndash; Closed for trading in all derivatives</p>\r\n\r\n<p>4. Euronext Derivatives &ndash; Closes begin at 1255GMT/0655CST</p>\r\n\r\n<p>Cash Index:</p>\r\n\r\n<p>1. FTSE &ndash; Close 1230GMT/0630CST onwards</p>\r\n\r\n<p>2. Euronext Cash &ndash; Closes begin at 1305GMT/0705CST</p>\r\n\r\n<p>3. DAX - Closed</p>\r\n\r\n<p>4. IBEX 35 &ndash; Close 1300GMT/0700CST</p>\r\n\r\n<p>5. FTSE MIB - Close 1230GMT/0630CST onwards</p>\r\n\r\n<p>6. SMI &ndash; Closed</p>\r\n\r\n<p>7. Oslo Bors &ndash; Closed</p>\r\n\r\n<p>8. OMX 30 &ndash; Closed</p>\r\n\r\n<p>Asia-Pac</p>\r\n\r\n<p>Australia &ndash; Close at 0310GMT/2110CST</p>\r\n\r\n<p>Japan &ndash; Closed for Emperors Birthday</p>\r\n\r\n<p>Hong Kong &ndash; Regular Hours</p>\r\n\r\n<p>25th December &ndash; Desk Closed</p>\r\n\r\n<p>Floor Trade&nbsp;</p>\r\n\r\n<p>1. CME/CBOT - Closed</p>\r\n\r\n<p>2. NYSE &ndash; Closed</p>\r\n\r\n<p>Electronic Trade</p>\r\n\r\n<p>1. CME Globex &ndash; Equity, interest rates, FX closed. Opens 2300GMT/1700CST</p>\r\n\r\n<p>2. ICE &ndash; Closed</p>\r\n\r\n<p>3. Eurex &ndash; Closed</p>\r\n\r\n<p>4. Euronext Derivatives - Closed</p>\r\n\r\n<p>Cash Index: -</p>\r\n\r\n<p>1. FTSE &ndash; Closed</p>\r\n\r\n<p>2. Euronext Cash &ndash; Closed</p>\r\n\r\n<p>3. DAX - Closed</p>\r\n\r\n<p>4. IBEX 35 - Closed</p>\r\n\r\n<p>5. FTSE MIB - Closed</p>\r\n\r\n<p>6. SMI &ndash; Closed</p>\r\n\r\n<p>7. Oslo Bors &ndash; Closed</p>\r\n\r\n<p>8. OMX 30 &ndash; Closed</p>\r\n\r\n<p>Asia-Pac</p>\r\n\r\n<p>Australia - Closed</p>\r\n\r\n<p>Japan &ndash; Regular Close</p>\r\n\r\n<p>Hong Kong - Closed</p>\r\n\r\n<p>26th December (Boxing Day) &ndash; Desk Closed</p>\r\n\r\n<p>Floor Trade &nbsp;</p>\r\n\r\n<p>1. CME/CBOT &ndash; Regular hours</p>\r\n\r\n<p>2. NYSE &ndash; Regular hours</p>\r\n\r\n<p>Electronic Trade</p>\r\n\r\n<p>1. CME Globex &ndash; Equity, interest rates, FX closed. Regular close</p>\r\n\r\n<p>2. ICE &ndash; US Calendar: https://bit.ly/2KXWq6u, EU Calendar: https://bit.ly/2wLNLzH</p>\r\n\r\n<p>3. Eurex &ndash; Closed for trading and clearing (exercise, settlement and cash) in all derivatives</p>\r\n\r\n<p>4. Euronext Derivatives - Closed</p>\r\n\r\n<p>Cash Index: -</p>\r\n\r\n<p>1. FTSE &ndash; Closed</p>\r\n\r\n<p>2. Euronext Cash &ndash; Closed</p>\r\n\r\n<p>3. DAX - Closed</p>\r\n\r\n<p>4. IBEX 35 - Closed</p>\r\n\r\n<p>5. FTSE MIB - Closed</p>\r\n\r\n<p>6. SMI &ndash; Closed</p>\r\n\r\n<p>7. Oslo Bors &ndash; Closed</p>\r\n\r\n<p>8. OMX 30 &ndash; Closed</p>\r\n\r\n<p>Asia-Pac</p>\r\n\r\n<p>Australia - Closed</p>\r\n\r\n<p>Japan &ndash; Regular Close</p>\r\n\r\n<p>Hong Kong - Closed</p>\r\n\r\n<p>27-28th December &ndash; Desk Closed</p>\r\n\r\n<p>Floor Trade&nbsp;</p>\r\n\r\n<p>1. CME/CBOT &ndash; Regular hours</p>\r\n\r\n<p>2. NYSE &ndash; Regular hours</p>\r\n\r\n<p>Electronic Trade</p>\r\n\r\n<p>1. CME Globex &ndash; Equities, Interest Rates, FX &ndash; Regular close</p>\r\n\r\n<p>2. ICE &ndash; Regular hours</p>\r\n\r\n<p>3. Eurex - Regular hours</p>\r\n\r\n<p>4. Euronext Derivatives - Regular hours</p>\r\n\r\n<p>Cash Index: -</p>\r\n\r\n<p>1. FTSE &ndash; Regular hours</p>\r\n\r\n<p>2. Euronext Cash &ndash; Regular hours</p>\r\n\r\n<p>3. DAX &ndash; Regular hours</p>\r\n\r\n<p>4. IBEX 35 &ndash; Regular hours</p>\r\n\r\n<p>5. FTSE MIB &ndash; Regular hours</p>\r\n\r\n<p>6. SMI &ndash; Regular hours</p>\r\n\r\n<p>7. Oslo Bors &ndash; Regular hours</p>\r\n\r\n<p>8. OMX 30 - Regular hours</p>\r\n\r\n<p>Australia &ndash; Regular Close</p>\r\n\r\n<p>Japan &ndash; Regular Close</p>\r\n\r\n<p>Hong Kong &ndash; Regular Close</p>\r\n\r\n<p>31st December (NYE)&ndash; Desk Close</p>\r\n\r\n<p>Floor Trade&nbsp;</p>\r\n\r\n<p>1. CME/CBOT &ndash; FX and Interest Rates close at 1800GMT/1200CST</p>\r\n\r\n<p>2. NYSE &ndash; Regular hours</p>\r\n\r\n<p>Electronic Trade</p>\r\n\r\n<p>1. CME Globex &ndash; Equities, Interest Rates, FX &ndash; Regular close</p>\r\n\r\n<p>2. ICE &ndash; 2. ICE &ndash; US Calendar: https://bit.ly/2KXWq6u, EU Calendar: https://bit.ly/2wLNLzH</p>\r\n\r\n<p>3. Eurex &ndash; Closed for trading in all derivatives</p>\r\n\r\n<p>4. Euronext Derivatives &ndash; Closes begin at 1255GMT/0655CST</p>\r\n\r\n<p>Cash Index: -</p>\r\n\r\n<p>1. FTSE &ndash; Close 1230GMT/0630CST onwards</p>\r\n\r\n<p>2. Euronext Cash &ndash; Closes begin at 1305GMT/0705CST</p>\r\n\r\n<p>3. DAX &ndash; Closed</p>\r\n\r\n<p>4. IBEX 35 &ndash; Close 1300GMT/0700CST</p>\r\n\r\n<p>5. FTSE MIB - Close 1230GMT/0630CST onwards</p>\r\n\r\n<p>6. SMI &ndash; Closed</p>\r\n\r\n<p>7. Oslo Bors &ndash; Closed</p>\r\n\r\n<p>8. OMX 30 &ndash; Closed</p>\r\n\r\n<p>Asia-Pac</p>\r\n\r\n<p>Australia &ndash; Close at 0310GMT/2110CST</p>\r\n\r\n<p>Japan - Closed</p>\r\n\r\n<p>Hong Kong &ndash; Regular Close</p>\r\n\r\n<p>1st January (NYD) &ndash; Desk Closed</p>\r\n\r\n<p>Floor Trade&nbsp;</p>\r\n\r\n<p>1. CME/CBOT - Closed</p>\r\n\r\n<p>2. NYSE &ndash; Closed</p>\r\n\r\n<p>Electronic Trade</p>\r\n\r\n<p>1. CME Globex &ndash; Equities, Interest Rates, FX &ndash; Closed</p>\r\n\r\n<p>2. ICE &ndash; Closed</p>\r\n\r\n<p>3. Eurex &ndash; Closed</p>\r\n\r\n<p>4. Euronext Derivatives - Closed</p>\r\n\r\n<p>Cash Index: -</p>\r\n\r\n<p>1. FTSE &ndash; Closed</p>\r\n\r\n<p>2. Euronext Cash &ndash; Closed</p>\r\n\r\n<p>3. DAX &ndash; Closed</p>\r\n\r\n<p>4. IBEX 35 - Closed</p>\r\n\r\n<p>5. FTSE MIB - Closed</p>\r\n\r\n<p>6. SMI &ndash; Closed</p>\r\n\r\n<p>7. Oslo Bors &ndash; Closed</p>\r\n\r\n<p>8. OMX 30 &ndash; Closed</p>\r\n\r\n<p>Asia-Pac</p>\r\n\r\n<p>Australia - Closed</p>\r\n\r\n<p>Japan - Closed</p>\r\n\r\n<p>Hong Kong - Closed</p>\r\n\r\n<p>2nd January (Wednesday) &ndash; Markets open. Desk will re-open at 0630GMT for the beginning of the European session &nbsp;</p>\r\n",
        "reaction_details": "",
        "reaction_updated_at": null,
        "analysis_details": "",
        "analysis_updated_at": null,
        "push_notify": false,
        "source": "RANsquawk",
        "slug": "desk-christmas-period-opening-hours-31-12-2018",
        "hidden": false,
        "section": {
            "id": 26,
            "name": "Newsquawk Update"
        },
        "important": true,
        "highlighted": true,
        "disclaimer": null,
        "rumour": false,
        "hk_time": "2019-01-01 18:00:00",
        "gmt_time": "2019-01-01 10:00:00"
    },
    {
        "id": 689806,
        "updated_sequence": 1114289,
        "published_at": {
            "unix": 1546333200,
            "text": "2019-01-01 09:00:00 +0000",
            "iso_8601": "2019-01-01T09:00:00Z"
        },
        "updated_at": {
            "unix": 1546333200,
            "text": "2019-01-01 09:00:00 +0000",
            "iso_8601": "2019-01-01T09:00:00Z"
        },
        "subject": "ASIA-PAC SERVICE HAS NOW FINISHED, PLEASE REVERT BACK TO YOUR ORIGINAL CHANNEL FOR COVERAGE ON THE UK & EUROPEAN SESSION",
        "content": "",
        "reaction_details": "",
        "reaction_updated_at": null,
        "analysis_details": "",
        "analysis_updated_at": null,
        "push_notify": false,
        "source": "RANsquawk",
        "slug": "asia-pac-service-has-now-finished-please-revert-back-to-your-original-channel-for-coverage-on-the-uk-european-session-31-12-2018",
        "hidden": false,
        "section": {
            "id": 36,
            "name": "Asian News"
        },
        "important": false,
        "highlighted": true,
        "disclaimer": null,
        "rumour": false,
        "hk_time": "2019-01-01 17:00:00",
        "gmt_time": "2019-01-01 09:00:00"
    },
    {
        "id": 689804,
        "updated_sequence": 1114284,
        "published_at": {
            "unix": 1546325100,
            "text": "2019-01-01 06:45:00 +0000",
            "iso_8601": "2019-01-01T06:45:00Z"
        },
        "updated_at": {
            "unix": 1546325100,
            "text": "2019-01-01 06:45:00 +0000",
            "iso_8601": "2019-01-01T06:45:00Z"
        },
        "subject": "RANSQUAWK CHRISTMAS PERIOD OPENING HOURS",
        "content": "<p>Business as usual up to&nbsp;1845GMT Monday 24th December 2018</p>\r\n\r\n<p>Closed for business 25th, 26th, 27th, 28th, 31st December 2018 and 2nd January 2019</p>\r\n\r\n<p>Normal service will resume at 0630GMT on Wednesday&nbsp;2nd&nbsp;of January 2019 for the beginning of the EU Session</p>\r\n\r\n<p>Market closures and desk opening hours</p>\r\n\r\n<p>24th December - Business as usual up to&nbsp;1845GMT Monday 24th December 2018</p>\r\n\r\n<p>Floor Trade</p>\r\n\r\n<p>1. CME/CBOT &ndash;FX and Interest Rates close at 1800GMT/1200CST, Equities Futures and Options close at 1815GMT/1215CST</p>\r\n\r\n<p>2. NYSE &ndash; Early close at 1800GMT</p>\r\n\r\n<p>Electronic Trade</p>\r\n\r\n<p>1. CME &ndash; Equity, interest rates, FX close 1815GMT/1215CST, Energy closes at 1845GMT/1245CST</p>\r\n\r\n<p>2. ICE &ndash; US Calendar: https://bit.ly/2KXWq6u, EU Calendar: https://bit.ly/2wLNLzH</p>\r\n\r\n<p>3. Eurex &ndash; Closed for trading in all derivatives</p>\r\n\r\n<p>4. Euronext Derivatives &ndash; Closes begin at 1255GMT/0655CST</p>\r\n\r\n<p>Cash Index:</p>\r\n\r\n<p>1. FTSE &ndash; Close 1230GMT/0630CST onwards</p>\r\n\r\n<p>2. Euronext Cash &ndash; Closes begin at 1305GMT/0705CST</p>\r\n\r\n<p>3. DAX - Closed</p>\r\n\r\n<p>4. IBEX 35 &ndash; Close 1300GMT/0700CST</p>\r\n\r\n<p>5. FTSE MIB - Close 1230GMT/0630CST onwards</p>\r\n\r\n<p>6. SMI &ndash; Closed</p>\r\n\r\n<p>7. Oslo Bors &ndash; Closed</p>\r\n\r\n<p>8. OMX 30 &ndash; Closed</p>\r\n\r\n<p>Asia-Pac</p>\r\n\r\n<p>Australia &ndash; Close at 0310GMT/2110CST</p>\r\n\r\n<p>Japan &ndash; Closed for Emperors Birthday</p>\r\n\r\n<p>Hong Kong &ndash; Regular Hours</p>\r\n\r\n<p>25th December &ndash; Desk Closed</p>\r\n\r\n<p>Floor Trade&nbsp;</p>\r\n\r\n<p>1. CME/CBOT - Closed</p>\r\n\r\n<p>2. NYSE &ndash; Closed</p>\r\n\r\n<p>Electronic Trade</p>\r\n\r\n<p>1. CME Globex &ndash; Equity, interest rates, FX closed. Opens 2300GMT/1700CST</p>\r\n\r\n<p>2. ICE &ndash; Closed</p>\r\n\r\n<p>3. Eurex &ndash; Closed</p>\r\n\r\n<p>4. Euronext Derivatives - Closed</p>\r\n\r\n<p>Cash Index: -</p>\r\n\r\n<p>1. FTSE &ndash; Closed</p>\r\n\r\n<p>2. Euronext Cash &ndash; Closed</p>\r\n\r\n<p>3. DAX - Closed</p>\r\n\r\n<p>4. IBEX 35 - Closed</p>\r\n\r\n<p>5. FTSE MIB - Closed</p>\r\n\r\n<p>6. SMI &ndash; Closed</p>\r\n\r\n<p>7. Oslo Bors &ndash; Closed</p>\r\n\r\n<p>8. OMX 30 &ndash; Closed</p>\r\n\r\n<p>Asia-Pac</p>\r\n\r\n<p>Australia - Closed</p>\r\n\r\n<p>Japan &ndash; Regular Close</p>\r\n\r\n<p>Hong Kong - Closed</p>\r\n\r\n<p>26th December (Boxing Day) &ndash; Desk Closed</p>\r\n\r\n<p>Floor Trade &nbsp;</p>\r\n\r\n<p>1. CME/CBOT &ndash; Regular hours</p>\r\n\r\n<p>2. NYSE &ndash; Regular hours</p>\r\n\r\n<p>Electronic Trade</p>\r\n\r\n<p>1. CME Globex &ndash; Equity, interest rates, FX closed. Regular close</p>\r\n\r\n<p>2. ICE &ndash; US Calendar: https://bit.ly/2KXWq6u, EU Calendar: https://bit.ly/2wLNLzH</p>\r\n\r\n<p>3. Eurex &ndash; Closed for trading and clearing (exercise, settlement and cash) in all derivatives</p>\r\n\r\n<p>4. Euronext Derivatives - Closed</p>\r\n\r\n<p>Cash Index: -</p>\r\n\r\n<p>1. FTSE &ndash; Closed</p>\r\n\r\n<p>2. Euronext Cash &ndash; Closed</p>\r\n\r\n<p>3. DAX - Closed</p>\r\n\r\n<p>4. IBEX 35 - Closed</p>\r\n\r\n<p>5. FTSE MIB - Closed</p>\r\n\r\n<p>6. SMI &ndash; Closed</p>\r\n\r\n<p>7. Oslo Bors &ndash; Closed</p>\r\n\r\n<p>8. OMX 30 &ndash; Closed</p>\r\n\r\n<p>Asia-Pac</p>\r\n\r\n<p>Australia - Closed</p>\r\n\r\n<p>Japan &ndash; Regular Close</p>\r\n\r\n<p>Hong Kong - Closed</p>\r\n\r\n<p>27-28th December &ndash; Desk Closed</p>\r\n\r\n<p>Floor Trade&nbsp;</p>\r\n\r\n<p>1. CME/CBOT &ndash; Regular hours</p>\r\n\r\n<p>2. NYSE &ndash; Regular hours</p>\r\n\r\n<p>Electronic Trade</p>\r\n\r\n<p>1. CME Globex &ndash; Equities, Interest Rates, FX &ndash; Regular close</p>\r\n\r\n<p>2. ICE &ndash; Regular hours</p>\r\n\r\n<p>3. Eurex - Regular hours</p>\r\n\r\n<p>4. Euronext Derivatives - Regular hours</p>\r\n\r\n<p>Cash Index: -</p>\r\n\r\n<p>1. FTSE &ndash; Regular hours</p>\r\n\r\n<p>2. Euronext Cash &ndash; Regular hours</p>\r\n\r\n<p>3. DAX &ndash; Regular hours</p>\r\n\r\n<p>4. IBEX 35 &ndash; Regular hours</p>\r\n\r\n<p>5. FTSE MIB &ndash; Regular hours</p>\r\n\r\n<p>6. SMI &ndash; Regular hours</p>\r\n\r\n<p>7. Oslo Bors &ndash; Regular hours</p>\r\n\r\n<p>8. OMX 30 - Regular hours</p>\r\n\r\n<p>Australia &ndash; Regular Close</p>\r\n\r\n<p>Japan &ndash; Regular Close</p>\r\n\r\n<p>Hong Kong &ndash; Regular Close</p>\r\n\r\n<p>31st December (NYE)&ndash; Desk Close</p>\r\n\r\n<p>Floor Trade&nbsp;</p>\r\n\r\n<p>1. CME/CBOT &ndash; FX and Interest Rates close at 1800GMT/1200CST</p>\r\n\r\n<p>2. NYSE &ndash; Regular hours</p>\r\n\r\n<p>Electronic Trade</p>\r\n\r\n<p>1. CME Globex &ndash; Equities, Interest Rates, FX &ndash; Regular close</p>\r\n\r\n<p>2. ICE &ndash; 2. ICE &ndash; US Calendar: https://bit.ly/2KXWq6u, EU Calendar: https://bit.ly/2wLNLzH</p>\r\n\r\n<p>3. Eurex &ndash; Closed for trading in all derivatives</p>\r\n\r\n<p>4. Euronext Derivatives &ndash; Closes begin at 1255GMT/0655CST</p>\r\n\r\n<p>Cash Index: -</p>\r\n\r\n<p>1. FTSE &ndash; Close 1230GMT/0630CST onwards</p>\r\n\r\n<p>2. Euronext Cash &ndash; Closes begin at 1305GMT/0705CST</p>\r\n\r\n<p>3. DAX &ndash; Closed</p>\r\n\r\n<p>4. IBEX 35 &ndash; Close 1300GMT/0700CST</p>\r\n\r\n<p>5. FTSE MIB - Close 1230GMT/0630CST onwards</p>\r\n\r\n<p>6. SMI &ndash; Closed</p>\r\n\r\n<p>7. Oslo Bors &ndash; Closed</p>\r\n\r\n<p>8. OMX 30 &ndash; Closed</p>\r\n\r\n<p>Asia-Pac</p>\r\n\r\n<p>Australia &ndash; Close at 0310GMT/2110CST</p>\r\n\r\n<p>Japan - Closed</p>\r\n\r\n<p>Hong Kong &ndash; Regular Close</p>\r\n\r\n<p>1st January (NYD) &ndash; Desk Closed</p>\r\n\r\n<p>Floor Trade&nbsp;</p>\r\n\r\n<p>1. CME/CBOT - Closed</p>\r\n\r\n<p>2. NYSE &ndash; Closed</p>\r\n\r\n<p>Electronic Trade</p>\r\n\r\n<p>1. CME Globex &ndash; Equities, Interest Rates, FX &ndash; Closed</p>\r\n\r\n<p>2. ICE &ndash; Closed</p>\r\n\r\n<p>3. Eurex &ndash; Closed</p>\r\n\r\n<p>4. Euronext Derivatives - Closed</p>\r\n\r\n<p>Cash Index: -</p>\r\n\r\n<p>1. FTSE &ndash; Closed</p>\r\n\r\n<p>2. Euronext Cash &ndash; Closed</p>\r\n\r\n<p>3. DAX &ndash; Closed</p>\r\n\r\n<p>4. IBEX 35 - Closed</p>\r\n\r\n<p>5. FTSE MIB - Closed</p>\r\n\r\n<p>6. SMI &ndash; Closed</p>\r\n\r\n<p>7. Oslo Bors &ndash; Closed</p>\r\n\r\n<p>8. OMX 30 &ndash; Closed</p>\r\n\r\n<p>Asia-Pac</p>\r\n\r\n<p>Australia - Closed</p>\r\n\r\n<p>Japan - Closed</p>\r\n\r\n<p>Hong Kong - Closed</p>\r\n\r\n<p>2nd January (Wednesday) &ndash; Markets open. Desk will re-open at 0630GMT for the beginning of the European session &nbsp;</p>\r\n",
        "reaction_details": "",
        "reaction_updated_at": null,
        "analysis_details": "",
        "analysis_updated_at": null,
        "push_notify": false,
        "source": "RANsquawk",
        "slug": "ransquawk-christmas-period-opening-hours-31-12-2018",
        "hidden": false,
        "section": {
            "id": 26,
            "name": "Newsquawk Update"
        },
        "important": true,
        "highlighted": true,
        "disclaimer": null,
        "rumour": false,
        "hk_time": "2019-01-01 14:45:00",
        "gmt_time": "2019-01-01 06:45:00"
    }
]