"gmt_time","hk_time","subject"
"2019-05-30 23:53:00","2019-05-31 07:53:00","Mexico Deputy Foreign Minister Seade says it would be disastrous if Trump's threat to impose tariffs is carried out, adds we would respond strongly if tariffs are carried out"
"2019-05-30 23:50:00","2019-05-31 07:50:00","Japanese Loans & Discounts Corp (Apr) Y/Y 3.8% (Prev. 3.6%)"
"2019-05-30 23:50:00","2019-05-31 07:50:00","Japanese Industrial Production (Apr P) Y/Y -1.1% vs. Exp. -1.4% (Prev. -4.3%)"
"2019-05-30 23:50:00","2019-05-31 07:50:00","Japanese Large Retailer Sales (Apr)  -1.8% vs. Exp. -0.9% (Prev. 0.6%, Rev. 0.5%)"
"2019-05-30 23:50:00","2019-05-31 07:50:00","Japanese Retail Sales (Apr) M/M 0.0% vs. Exp.	0.6% (Prev. 0.2%)"
"2019-05-30 23:45:00","2019-05-31 07:45:00","US President Trump says will begin raising tariffs on Mexico beyond 5% on July 1st and will continue until it reaches 25% on October 1st, where they will remain unless and until Mexico significantly stops illegal inflow of aliens through its territory"
"2019-05-30 23:42:00","2019-05-31 07:42:00","PRE-MARKET AUSTRALIAN, JAPANESE AND SOUTH KOREAN STOCK NEWS: CPH Crown Holdings entered an agreement to sell a 19.99% stake in Crown resorts (CWN AT) to Melco "
"2019-05-30 23:32:00","2019-05-31 07:32:00","US President announces a 5% tariff on all goods coming from Mexico beginning June 10th until illegal immigrants coming through Mexico to the US stop, adds tariff will gradually increase until illegal immigration problem is remedied"
"2019-05-30 23:30:00","2019-05-31 07:30:00","Japanese Tokyo CPI Ex. Fresh Food (May) Y/Y 1.1% vs. Exp. 1.2% (Prev. 1.3%)"
"2019-05-30 23:30:00","2019-05-31 07:30:00","Japanese Tokyo CPI Ex. fresh Food & Energy (May) Y/Y 0.8% vs. Exp. 1.0% (Prev. 0.9%)"
"2019-05-30 23:30:00","2019-05-31 07:30:00","Japanese Tokyo CPI (May) Y/Y 1.1% vs. Exp. 1.2%	(Prev. 1.4%)"
"2019-05-30 23:15:00","2019-05-31 07:15:00","South Korean Construction Output (Apr) Y/Y -5.6% (Prev. -2.9%)"
"2019-05-30 23:15:00","2019-05-31 07:15:00","Gulf Cooperation Council countries call on Iran respect international law and stop interfering in other countries' internal affairs, while they also call on Iran to stop funding militias and terrorist organizations"
"2019-05-30 23:08:00","2019-05-31 07:08:00","South Korean Manufacturing Output (Apr) Y/Y	-0.2% (Prev. -2.9%)"
"2019-05-30 23:08:00","2019-05-31 07:08:00","South Korean Retail Sales (Apr) Y/Y 1.4% (Prev. 2.4%)"
"2019-05-30 23:06:00","2019-05-31 07:06:00","US President Trump is said to threaten limiting intelligence sharing with UK related to Huawei issue, according to FT"
"2019-05-30 23:03:00","2019-05-31 07:03:00","OPEC oil output in May declined 60K bpd from April to 30.17mln bpd which was the lowest since 2015, while compliance to supply cut deal was at 96% vs. Prev. 132% M/M, according to Reuters survey"
"2019-05-30 23:01:00","2019-05-31 07:01:00","UK Lloyds Business Barometer (May) 10 (Prev. 14)"
"2019-05-30 23:01:00","2019-05-31 07:01:00","South Korean Retail Sales (Apr) M/M	-1.2% (Prev. 3.3%)"
"2019-05-30 22:48:00","2019-05-31 06:48:00","Amazon (AMZN) is said to be interested from buying Boost Mobile from Sprint (S) and T-Mobile (TMUS)"
"2019-05-30 22:46:00","2019-05-31 06:46:00","US Special Envoy for Iran says any countries purchasing Iranian crude oil after expiration of waivers will be subject to sanctions"
"2019-05-30 22:41:00","2019-05-31 06:41:00","Iraq's President says regional crisis may lead to war if not addressed properly"
"2019-05-30 22:16:00","2019-05-31 06:16:00","Saudi Arabia King says Arab emergency meeting will discuss exceptional challenges to Arab, regional and international security, while he calls on Arab leaders for a decisive stance against Iran actions"
"2019-05-30 22:15:00","2019-05-31 06:15:00","PG&E (PCG) creditors to increase restructuring plan to USD 45bln from USD 35bln"
"2019-05-30 22:00:00","2019-05-31 06:00:00","New Zealand ANZ Consumer Confidence Index (May) 119.3 (Prev. 123.2)"
"2019-05-30 21:52:00","2019-05-31 05:52:00","US Secretary of State Pompeo says attacks on oil tankers in the Gulf was an effort by Iranians to raise global crude prices"
"2019-05-30 21:44:00","2019-05-31 05:44:00","ASIAN DAILY ECONOMIC RELEASES CALENDAR NOW AVAILABLE IN THE RESEARCH SECTION: Highlights include Australia Private Sector Credit, BoK Rate Decision, Tokyo CPI and Chinese PMIs"
"2019-05-30 21:38:00","2019-05-31 05:38:00","DAILY ASIA-PAC OPENING NEWS"
"2019-05-30 21:31:00","2019-05-31 05:31:00","US VP Pence confirms President Trump will take action on the southwest border in approaching days but declines to comment if it will involve tariffs on Mexico"
"2019-05-30 21:24:00","2019-05-31 05:24:00","USTR Lightizer tells congress they are submitting draft statement of administrative action to implement USMCA deal"
"2019-05-30 21:03:00","2019-05-31 05:03:00","US President Trump is reportedly preparing to threaten Mexico with new tariffs in an effort to force them to crack down on Central American migrants, although some White House aides are trying to talk him out of it, according to Washington Post"
"2019-05-30 21:00:00","2019-05-31 05:00:00","ASIA-PAC SERVICE IS NOW LIVE FOR TODAY'S SESSION"
"2019-05-30 20:55:00","2019-05-31 04:55:00","US House Speaker Pelosi says Trump decision to expedite USMCA process is not a positive step"
"2019-05-30 20:43:00","2019-05-31 04:43:00","US President Trump administration is expected to submit statement of administrative action to congress related to USMCA soon in an effort to speed up the vote"
"2019-05-30 20:26:00","2019-05-31 04:26:00","Dell Technologies Inc (DELL) Q1 19 (USD): EPS 1.45 (exp. 1.21), Revenue 21.9bln (exp. 22.25bln)"
"2019-05-30 20:24:00","2019-05-31 04:24:00","Saudi King MBS says Iran's nuclear and ballistic missiles are a threat to global security"
"2019-05-30 20:19:00","2019-05-31 04:19:00","VMware Inc (VMW) Q1 19 (USD): EPS 1.32 (exp. 1.28), Revenue 2.27bln (exp. 2.24bln). Authorises a USD 1.5bln share repurchase programme"
"2019-05-30 20:16:00","2019-05-31 04:16:00","Costco Wholesale Corp (COST) Q1 19 (USD): EPS 2.05 (exp. 1.82), Revenue 34.7bln (exp. 34.67bln)"
"2019-05-30 20:06:00","2019-05-31 04:06:00","Uber Technologies (UBER) Q1 19 (USD) -2.26 (exp. -2.39); 3.10bln (exp. 3.07bln) "
"2019-05-30 20:03:00","2019-05-31 04:03:00","Ulta Beauty Inc (ULTA) Q1 19 (USD): EPS 3.26 (exp. 3.07), Revenue 1.74bln (exp. 1.75bln). FY19 EPS view above expected 12.80"
"2019-05-30 20:03:00","2019-05-31 04:03:00","US MARKET WRAP – 30th MAY 2019: Stocks come off highs as sentiment sours in US trade"
"2019-05-30 19:53:00","2019-05-31 03:53:00","BOC's Wilkins says there are upside and downside risks to the banks 1.2% forecast for growth in 2019; trade tensions could ease, becoming an upside risk"
"2019-05-30 19:50:00","2019-05-31 03:50:00","SPX MOC 200mln to buy (vs 300mln to buy at 15.49EDT)"
"2019-05-30 19:49:00","2019-05-31 03:49:00","US President Trump is to trigger the process that could accelerate the congressional vote on the USMCA, in direct opposition to House Speaker Pelosi"
"2019-05-30 19:40:00","2019-05-31 03:40:00","Six IEDs went off in the Iraqi, oil-rich, city of Kirkuk, according to a military statement"
"2019-05-30 19:17:00","2019-05-31 03:17:00","Reported buyout chatter for Nielsen (NLSN), with Advent reportedly dropping its bidding interest, according to FT's Dealreporter"
"2019-05-30 19:07:00","2019-05-31 03:07:00","US VP Pence says US can more than double tariffs on China if needed"
"2019-05-30 19:06:00","2019-05-31 03:06:00","BOC's Wilkins says the Federal debt to GDP ratio looks pretty stable"
"2019-05-30 19:00:00","2019-05-31 03:00:00","US T-Note futures (M9) settled 2 ticks higher at 125-22 "
"2019-05-30 19:00:00","2019-05-31 03:00:00","US T-Note futures (M9) settled 2 ticks higher at 125-22 "
"2019-05-30 18:55:00","2019-05-31 02:55:00","UPS's (UPS) CEO says the company is looking at the possibility of starting Sunday delivery "
"2019-05-30 18:51:00","2019-05-31 02:51:00","Hasbro's (HAS) CEO says he believes the Disney (DIS) partnership will be extended"
"2019-05-30 18:47:00","2019-05-31 02:47:00","US VP Pence says US President Trump will probably meet with Xi at the G20 and will urge him to release the Canadian detainees "
"2019-05-30 18:42:00","2019-05-31 02:42:00","US VP Pence says US sees Huawei as incompatible with its security needs; US is working to promote alternatives"
"2019-05-30 18:33:00","2019-05-31 02:33:00","WTI (N9) futures settle USD 2.22 lower at USD 56.59/bbl; Brent (N9) futures settle USD 2.58 lower at USD 56.87/BBL"
"2019-05-30 18:30:00","2019-05-31 02:30:00","Canadian PM Trudeau is seeking a good resolution with the US over lumber exports"
"2019-05-30 18:26:00","2019-05-31 02:26:00","Canada PM Trudeau and US VP Pence call for the release of 2 detained Canadian citizens in China, following ""wrongful detention""; says actions are damaging to China's reputation"
"2019-05-30 18:24:00","2019-05-31 02:24:00","General Electric (GE) CEO says they will consider M&A after stabilizing and strengthening the company"
"2019-05-30 18:22:00","2019-05-31 02:22:00","Italy's 5 Star Movement Members have voted in favour of Deputy PM Di Maio to continue as leader, who won 80% of the votes in the internal ballot"
"2019-05-30 18:19:00","2019-05-31 02:19:00","BoC's Wilkins reiterates the degree of accommodation provided by current monetary policy remains appropriate; expects Canadian business investment to expand gradually, by firms outside oil and gas"
"2019-05-30 18:09:00","2019-05-31 02:09:00","General Electric's (GE) CEO affirms that Q2 will remain a challenging quarter with negative cash flow"
"2019-05-30 18:00:00","2019-05-31 02:00:00","PG&E (PCG) - California Public Utilities Commission have unanimously approved PG&E's wildfire mitigation plan"
"2019-05-30 17:48:00","2019-05-31 01:48:00","T-Mobile (TMUS) and Sprint (S) are considering divesting airwaves to get the merger approved"
"2019-05-30 17:23:00","2019-05-31 01:23:00","US State Department spokesperson Ortagus says US policy is for all countries to go to zero Iran oil imports"
"2019-05-30 16:45:00","2019-05-31 00:45:00","CNBC’s Najarian notes unusual call activity in Snap Inc (SNAP) "
"2019-05-30 16:45:00","2019-05-31 00:45:00","Fed's Quarles (voter) says financial stability risks must be incoroporated into monpol decision making, says current financial stability risks are not elevated; accommodative policy can increase financial stability risks"
"2019-05-30 16:44:00","2019-05-31 00:44:00","CNBC's Najarian notes unusual option activity in Advanced Micro Devices (AMD)"
"2019-05-30 16:38:00","2019-05-31 00:38:00","Pinterest (PINS) have launched their app in the Windows Microsoft store"
"2019-05-30 16:32:00","2019-05-31 00:32:00","Mantle Ridge LP is mulling an offer to acquire Aramark (ARMK), according to sources"
"2019-05-30 16:16:00","2019-05-31 00:16:00","China Global Times Editor says some people still do not believe that China will restrict rare-earth exports due to the self-harm it will cause; says they don't understand China including how information disclosure works"
"2019-05-30 16:07:00","2019-05-31 00:07:00","Trump administration is reportedly actively discussing what could be the largest public offering in history to recapitalise Fannie May and Freddie Mac, according to CNBC's Charles Gasparino"
"2019-05-30 16:06:00","2019-05-31 00:06:00","US VP Pence says US making energetic efforts to pass the USMCA in Congress this summer"
"2019-05-30 16:00:00","2019-05-31 00:00:00","Fed's Clarida (voter, neutral) says US economy is in a good place, Fed close to achieving dual mandate; if inflation shortfall becomes persistent, Fed would take that into account; Fed prepared to adjust balance sheet normalisation if conditions warrant"
"2019-05-30 15:51:00","2019-05-30 23:51:00","Host Hotels (HST) will sell three properties in Brazil, after occupancy rates dropped post-Olympic games"
"2019-05-30 15:43:00","2019-05-30 23:43:00","US Sponsored Economic Conference in Bahrain, which is set for 25-26 as part of Trump's Middle East peace plan rollout, will go ahead as planned"
"2019-05-30 15:38:00","2019-05-30 23:38:00","Chile's Coldelco says it produced 342,000 tonnes of copper in Q1"
"2019-05-30 15:34:00","2019-05-30 23:34:00","Italian Economy Minister Tria says the 2019 deficit will be below the official 2.4% GDP target; change on fiscal rules in Europe is needed"
"2019-05-30 15:30:00","2019-05-30 23:30:00","EUROPEAN PRELIMINARY CASH CLOSE: EURO STOXX 50 (0.6%) at 3317, FTSE 100 (0.5%) at 7221, DAX (0.5%) at 11902, CAC 40 (0.5%) at 5248, IBEX 35 (0.8%) at 9157, FTSE Italian MIB (-0.4%) at 19929, SMI (-1.4%) at 9542"
"2019-05-30 15:16:00","2019-05-30 23:16:00","US President Trump and UK PM May to discuss Huawei in their talks next week"
"2019-05-30 15:13:00","2019-05-30 23:13:00","Italy Economy Minsiter Tria says a strong slowdown lead to debt increase in 2018"
"2019-05-30 15:10:00","2019-05-30 23:10:00","Gannett (GCI) is in merger talks with Gatehouse Media, according to WSJ"
"2019-05-30 15:10:00","2019-05-30 23:10:00","Goldman Sachs Q2 GDP tracking estimate down by two tenths to +1.1% (qoq ar) after today's data"
"2019-05-30 15:01:00","2019-05-30 23:01:00","Activist Investor Carl Ichan has reportedly filed complaints asking for Occidental Petroleum (OXY) to produce records "
"2019-05-30 14:57:00","2019-05-30 22:57:00","Workers at Vale's (VALE) Córrego do Feijão mine reportedly warned of its dam collapse, according to WSJ"
"2019-05-30 14:47:00","2019-05-30 22:47:00","Italian Economy Minister Tria states that there is no need for additional measures to cut the deficit"
"2019-05-30 14:46:00","2019-05-30 22:46:00","Russia has reportedly rejected Iran's S-400 missile request, amidst ongoing Gulf tensions"
"2019-05-30 14:40:00","2019-05-30 22:40:00","FX Wrap: Dollar eyes PCE and month-end whilst Turkish delight keeps Lira in the limelight"
"2019-05-30 14:12:00","2019-05-30 22:12:00","Dow Inc (DOW) CEO sees a possible polyethylene price inflection in Q2; pricing pressures are being affected by trade disputes, CEO says"
"2019-05-30 14:08:00","2019-05-30 22:08:00","Fixed Income Update: Roman rumblings of coalition tension pressures BTPs"
"2019-05-30 14:02:00","2019-05-30 22:02:00","Banxico Minutes state that monetary policy will be adjusted in a opportune and firm manner in order to attain the 3% inflation target"
"2019-05-30 13:45:00","2019-05-30 21:45:00","Mexican President Obrador states that we are not currently planning on any additional measures for Pemex in addition to those which have been announced"
"2019-05-30 13:45:00","2019-05-30 21:45:00","Italian Deputy PM Salvini says he hopes his coalition partner Di Maio remains as 5-Star Chief, otherwise the two parties ""have no time to waste"", adding that the League's tax cut agenda should please markets and the aim is to have it ready by Autumn "
"2019-05-30 13:44:00","2019-05-30 21:44:00","United Continental (UAL) CEO says he still sees Boeing's (BA) 737 Max aircraft as likely to return within a couple of months "
"2019-05-30 13:42:00","2019-05-30 21:42:00","US Special Envoy Hook states the US will sanction any efforts to import Iranian Crude oil beyond the gap that was previously agreed to, and that there will be no additional waivers granted"
"2019-05-30 13:38:00","2019-05-30 21:38:00","CBS (CBS) board members are preparing for upcoming talks with Viacom (VIAB) to begin June"
"2019-05-30 13:37:00","2019-05-30 21:37:00","US National Security Advisor Bolton states that regarding Iran the threat is not over, and the quick response and deployment of US assets served to deter Iran"
"2019-05-30 13:34:00","2019-05-30 21:34:00","US Movers: Dollar Tree (DLTR) +3.1%, Intel (INTC) +1.7%, Verizon (VZ) -1.7%, Kraft Heinz (KHC) -1.6%, Micron Technology (MU) +3%"
"2019-05-30 13:31:00","2019-05-30 21:31:00","Italy Deputy PM Salvini states the government will reply to the EU's warning letter on their debt, citing data which will avoid a disciplinary procedure"
"2019-05-30 13:26:00","2019-05-30 21:26:00","US Special Envoy for Iran Hook states that if we are attacked by Iran we have promised that we will respond in force, and they have positioned military assets within the region"
"2019-05-30 13:26:00","2019-05-30 21:26:00","US Special Envoy for Iran Hook states that if we are attacked by Iran we have promised that we will respond in force, and they have positioned military assets within the region"
"2019-05-30 13:22:00","2019-05-30 21:22:00","Russia Foreign Ministry says the allegations that it is carrying out nuclear testing is a crude provocation; says Russia is not violating the comprehensive nuclear test ban treaty"
"2019-05-30 13:15:00","2019-05-30 21:15:00","Irish Foreign Minister Coveney says the EU is very clear the WAB is not up for renegotiating, but it does't mean the package can't be changed "
"2019-05-30 13:01:00","2019-05-30 21:01:00","Italian Deputy PM Salvini ready to end Italian coalition unless 5SM back his tax plans"
"2019-05-30 13:00:00","2019-05-30 21:00:00","MP Materials Chairman says the US can make up the rare earths supply gap, but it will take time"
"2019-05-30 12:59:00","2019-05-30 20:59:00","Additional US Equity Stories - ABBV, ANF, FDX"
"2019-05-30 12:57:00","2019-05-30 20:57:00","RANsquawk Daily US Equity Opening News - 30th May 19"
"2019-05-30 12:52:00","2019-05-30 20:52:00","US President Trump said that he wants to get along with Iran, and added that he is available if Iran wants to talk"
"2019-05-30 12:47:00","2019-05-30 20:47:00","Repsol (REP SM) - Spokesman states that production at oilfields that make up North Sea flotta crude grade has restarted following repairs to a pipeline"
"2019-05-30 12:40:00","2019-05-30 20:40:00","HSBC (HSBA LN) is reportedly mulling cutting around 500 jobs in its global banking and markets division, according to sources"
"2019-05-30 12:35:00","2019-05-30 20:35:00","Talking Crude: WTI/Brent Arb falling on US supply developments"
"2019-05-30 12:27:00","2019-05-30 20:27:00","US President Trump says he will make a dramatic statement on the bored on Thursday or Friday, will be on people illegally crossing the border"
"2019-05-30 12:25:00","2019-05-30 20:25:00","Centene (CNC) CEO notes that he was not approached with an offer for the company, adding that he is not afraid of an over the top offer "
"2019-05-30 12:23:00","2019-05-30 20:23:00","Turkey is mulling the deployment of Russian missiles in the Mediterranean "
"2019-05-30 12:19:00","2019-05-30 20:19:00","Iraq southern oil exports averaged 3.454mln BPD in May to date., Oil Officials"
"2019-05-30 12:18:00","2019-05-30 20:18:00","US President Trump says the US is doing well with China and added that China would like to make a trade deal"
"2019-05-30 12:13:00","2019-05-30 20:13:00","Mexican President Obrador says that today we will send out information to the senate in order to carry out the ratification of the USMCA"
"2019-05-30 12:06:00","2019-05-30 20:06:00","Hearing on US President Trump's plan to impost 25% on the remaining USD 300bln worth of Chinese goods could take up to two weeks, according to an industry official cited by Politico"
"2019-05-30 12:02:00","2019-05-30 20:02:00","North Sea Forties oil stream is set to load 16 cargoes in July (vs 17 cargoes in June)"
"2019-05-30 12:01:00","2019-05-30 20:01:00","Polish Central Bank meeting minutes reiterate that the base case is for rates to stay steady in the coming quarters"
"2019-05-30 11:59:00","2019-05-30 19:59:00","CBR Governor Nabiulina says it is too soon to speak about possible rate move at the June meeting; says reserves will exceed USD 500bln soon; sees growth picking up in H2 2019"
"2019-05-30 11:44:00","2019-05-30 19:44:00","Italy League Junior Minister has resigned following a conviction over embezzlement, League Leader Salvini has accepted his resignation"
"2019-05-30 11:30:00","2019-05-30 19:30:00","Dollar Tree Inc (DLTR) Q1 19 (USD): Adj EPS  1.14 (exp. 1.14), Revenue 5.81bln (exp. 5.79bln); SSS +2.2%, FY EPS guidance cut to USD 4.77-5.07 from USD 4.85-5.25"
"2019-05-30 11:27:00","2019-05-30 19:27:00","UK Opposition Labour Leader Corbyn says they do not back a re-run of the 2016 referendum, needs to be a process to prevent a no-deal Brexit with the first priority a election; warns that there is a real danger of a no deal Brexit"
"2019-05-30 11:27:00","2019-05-30 19:27:00","Petrobras says it will take necessary steps to protect itself regarding privatisations"
"2019-05-30 11:23:00","2019-05-30 19:23:00","Germany is reportedly to veto the Article 50 extension at the next EU summit in October, unless the UK makes major progress such as a general election or second referendum., Telegraph's Rothwell"
"2019-05-30 11:23:00","2019-05-30 19:23:00","China and US missed chance for quick trade deal, Global Times Editor says"
"2019-05-30 11:15:00","2019-05-30 19:15:00","China says the US trade war will have limited impact on state owned enterprises (SOES); China SOES are confident to help maintain economic growth"
"2019-05-30 11:09:00","2019-05-30 19:09:00","Trade unions say they have reached an agreement with Intesa Sanpaolo (ISP IM) for 1,600 voluntary layoffs"
"2019-05-30 10:55:00","2019-05-30 18:55:00","Dollar General Corp (DG) Q1 19 (USD): EPS 1.48 (exp. 1.39), Revenue 6.6bln (exp. 6.56bln); Comp. Sales +3.8% (Exp. 2.8%)"
"2019-05-30 10:44:00","2019-05-30 18:44:00","RANsquawk Daily US Opening News - 30th May 2019"
"2019-05-30 09:59:00","2019-05-30 17:59:00","ANALYSIS: Nomura Quants - Once again point to CTA’s as drivers off the sell-off, as opposed to widespread panic selling"
"2019-05-30 09:55:00","2019-05-30 17:55:00","RANsquawk EU Mid Session: Lira shines whilst participants eye US data amid light news-flow - 30th May 2019"
"2019-05-30 09:24:00","2019-05-30 17:24:00","Italy sell EUR 5.25bln in their 1.75% 2024, 2.0% 2025, 3.0% 2029 BTPs & EUR 0.5-0.75bln 2025 CCTeu"
"2019-05-30 09:23:00","2019-05-30 17:23:00","Italian Deputy PM Salvini and Economy Minister Tria discussed investments and tax cuts., League"
"2019-05-30 09:19:00","2019-05-30 17:19:00","Russian Central Banker Nabullina says a rate cut is still possible in Q2-3, and they have increased tehir share of CNH and gold whilst cutting their share for USD"
"2019-05-30 09:15:00","2019-05-30 17:15:00","FX Morning Colour: Tentative trade ahead of core US data, whilst Lira’s lifted ahead of Erdogan"
"2019-05-30 09:00:00","2019-05-30 17:00:00","ASIA-PAC SERVICE HAS NOW FINISHED, PLEASE REVERT BACK TO YOUR ORIGINAL CHANNEL FOR COVERAGE ON THE UK & EUROPEAN SESSION"
"2019-05-30 08:17:00","2019-05-30 16:17:00","Fixed Income: Bund yields lifting off record lows as core debt consolidates"
"2019-05-30 08:07:00","2019-05-30 16:07:00","ANALYSIS: Citi's Month-End FX Hedge Rebalancing"
"2019-05-30 08:01:00","2019-05-30 16:01:00","Turkish Central Bank net international reserves as of May 24th at USD 26.52bln (vs. USD 24.88bln in prior week)"
"2019-05-30 07:41:00","2019-05-30 15:41:00","Natixis FX Trade Recommendations, 30th May 2019"
"2019-05-30 07:38:00","2019-05-30 15:38:00","Vietnam Central Bank says they are to continue a flexible exchange rate after the US Treasury raised concerns over their currency practices"
"2019-05-30 07:30:00","2019-05-30 15:30:00","BoE’s Ramsden (Dove) is a little more pessimistic about GDP growth than the latest BoE forecasts"
"2019-05-30 07:05:00","2019-05-30 15:05:00","China's MOFCOM says tariffs will not solve trade imbalances, will not accept a deal which hurts their sovereignty or pride"
"2019-05-30 07:05:00","2019-05-30 15:05:00","European equity movers this morning: Axel Springer (SPR GY) +20.0%; Imperial Brands (IMB LN) +1.0%; Renault (RNO FP) +1.0%; Wirecard (WDI GY) -1.1%; Johnson Matthey (JMAT LN) -1.0%; Inmarsat (ISAT LN) -0.6%"
"2019-05-30 06:48:00","2019-05-30 14:48:00","Russia's Transneft states that the total volume of contaminated oil which has been supplied by the Druzhba pipeline and UST-Luga port is 3mln Tonnes., according to Transneft's VP"
"2019-05-30 06:21:00","2019-05-30 14:21:00","PBoC Official states that a relatively slower level of monetary growth can achieve the needs of keeping economic operations within a reasonable range"
"2019-05-30 06:21:00","2019-05-30 14:21:00","RANsquawk Bond Auction Previews - 30th May 2019"
"2019-05-30 06:10:00","2019-05-30 14:10:00","Additional European equity stories post the release of the Daily European equity opening news"
"2019-05-30 06:10:00","2019-05-30 14:10:00","Additional European equity stories post the release of the Daily European equity opening news"
"2019-05-30 06:03:00","2019-05-30 14:03:00"," Israel’s Delek has agreed to purchase Chevron (CVX) North Sea for around USD 2bln. "
"2019-05-30 05:51:00","2019-05-30 13:51:00","DAILY EUROPEAN EQUITY OPENING NEWS"
"2019-05-30 05:47:00","2019-05-30 13:47:00","Major FX option expiries for today's NY cut"
"2019-05-30 05:25:00","2019-05-30 13:25:00","Italy's 5-Star Movement state they are ready for the League Party select a new Economy Minister., La Stampa"
"2019-05-30 05:19:00","2019-05-30 13:19:00","RANsquawk Daily European Opening News - 30th May 2019 "
"2019-05-30 05:15:00","2019-05-30 13:15:00","BoJ Board Member Sakurai notes that JGB yields are falling but still within the BoJ's acceptable range, and does not see immediate need to take steps to address the bond yield declines, the BoJ can watch more data, it does not need to ease now"
"2019-05-30 05:01:00","2019-05-30 13:01:00","OPEC+ meeting is likely to be held in early July, according to Azerbaijan's Energy Minister "
"2019-05-30 04:49:00","2019-05-30 12:49:00","ASIA-PAC MARKET WRAP: Asia followrf suit to losses on Wall St ahead of key data and as trade uncertainty lingered"
"2019-05-30 04:47:00","2019-05-30 12:47:00","Toyota (7203 JT) April global output rose 7.3% Y/Y to 399.7K units"
"2019-05-30 04:43:00","2019-05-30 12:43:00","Thailand Finance Ministry sees Q2 GDP improving from Q1"
"2019-05-30 04:43:00","2019-05-30 12:43:00","Nissan (7201 JT) April global vehicle output fell 9.7% Y/Y to 399.7k units "
"2019-05-30 04:09:00","2019-05-30 12:09:00","S&P says New Zealand budget delays a return to surplus, but adds it supports AA sovereign rating"
"2019-05-30 03:35:00","2019-05-30 11:35:00","Japan sells JPY 1.65tln in 2yr JGBs b/c 5.04 (Prev. 5.44), avg. yield -0.169% (Prev. -0.152%)"
"2019-05-30 03:26:00","2019-05-30 11:26:00","PRE-MARKET INDIA STOCK NEWS: Power Finance Corporation (POWF IS) Q4 net rose 165.96% Y/Y to INR 7.96bln"
"2019-05-30 03:19:00","2019-05-30 11:19:00","Macau April hotel occupancy rate at 91.4% vs. Prev. 90.7% Y/Y"
"2019-05-30 03:02:00","2019-05-30 11:02:00","SoftBank (9984 JT) Vision Fund plans to borrow USD 4bln against its tech stakes"
"2019-05-30 03:00:00","2019-05-30 11:00:00","Bank of Queensland (BOQ AT) plans to increase rates on some fixed mortgages by 15bps or more"
"2019-05-30 02:54:00","2019-05-30 10:54:00","PBoC adviser says its no problem to keep 2019 GDP above 6.2%"
"2019-05-30 02:51:00","2019-05-30 10:51:00","China Q1 power consumption rose 5.5% Y/Y, power consumption rose 4.0% Y/Y"
"2019-05-30 02:51:00","2019-05-30 10:51:00","ASIA-PAC MID-SESSION UPDATE: Asia follows suit to losses on Wall St ahead of key data and as trade uncertainty lingered"
"2019-05-30 02:21:00","2019-05-30 10:21:00","PBoC Governor Yi says CNY is stable, also comments we are fully capable of managing risks in small banks"
"2019-05-30 02:18:00","2019-05-30 10:18:00","PBoC adviser Liu Shijin says China's economy still has great potential"
"2019-05-30 02:09:00","2019-05-30 10:09:00","China is to review anti-dumping measures on PCE from US and EU"
"2019-05-30 02:00:00","2019-05-30 10:00:00","South Korea Department Store Sales (Apr) Y/Y -3.8% (Prev. 2.3%)"
"2019-05-30 02:00:00","2019-05-30 10:00:00","New Zealand sees 2018/19 GDP growth of 2.1% vs. 2.9% forecast in Half Year Economic and Fiscal Update"
"2019-05-30 02:00:00","2019-05-30 10:00:00","New Zealand Finance Minister Robertson says increased government spending will help domestic economy in the face of global slowdown, adds US-China trade dispute, Brexit uncertainty and slowing global growth pose continuing risks"
"2019-05-30 01:43:00","2019-05-30 09:43:00","China Vice Foreign Minister says deliberately provoking trade disputes is 'naked economic terrorism'"
"2019-05-30 01:43:00","2019-05-30 09:43:00","BoJ board member Sakurai says BoJ must scrutinize effect and demerits of easing including risk of policy accumulating imbalances"
"2019-05-30 01:34:00","2019-05-30 09:34:00","Australian Private Capital Expenditure 2019-2020 (Est. 2) 99.14B (Prev. 92.14B)"
"2019-05-30 01:34:00","2019-05-30 09:34:00","Australian Private Capital Expenditure 2018-2019 (Est. 6) 122.2B (Prev. 118.4B)"
"2019-05-30 01:33:00","2019-05-30 09:33:00","BoJ board member Sakurai says it is inappropriate to recklessly seek to reach price target with additional easing"
"2019-05-30 01:30:00","2019-05-30 09:30:00","Australian Building Approvals (Apr) Y/Y -24.2% vs. Exp. -22.4% (Prev. -27.3%)"
"2019-05-30 01:30:00","2019-05-30 09:30:00","Australian Private Capital Expenditure (Q1) Q/Q -1.7% vs. Exp. 0.5% (Prev. 2.0%, Rev. 1.3%)"
"2019-05-30 01:25:00","2019-05-30 09:25:00","Hong Kong SFC is investigating cryptocurrrency exchanges and initial coin offering issuers"
"2019-05-30 01:24:00","2019-05-30 09:24:00","PBoC Governor Yi Gang says solving SME financing difficulty is most important task"
"2019-05-30 01:15:00","2019-05-30 09:15:00","PBoC injects CNY 30bln via 7-day reverse repos"
"2019-05-30 01:15:00","2019-05-30 09:15:00","PBoC sets CNY mid-point at 6.8990 (Prev. 6.8988)"
"2019-05-30 01:09:00","2019-05-30 09:09:00","PRE-MARKET CHINESE  STOCK NEWS: Focus remains on trade related headlines"
"2019-05-30 01:07:00","2019-05-30 09:07:00","CBA now sees RBA cutting rates in both June and August this year vs. Prev. forecast of a cut in either June or August"
"2019-05-30 01:06:00","2019-05-30 09:06:00","Australia Fair Work Commission raises minimum wage by 3%"
"2019-05-30 01:02:00","2019-05-30 09:02:00","Fitch says Australia's growth at decade-low despite de-synchronised cycles, expects GDP for 2019 to hit 2.0% which would be its lowest since the GFC"
"2019-05-30 01:00:00","2019-05-30 09:00:00","Chinese Swift Global Payments (Apr) 1.88% (Prev. 1.89%)"
"2019-05-30 00:45:00","2019-05-30 08:45:00","China Mofcom initiates anti-dumping probe on imports of polyphenylene sulfide from US, Japan, South Korea and Malaysia"
"2019-05-30 00:35:00","2019-05-30 08:35:00","Fonterra says New Zealand April milk production declined 10% in April and Australia milk production declined 10% in March"
"2019-05-30 00:27:00","2019-05-30 08:27:00","PRE-MARKET TAIWAN AND SINGAPORE NEWS: Hyflux (HYF SP) gets 2-month extension of reprieve from its creditors "
"2019-05-30 00:09:00","2019-05-30 08:09:00","South Korea FX authorities are suspected to be intervening again today to curb KRW weakness"
"2019-05-30 00:02:00","2019-05-30 08:02:00","Asia equity markets begin mostly negative after the weakness seen on Wall St where all majors extended on losses ahead of upcoming key data releases and amid technical selling in which the DJIA briefly slipped below 25K and S&P 500 tested its 200 DMA"