"gmt_time","hk_time","subject"
"2019-08-11 23:30:00","2019-08-12 07:30:00","PRE-MARKET AUSTRALIAN AND SOUTH KOREAN STOCK NEWS: Earnings including Ansell, Aurizon, GPT, Korea Gas and LG Corp; Japan is shut for Mountain Day"
"2019-08-11 22:51:00","2019-08-12 06:51:00","UK opposition Labour MPs have been told to cancel travel plans for next month as party leader Corbyn prepares to table a no-confidence motion"
"2019-08-11 22:45:00","2019-08-12 06:45:00","New Zealand Total Spending (Jul) M/M -0.3% (Prev. 0.1%)"
"2019-08-11 22:45:00","2019-08-12 06:45:00","New Zealand Electronic Card Retail Sales (Jul) M/M -0.1% vs. Exp. 0.6% (Prev. 0.0%)"
"2019-08-11 22:45:00","2019-08-12 06:45:00","New Zealand Electronic Card Retail Sales (Jul) Y/Y 1.6% vs. Exp. 2.2% (Prev. 1.1%)"
"2019-08-11 22:22:00","2019-08-12 06:22:00","The only functioning airport in Tripoli, Libya was struck by rocket fire from rebel forces"
"2019-08-11 22:13:00","2019-08-12 06:13:00","ASIAN DAILY ECONOMIC RELEASES CALENDAR NOW AVAILABLE IN THE RESEARCH SECTION: Highlights include very light calendar amid several holiday closures"
"2019-08-11 21:30:00","2019-08-12 05:30:00","DAILY ASIA-PAC OPENING NEWS"
"2019-08-11 21:00:00","2019-08-12 05:00:00","ASIA-PAC SERVICE IS NOW LIVE FOR TODAY'S SESSION"