"gmt_time","hk_time","subject"
"2019-11-18 23:47:00","2019-11-19 07:47:00","China has told Japan and South Korea not to deploy new US missile, according to reports in Japanese press"
"2019-11-18 23:42:00","2019-11-19 07:42:00","China's Hong Kong Affairs Office expressed strong concern over Hong Kong Court decision to overturn mask ban, while China Parliament Law Committee says Hong Kong Courts have no power to rule on constitutionality of face mask ban law"
"2019-11-18 23:25:00","2019-11-19 07:25:00","PRE-MARKET JAPANESE AND SOUTH KOREAN STOCK NEWS: Mitsubishi Chemical (4010 JT) offers JPY 2010/Shr to acquire rest of Mitsubishi Tanabe Pharma (4508 JT)"
"2019-11-18 22:48:00","2019-11-19 06:48:00","PRE-MARKET AUSTRALIAN STOCK NEWS: Westpac (WBC AT) is said to be in late stage discussions regarding sale of part of its equipment and asset finance business"
"2019-11-18 22:42:00","2019-11-19 06:42:00","EU's Trade Chief Weyand warns UK PM Johnson will either only get a “bare bones” trade deal from Brussels next year or none at all, suggesting there will be a lack of time to strike a comprehensive deal, according to The Sun"
"2019-11-18 22:30:00","2019-11-19 06:30:00","Australian ANZ Roy Morgan Consumer Confidence (Nov 17) W/W 109.9 (Prev. 111.1)"
"2019-11-18 22:00:00","2019-11-19 06:00:00","ASIA-PAC SERVICE IS NOW LIVE FOR TODAY'S SESSION"
"2019-11-18 22:00:00","2019-11-19 06:00:00","DAILY ASIA-PAC OPENING NEWS"
"2019-11-18 22:00:00","2019-11-19 06:00:00","ASIAN DAILY ECONOMIC RELEASES CALENDAR NOW AVAILABLE IN THE RESEARCH SECTION: Highlights include RBA Meeting Minutes and RBNZ Offshore Holdings"
"2019-11-18 21:39:00","2019-11-19 05:39:00","RBNZ Assistant Governor Hawkesby says need to keep OCR at a low level for some time and that global risks are still to the downside, adds are very willing to provide more stimulus if needed"
"2019-11-18 21:38:00","2019-11-19 05:38:00","Apple (AAPL) announces press event for December 2nd"
"2019-11-18 21:08:00","2019-11-19 05:08:00","RANsquawk US Market Wrap - 18th November 2019: Stocks rally seizes to subside amid China trade pessimism "
"2019-11-18 20:50:00","2019-11-19 04:50:00","SPX MOC -500mln (vs -25mln); Dow MOC +125mln (vs +75mln)"
"2019-11-18 20:39:00","2019-11-19 04:39:00","US Senate Maj. Leader McConnell says US President Trump is willing to sign a stop-gap funding bill through December 20th to prevent  a partial government shutdown at the end of this week"
"2019-11-18 20:37:00","2019-11-19 04:37:00","American Express (AXP) is offering businesses USD 10,000 to 450,000 to begin taking its cards to improve its competitiveness against Visa (V) and Mastercard (MA), according to WSJ"
"2019-11-18 20:10:00","2019-11-19 04:10:00","New Jersey lawmakers are to seek voter approval to legalise marijuana; of note for CGC, TLRY"
"2019-11-18 20:08:00","2019-11-19 04:08:00","PG&E (PCG) notifies customers of potential power shutoff for November 20th "
"2019-11-18 19:48:00","2019-11-19 03:48:00","Spotify (SPOT) - Amazon (AMZN) is reportedly expanding its free music streaming service"
"2019-11-18 19:38:00","2019-11-19 03:38:00","Fed's Rosengren (voter, hawkish dissenter) says we are pretty close to the Fed's inflation target; Fed doesn't have as much room as it did before in case of a negative shock, calls on fiscal policy in bad situation"
"2019-11-18 19:37:00","2019-11-19 03:37:00","US Secretary of State Pompeo said the US is deeply concerned about the Hong Kong protests; calls on Carrie Lam to allow an independent probe into the protest incidents"
"2019-11-18 19:34:00","2019-11-19 03:34:00","US Secretary of State Pompeo says US is reversing Obama administration's position on Israeli settlements"
"2019-11-18 19:32:00","2019-11-19 03:32:00","WTI (F0) settles USD 0.69 lower 57.14/bbl; Brent (F0) settles USD 0.86 lower at USD 62.44/bbl"
"2019-11-18 19:31:00","2019-11-19 03:31:00","US Secretary of State Pompeo says the US is removing its Iran sanctions waiver for Fordow; says US will sanction corrupt individuals stealing Iraqi's wealth"
"2019-11-18 19:30:00","2019-11-19 03:30:00","US Secretary of State Pompeo says the US is monitoring the protests in Iran and is deeply concerned by reports of fatalities"
"2019-11-18 19:21:00","2019-11-19 03:21:00","Yemen's Houthis reportedly seized three ships in the Red Sea, where one was from Saudi Arabia, according to Al Masirah TV"
"2019-11-18 19:06:00","2019-11-19 03:06:00","US Total Shale region production for December is expected to be +49k BPD to 9.133mln BPD, according to EIA"
"2019-11-18 19:03:00","2019-11-19 03:03:00","Brazil's Economy Minister Guedes says the Brazilian government forecasts a 2019 primary deficit just below USD 80bln"
"2019-11-18 18:58:00","2019-11-19 02:58:00","US Lawmakers Schumer and Cotton have called upon the US in a letter to swiftly tighten export controls amid a China threat"
"2019-11-18 18:50:00","2019-11-19 02:50:00","Italian Government source notes Italy is working on amendments to reforms of European Stability Mechanism agreed in June"
"2019-11-18 18:50:00","2019-11-19 02:50:00","Italian Government source notes Italy is working on amendments to reforms of European Stability Mechanism agreed in June"
"2019-11-18 18:09:00","2019-11-19 02:09:00","Of note for Altria (MO) - JUUL Labs is being sued by California for marketing e-cigarettes to teenagers"
"2019-11-18 18:03:00","2019-11-19 02:03:00","Whirlpool (WHR) weakness being attributed to bad AHAM monthly data, -11.9% (exp. -1%)"
"2019-11-18 17:59:00","2019-11-19 01:59:00","Fed's Mester (2020 Voter, Hawk) says forward guidance in the future may be more tied to economic conditions that any specific calendar date"
"2019-11-18 17:47:00","2019-11-19 01:47:00","Fed's Mester (2020 voter, Hawk) says negative interest rates are working in Europe, better than she would have anticipated, but says she would be very wary of negative interest rates in the US because of the different financial systems"
"2019-11-18 17:46:00","2019-11-19 01:46:00","Epizyme (EPZM) - RPI finance trust has acquired a 1.3% stake in the company for investment purposes"
"2019-11-18 17:42:00","2019-11-19 01:42:00","Of note for VM Ware (VMW) and Alphabet (GOOG, GOOGL) - Google Cloud announced that is acquired Cloud Simple to run VM Ware workloads in the cloud, terms not disclosed"
"2019-11-18 17:38:00","2019-11-19 01:38:00","Fed's Mester (2020 Voter, Hawk) says the Fed is talking about whether or not to have a standing repo facility"
"2019-11-18 17:35:00","2019-11-19 01:35:00","Fortinet (FTNT) guide their 3 year organic revenue growth to 15%+, according to an analyst day presentation"
"2019-11-18 17:13:00","2019-11-19 01:13:00","Fed's Mester (2020 Voter, Hawk) says the US economy is doing well; says current growth rate is around trend rate, says there is still solid growth in the Labour market; current policy is well calibrated to the economy"
"2019-11-18 17:02:00","2019-11-19 01:02:00","Turkish Foreign Minister states the US & Russia have not completed what is required under the NE Syria deals, noting Turkey will launch the operation if the area is not cleared of terrorists, according to local press"
"2019-11-18 16:48:00","2019-11-19 00:48:00","Tata Steel is to remove roughly 3000 jobs in Europe, according to sources "
"2019-11-18 16:46:00","2019-11-19 00:46:00","The US condemns the unjustified use of force in Hong Kong, says the White House "
"2019-11-18 16:35:00","2019-11-19 00:35:00","EUROPEAN PRELIMINARY CASH CLOSE: EURO STOXX 50 (-0.3%) at 3700, FTS(0.1%) at 7308, DAX (-0.3%) at 13207, CAC 40 (-0.2%) at 5930, IBEX 35 (0%) at 9258, FTSE Italia (-0.5%) at 23464, SMI (0.4%) at 10347"
"2019-11-18 16:30:00","2019-11-19 00:30:00","US House is to investigate whether or not US President Trump lied in his written testimony to the US Special Council Mueller in the Russia probe, reports CNN"
"2019-11-18 16:26:00","2019-11-19 00:26:00","ICM poll for Reuters on UK Election: Conservatives 42% (+3 points), Labour 32% (+1 point)"
"2019-11-18 16:23:00","2019-11-19 00:23:00","US Commerce Department has granted new 90-day license for US firms to continue doing business with Huawei"
"2019-11-18 16:12:00","2019-11-19 00:12:00","US Commerce Department will reportedly announce later today the Temporary General License to sell to Huawei will be extended for 90 days, according to FBN’s Lawrence citing sources; in fitting with prior reports"
"2019-11-18 16:09:00","2019-11-19 00:09:00","Yemen Houthi official says the seized vessel will be released if it belongs to South Korea following legal procedures"
"2019-11-18 15:53:00","2019-11-18 23:53:00","Tesla (TSLA) Supercharger station caught on fire in New Jersey, according to Electrek"
"2019-11-18 15:50:00","2019-11-18 23:50:00","US President Trump acknowledges meeting with Fed Chair Powell, says meeting was very good & cordial; says discussed  including interest rates, negative interest, low inflation, easing, Dollar strength & effect on manufacturing, trade with China, EU etc"
"2019-11-18 15:44:00","2019-11-18 23:44:00","RANsquawk sources note unconfirmed talks for Twitter (TWTR), no details as of yet "
"2019-11-18 15:40:00","2019-11-18 23:40:00","Unicredit (UCG IM)/Commerzbank (CBK GY) - Unicredit CEO said we are not interested in a merger today when asked about a potential merger with Commerzbank"
"2019-11-18 15:37:00","2019-11-18 23:37:00","Saudi-led coalition report that Yemen's Houthi's have hijacked a vessel which was towing a South Korean drilling rig south of the Red Sea., according to Saudi State news agency"
"2019-11-18 15:34:00","2019-11-18 23:34:00","Fed's Powell met with US President Trump and Treasury Secretary Mnuchin on Monday; discussed the economy, growth, employment and inflation, Powell's comments were consistent with recent remarks"
"2019-11-18 15:32:00","2019-11-18 23:32:00","Morphosys (MOR GY) - Co's Tafasitamab B-mind DLBCL study has successfully passed its futility analysis"
"2019-11-18 15:25:00","2019-11-18 23:25:00","Daily FX Wrap: China trade pessimism dampens market mood"
"2019-11-18 15:13:00","2019-11-18 23:13:00","SAP (SAP GY) - Co's contract with CEO McDermott has been terminated with immediate effect., Handelsblatt"
"2019-11-18 15:02:00","2019-11-18 23:02:00","ECB's de Cos states that is is 'absolutely essential' that Europe moves towards agreeing on a common deposit insurance scheme in order to complete banking union"
"2019-11-18 14:52:00","2019-11-18 22:52:00","South Africa's Eskom appoints Andre De Ruyter as its new CEO, will commence duties on 15th January 2020"
"2019-11-18 14:47:00","2019-11-18 22:47:00","ECB APP Results: PSPP EUR +2.005bln (Prev. EUR +4.467bln); CSPP EUR +0.966bln (Prev. EUR +2.772bln); ASBPP EUR +0.348bln (Prev. EUR +0.581bln); CBPP3 EUR +1.051bln (Prev. EUR +1.175bln)"
"2019-11-18 14:45:00","2019-11-18 22:45:00","HP (HPQ) views the current offer as ""not even close"", according to CNBC's Faber"
"2019-11-18 14:39:00","2019-11-18 22:39:00","US Equity Movers: Coty (COTY) +4%, United Health (UNH) +3%, Advanced Micro Devices (AMD) +1.4%, Johnson & Johnson (JNJ) -1.5%, T-Mobile (TMUS) -1.8%,  Ulta Beauty (ULTA) -1.2%"
"2019-11-18 14:31:00","2019-11-18 22:31:00","T-Mobile US (TMUS) CEO Legere says that his next appointment will not be at a competitor "
"2019-11-18 14:31:00","2019-11-18 22:31:00","Iran's stock of 'heavy water' has surpassed the 130-tonne limit which was set by their deal with major powers., according to reports citing the UN Nuclear Watchdog"
"2019-11-18 14:24:00","2019-11-18 22:24:00","Swedbank (SWEDA SS) - Estonia's FSA states that the AML inspection at the Co. indicated signs of criminal offences"
"2019-11-18 14:18:00","2019-11-18 22:18:00","Additional US Equity Stories - COTY, GE, AMZN, VRTX, F, LMT"
"2019-11-18 14:08:00","2019-11-18 22:08:00","German Chancellor Merkel states that no new debt remains the guiding principle regarding Germany's budget policy, are still to create growth within this"
"2019-11-18 14:05:00","2019-11-18 22:05:00","German Finance Minister Scholz, referring to the earlier comments from the Business/Workers lobby, states that he views their demands as being supportive of Germany's expansionary fiscal policy"
"2019-11-18 14:04:00","2019-11-18 22:04:00","RANsquawk Daily US Equity Opening News - 18th November 2019 "
"2019-11-18 13:54:00","2019-11-18 21:54:00","Alibaba (BABA) - Co. have reportedly shut its books early for their USD 13.4bln IPO in Hong Kong., according to sources; final price will still be set on Wednesday Evening (Hong Kong Time)"
"2019-11-18 13:53:00","2019-11-18 21:53:00","US President Trump is critical of US House Speaker Pelosi, accusing her of holding up USMCA, infrastructure investment, lowering of drug prices and ""more""; intimates that he will provide a written testimony on the impeachment probe"
"2019-11-18 13:45:00","2019-11-18 21:45:00","Coty (COTY) - Co. and Kylie Jenner have announced a strategic partnership to expand their beauty brands globally, Co. will have a 51% stake for USD 600mln"
"2019-11-18 13:34:00","2019-11-18 21:34:00","Mike Sievert is to succeed John Legere as CEO of T-Mobile (TMUS)"
"2019-11-18 13:29:00","2019-11-18 21:29:00","ECB's de Cos says in many countries interest rates are expected to stay at low levels for longer"
"2019-11-18 13:20:00","2019-11-18 21:20:00","ECB's Chief Economist Lane says we are not at some sort of limit in terms of what monetary policy can do"
"2019-11-18 13:18:00","2019-11-18 21:18:00","Mood in Beijing is pessimistic regarding a US-China trade deal being passed; China is troubled after US President Trump said no tariff rollback - Strategy is to talk, but wait for impeachment/election., according to CNBC's Yoon citing a Government source"
"2019-11-18 12:56:00","2019-11-18 20:56:00","WATCH LIVE: ECB Chief Economist Lane speaking at the FORTUNE Global Forum"
"2019-11-18 12:10:00","2019-11-18 20:10:00","LyondellBasel (LYB) upgraded to Conviction Buy at Goldman Sachs, PT USD 121"
"2019-11-18 12:05:00","2019-11-18 20:05:00","Gunvor shuts one of two crude distillation units at the 88k BPD Rotterdam oil refinery until March 2020, a spokesperson says"
"2019-11-18 12:05:00","2019-11-18 20:05:00","Gunvor shuts one of two crude distillation units at the 88k BPD Rotterdam oil refinery until March 2020, a spokesperson says"
"2019-11-18 12:03:00","2019-11-18 20:03:00","Saudi crude exports fall to 6.67mln BPD in September, a 0.21mln BPD fall, according to JODI"
"2019-11-18 11:46:00","2019-11-18 19:46:00","ECB Vasle says there is no reason to alter the Eurozone's growth prospects, given that the economy is developing as projected"
"2019-11-18 11:45:00","2019-11-18 19:45:00","Chinese Ambassador to the UK states if the Hong Kong situation was to become 'uncontrollable' then the Central Government would not sit-by and watch"
"2019-11-18 11:30:00","2019-11-18 19:30:00","Bayer (BAYN GY) - Co's and Merck (MRK) Vericiguat drug has achieved its primary endpoint in the Phase 3 study of patients with deteriorating chronic heart fatigue"
"2019-11-18 11:02:00","2019-11-18 19:02:00","UK PM Johnson says that we are postponing further cuts in corporation tax"
"2019-11-18 11:01:00","2019-11-18 19:01:00","Bundesbank Monthly Report states that the slowdown of the German economy will probably continue in Q4 but no reason to fear that Germany will slide into a recession"
"2019-11-18 10:55:00","2019-11-18 18:55:00","Airbus (AIR FP) is set to win an order for over 100 A320neo jets from Air Arabia, sources state "
"2019-11-18 10:53:00","2019-11-18 18:53:00","RANsquawk Daily US Opening News - 18th November 2019"
"2019-11-18 10:39:00","2019-11-18 18:39:00","Boeing (BA) are reportedly nearing the sale of some 737 Max craft to SunExpress., according to sources"
"2019-11-18 10:34:00","2019-11-18 18:34:00","RANsquawk EU Mid Session: Sterling firms on latest polls but tentativeness/choppiness elsewhere - 18th November 2019"
"2019-11-18 10:10:00","2019-11-18 18:10:00","Fixed: Uninspiring start to the week, ahead of Central Bank speak"
"2019-11-18 10:00:00","2019-11-18 18:00:00","UBS FX spot ideas 18th November 2019"
"2019-11-18 09:52:00","2019-11-18 17:52:00","Volkswagen (VOW3 GY) downgrades 2020 operating profit increase before special items of 25% vs. Prev. over 30%"
"2019-11-18 09:32:00","2019-11-18 17:32:00","FX Morning Colour: Sterling extends gains as Tories expand lead over Labour"
"2019-11-18 09:30:00","2019-11-18 17:30:00","German BDI business lobby and DGB Labour Union jointly call on Berlin to boost public investment"
"2019-11-18 09:19:00","2019-11-18 17:19:00","Arcelormittal (MT NA) - Leaders from Italian unions CGIL, CISL and UIL, will meet Italian President Mattarella at 18:30 GMT on Monday to discuss the ArcelorMittal case and other industrial crises., union sources"
"2019-11-18 09:13:00","2019-11-18 17:13:00","Airbus (AIR FP) - Emirates confirm they have ordered 50 Airbus A350s worth EUR 16bln"
"2019-11-18 09:09:00","2019-11-18 17:09:00","Credit Suisse initiates 2020 S&P price target of 3425; upgrades financials, industrial, material to overweight, upgrades energy to market weight, downgrades staples and utilities to underweight "
"2019-11-18 09:08:00","2019-11-18 17:08:00","WTO quarterly outlook indicator shows growth in global goods trade is expected to remain ""below trend"" in Q4 amid trade tensions"
"2019-11-18 09:01:00","2019-11-18 17:01:00","ECB's de Guindos (Dove) says the most significant vulnerabilities of euro area banks relates to their weak profitability prospects; notes banking system is operating with significant overcapacity resulting in cost inefficiencies and competitive pressures"
"2019-11-18 09:00:00","2019-11-18 17:00:00","ASIA-PAC SERVICE HAS NOW FINISHED, PLEASE REVERT BACK TO YOUR ORIGINAL CHANNEL FOR COVERAGE ON THE UK & EUROPEAN SESSION"
"2019-11-18 09:00:00","2019-11-18 17:00:00","Swiss sight deposits domestic banks at CHF 502.9bln (vs 504.127bln last week), Total sight deposits at 590.74bln CHF (vs 591.456bln CHF last week)"
"2019-11-18 08:37:00","2019-11-18 16:37:00","North Korea is not interested in a ""fruitless"" summit with the US, according to a North Korean official cited by Yonhap"
"2019-11-18 08:36:00","2019-11-18 16:36:00","Airbus (AIR FP) - Emirates is close to finalising at least part of its wide body jet order with Airbus, according to sources"
"2019-11-18 08:36:00","2019-11-18 16:36:00","Airbus (AIR FP) - Emirates is close to finalising at least part of its wide body jet order with Airbus, according to sources"
"2019-11-18 08:20:00","2019-11-18 16:20:00","Euronext (ENX FP) - BME (BME SM) says that the price offered by SIX group may reasonably reflect the current value of BME"
"2019-11-18 08:15:00","2019-11-18 16:15:00","Aviva (AV/ LN) says after a review of options for Singapore business, Co. concluded that retaining the business will achieve the best value for shareholders"
"2019-11-18 08:06:00","2019-11-18 16:06:00","European equity movers this morning: Qiagen (QGEN NV) +13.0%, Deutsche Wohen (DWNI GY) +2.6%, AstraZeneca (AZN LN) +0.3%, British American Tobacco (BATS LN) -0.7%, Peugeot (UG FP) -0.9%, Unilever (ULVR LN) -1.1%"
"2019-11-18 08:03:00","2019-11-18 16:03:00","Volkswagen (VOW3 GY) confirms its 2019 outlook"
"2019-11-18 07:50:00","2019-11-18 15:50:00","China Foreign Ministry repeats that no one should underestimate China's will to safeguard its sovereignty and Hong Kong's stability"
"2019-11-18 07:49:00","2019-11-18 15:49:00","Russian oil output in first week of November 11.25mln BPD (vs. 11.24mln BPD in September), according to IFAX citing sources"
"2019-11-18 07:13:00","2019-11-18 15:13:00","Major FX option expiries for today's NY cut"
"2019-11-18 07:02:00","2019-11-18 15:02:00","Additional European equity stories post the release of the Daily European equity opening news"
"2019-11-18 06:55:00","2019-11-18 14:55:00","Thai Central Bank Chief says the Central Bank is very worried about the THB strength"
"2019-11-18 06:48:00","2019-11-18 14:48:00","DAILY EUROPEAN EQUITY OPENING NEWS"
"2019-11-18 06:44:00","2019-11-18 14:44:00"," Protestors are reportedly blocking the entrance to Iraq’s Umm Qasr port, operations are down by 50%., according to port sources"
"2019-11-18 06:37:00","2019-11-18 14:37:00","Hong Kong Police have broken through barricades to arrest protesters at a university campus"
"2019-11-18 06:25:00","2019-11-18 14:25:00","RANsquawk Daily European Opening News - 18th November 2019 "
"2019-11-18 05:48:00","2019-11-18 13:48:00","ASIA-PAC MARKET WRAP: Asia stocks partially resumed the momentum from last Friday's record highs on Wall St, amid slight trade optimism and PBoC reverse repo rate cut"
"2019-11-18 05:46:00","2019-11-18 13:46:00","Hong Kong schools are to remain shut tomorrow"
"2019-11-18 05:03:00","2019-11-18 13:03:00","Hong Kong High Court rules emergency law banning face masks is unconstitutional"
"2019-11-18 05:00:00","2019-11-18 13:00:00","India steel ministry official says have sought to scrap import duty on nickel"
"2019-11-18 04:10:00","2019-11-18 12:10:00","CSPC Pharmaceutical (1093 HK) 9-month profit attributable rose 24% Y/Y to HKD 2.81bln"
"2019-11-18 03:48:00","2019-11-18 11:48:00","China Navy spokesperson confirmed Chinese carrier sailed through Taiwan Straits says passage is not directed at any target nor is it related to current situation"
"2019-11-18 03:39:00","2019-11-18 11:39:00","PRE-MARKET INDIA STOCK NEWS: Bharti Airtel (BHARTI IS) has withdrawn bid to purchase Reliance Communications (RCOM IS)"
"2019-11-18 03:35:00","2019-11-18 11:35:00","Japan sells JPY 398bln in 2yr, 5yr, 10yr and 20yr JGBs in enhanced liquidity auction; b/c 3.86 vs. Prev. 4.01"
"2019-11-18 03:03:00","2019-11-18 11:03:00","ASIA-PAC MID-SESSION UPDATE: Asia only partially sustains momentum from Friday's record highs on Wall St, despite China's reverse repo rate cut"
"2019-11-18 02:55:00","2019-11-18 10:55:00","China September YTD profits at major battery companies increased 49.4% Y/Y to CNY 24.5bln"
"2019-11-18 02:30:00","2019-11-18 10:30:00","Thailand GDP (Q3) Y/Y 2.4% vs. Exp. 2.6% (Prev. 2.3%)"
"2019-11-18 02:30:00","2019-11-18 10:30:00","Japanese Tokyo Condominium Sales (Oct) Y/Y -29.5% (Prev. -30.0%)"
"2019-11-18 02:30:00","2019-11-18 10:30:00","Thailand GDP (Q3) Q/Q 0.1% vs. Exp. 0.1% (Prev. 0.6%)"
"2019-11-18 02:30:00","2019-11-18 10:30:00","Thailand GDP (Q3) Y/Y 2.4% vs. Exp. 2.6% (Prev. 2.3%)"
"2019-11-18 02:25:00","2019-11-18 10:25:00","China's Defense Ministry spokesman says China will not tolerate any Taiwan independence incidents"
"2019-11-18 02:23:00","2019-11-18 10:23:00","Senior Trump admin official says US monitoring events in Hong Kong and condemns unjustified use of force, adds urges all side to retrain from violence and President Trump said US expects Beijing to honor commitments under Sino-British joint declaration"
"2019-11-18 01:59:00","2019-11-18 09:59:00","Global Times tweeted China and the US may be deadlocked in a trade war, but dialogue is ongoing and 11th US-China Political Leaders Dialogue kicked off in Beijing on Monday, with how to defuse trade and political tensions at top of the agenda"
"2019-11-18 01:48:00","2019-11-18 09:48:00","PBoC lowers rate on 7-day reverse repos by 5bps to 2.50% from 2.55%"
"2019-11-18 01:15:00","2019-11-18 09:15:00","PBoC injects CNY 180bln via 7-day reverse repos for a daily net injection of CNY 180bln"
"2019-11-18 01:15:00","2019-11-18 09:15:00","PBoC sets CNY mid-point at 7.0037 vs. Exp. 7.0030 (Prev. 7.0091)"
"2019-11-18 01:01:00","2019-11-18 09:01:00","PRE-MARKET CHINESE  STOCK NEWS: US-China top level trade negotiators held constructive discussions, US is preparing to extend Huawei licences by 2 weeks, Hong Kong disruption persisted as protesters sieged the Polytechnic University"
"2019-11-18 00:34:00","2019-11-18 08:34:00","PRE-MARKET TAIWAN AND SINGAPORE NEWS: Pou Chen (9904 TW) Q2 net rose 21.8% Y/Y to TWD 4.39bln"
"2019-11-18 00:30:00","2019-11-18 08:30:00","Singapore Non-Oil Exports (Oct) Y/Y -12.3% vs. Exp. -9.7% (Prev. -8.1%)"
"2019-11-18 00:30:00","2019-11-18 08:30:00","Singapore Trade Balance (Oct) 3.78B (Prev. 3.83B)"
"2019-11-18 00:30:00","2019-11-18 08:30:00","Singapore Non-Oil Exports (Oct) M/M -2.9% vs. Exp. 1.5% (Prev. -3.3%)"
"2019-11-18 00:26:00","2019-11-18 08:26:00","China is said to be building up its shadow reserves to counter reliance on the greenback, according to CNBC citing analysts"
"2019-11-18 00:17:00","2019-11-18 08:17:00","PBoC is expected to set USD/CNY mid-point at 7.0030, according to a major newswire estimate"
"2019-11-18 00:08:00","2019-11-18 08:08:00","Asia equity markets fail to sustain the momentum from last Friday's record highs on Wall St, with the major indices in the region beginning the week subdued as they await the next developments on the trade front and amid further Hong Kong discord"
"2019-11-18 00:03:00","2019-11-18 08:03:00","UK election Survation poll shows Conservatives at 42% (+7), Labour at 28% (-1), Lib Dems at 13% (-4) and Brexit Party at 5% (-5)"
"2019-11-18 00:02:00","2019-11-18 08:02:00","Australia sells AUD 500mln 2.25% 2028 Bond; b/c 4.36"
"2019-11-18 00:01:00","2019-11-18 08:01:00","UK Rightmove House Price Index (Nov) M/M -1.3% (Prev. 0.6%)"
"2019-11-18 00:01:00","2019-11-18 08:01:00","UK Rightmove House Price Index (Nov) Y/Y 0.3% (Prev. -0.2%)"