"gmt_time","hk_time","subject"
"2019-02-05 23:59:00","2019-02-06 07:59:00","Traders say Canadian shipments of canola oil are being slowed through Chinese ports and customs which is though to be in retaliation to Huawei CFO detainment"
"2019-02-05 23:54:00","2019-02-06 07:54:00","China reportedly agreed to negotiate on items which were previously said to be off-limits, according to WSJ citing a senior administration official"
"2019-02-05 23:35:00","2019-02-06 07:35:00","US Trade Representative Lighthizer and Treasury Secretary Mnuchin will visit Beijing early next week for trade discussions, according to WSJ"
"2019-02-05 23:28:00","2019-02-06 07:28:00","PRE-MARKET JAPANESE STOCK NEWS: Earnings from Kobe Steel, Suzuki and SoftBank Corp "
"2019-02-05 22:55:00","2019-02-06 06:55:00","UK ministers reportedly considering plan that would delay Brexit to May 24th, according to Telegraph"
"2019-02-05 22:48:00","2019-02-06 06:48:00","PRE-MARKET AUSTRALIAN STOCK NEWS: Commonwealth Bank of Australia (CBA AT) H1 net AUD 4.6bln vs. Prev. AUD 4.9bln Y/Y, cash profit AUD 4.7bln vs. Prev. AUD 4.6bln Y/Y, rev. AUD 12.31bln vs. Prev. AUD 12.6bln Y/Y"
"2019-02-05 22:42:00","2019-02-06 06:42:00","UK Brexit ministers reportedly looking at a plan that would keep Ireland border open, according to The Sun"
"2019-02-05 22:10:00","2019-02-06 06:10:00","ASIAN DAILY ECONOMIC RELEASES CALENDAR NOW AVAILABLE IN THE RESEARCH SECTION: Highlights include US President Trump's State of the Union Address, RBA Governor Lowe Speech, Asia-Pac markets will mostly remain closed"
"2019-02-05 22:03:00","2019-02-06 06:03:00","DAILY ASIA-PAC OPENING NEWS"
"2019-02-05 22:00:00","2019-02-06 06:00:00","ASIA-PAC SERVICE IS NOW LIVE FOR TODAY'S SESSION"
"2019-02-05 21:43:00","2019-02-06 05:43:00","Allstate (ALL) Q4 EPS USD 1.24 vs. Exp. USD 1.01, rev. USD 9.48bln vs. Exp. USD 8.71bln"
"2019-02-05 21:38:00","2019-02-06 05:38:00","Vale declares force majeure in iron ore sale contracts"
"2019-02-05 21:33:00","2019-02-06 05:33:00","US API Weekly Crude Stocks (1 Feb) 2.514mln vs. Exp. +2.2mln (prev. +2.098mln)"
"2019-02-05 21:27:00","2019-02-06 05:27:00","RANsquawk US Market Wrap - 5 Feb 2019: Cautious markets ahead of State of the Union address"
"2019-02-05 21:10:00","2019-02-06 05:10:00","Anadarko Petroleum Corp (APC) Q4 Adj. EPS USD 0.38 vs. Exp. USD 0.60, revenue USD 3.34bln vs. Exp. USD 3.47bln"
"2019-02-05 21:08:00","2019-02-06 05:08:00","Chubb Ltd (CB) Q4 EPS USD 0.76 vs. Exp. USD 1.97"
"2019-02-05 21:05:00","2019-02-06 05:05:00","Digital Realty Trust Inc (DLR) Q4 Core FFO EPS USD 1.68 vs. Exp. EPS USD 0.29, revenue USD 0.778bln vs. Exp. USD 0.79bln"
"2019-02-05 21:05:00","2019-02-06 05:05:00","Walt Disney Co (DIS) Q1 EPS ex-items USD 1.84 vs. Exp. USD 1.55, revenue USD 15.3bln vs. Exp. USD 15.15bln"
"2019-02-05 21:02:00","2019-02-06 05:02:00","Vertex Pharmaceuticals Inc (VRTX) Q4 Adj. EPS USD 1.30 vs. Exp. USD 1.06, revenue USD 0.87bln vs. Exp. USD 0.82bln"
"2019-02-05 21:01:00","2019-02-06 05:01:00","Electronic Arts Inc (EA) Q3 EPS USD 0.86 vs. Exp. USD 1.94, revenue USD 1.29bln vs. Exp. USD 1.75bln"
"2019-02-05 20:30:00","2019-02-06 04:30:00","ENERGY INVENTORY EXPECTATIONS: Crude +2.2mln, Cushing +0.9mln, distillates -1.8mln, gasoline +1.6mln (via Rtrs/Genscape)"
"2019-02-05 20:18:00","2019-02-06 04:18:00","General Motors (GM) declares quarterly dividend of USD 0.38/shr"
"2019-02-05 19:50:00","2019-02-06 03:50:00","US Treasury Secretary Mnuchin says he hopes democrats will back trade efforts with China "
"2019-02-05 19:47:00","2019-02-06 03:47:00","Charles Schwab (SCHW) executive says looking at growing expenses between 6-7% in medium term; they expect FY19 revenue +7-11% yy which could result in pre-tax profit margin of 45% "
"2019-02-05 19:38:00","2019-02-06 03:38:00","President Trump not planning to call national emergency over situation at the border wall, Bloomberg reporter tweets"
"2019-02-05 19:36:00","2019-02-06 03:36:00","Apple (AAPL) wins ruling one decision in ongoing lawsuit with Qualcomm (QCOM) "
"2019-02-05 19:33:00","2019-02-06 03:33:00","WTI (H9) futures settle USD 0.90 lower at USD 53.66/bbl, Brent (J9) settles USD 0.53 lower at USD 61.98/bbl "
"2019-02-05 19:32:00","2019-02-06 03:32:00","Saudi Arabia its Persian Gulf allies are proposing a formal partnership with the 10 nations group led by Russia; according to the WSJ  "
"2019-02-05 19:30:00","2019-02-06 03:30:00","Ireland and EU are discussing funds to offset a no-deal Brexit "
"2019-02-05 19:04:00","2019-02-06 03:04:00","Brazilian President Bolsonaro to to decide on pension reform plan to be presented to congress as soon as he leaves hospital"
"2019-02-05 18:59:00","2019-02-06 02:59:00","Venezuela's Guaido appoints Baquero, crude oil industry veteran, as state-owned PDVSA President; Platts citing sources"
"2019-02-05 18:57:00","2019-02-06 02:57:00","Emerson Electric (EMR) guides Q2 net sales growth at c. 10%, GAAP EPS USD 0.84 +/- USD 0.02 vs. Exp. USD 0.87"
"2019-02-05 18:47:00","2019-02-06 02:47:00","ITV's Political Correspondent tweets: Business leader at today’s meeting with PM says she suggested to them she was seeking legally binding limit to the backstop, rather than negotiating a new one. That’s not what Brexiters expect of her."
"2019-02-05 18:43:00","2019-02-06 02:43:00","Telegraph Brexit commissioning editor tweets: Brexiteer source warns PM May that ignoring the Malthouse Compromise means ""she’s not going to get it past the Commons and it’s no deal"""
"2019-02-05 18:41:00","2019-02-06 02:41:00","Of note for Disney (DIS), Minnesota Twins' owner, Pohlad, has joined as a bidder for Fox's (FOXA) regional sports networks"
"2019-02-05 18:06:00","2019-02-06 02:06:00","Phillips 66 (PSX) FCC Unit Bayway refinery, Linden, New Jersey (150,000 BPD) is running normally with intention to shut down; sources"
"2019-02-05 18:00:00","2019-02-06 02:00:00","Fed's Kaplan (non-voter, dove) says Fed should be patient, do nothing on rates until there is greater clarity on economic outlook, financial condition; highly appropriate to be open to adjusting balance sheet plan"
"2019-02-05 18:00:00","2019-02-06 02:00:00","US sells USD 38bln in 3-year notes, stops through by 0.3bps"
"2019-02-05 18:00:00","2019-02-06 02:00:00","US sells USD 38bln in 3-year notes, stops through by 0.3bps"
"2019-02-05 18:00:00","2019-02-06 02:00:00","Fed's Kaplan (non-voter, dove) says Fed should be patient, do nothing on rates until there is greater clarity on economic outlook, financial condition; highly appropriate to be open to adjusting balance sheet plan"
"2019-02-05 17:47:00","2019-02-06 01:47:00","PREVIEW: US to sell USD 38bln 3-year notes"
"2019-02-05 17:25:00","2019-02-06 01:25:00","Telegraph's Swinford tweets: Cabinet ministers told PM it's time to go public with the reality of no deal. Rudd said the Govt needs to be 'straight with the British people' and lift lid on implications for national security"
"2019-02-05 17:00:00","2019-02-06 01:00:00","Xerox (XRX) outlies three-year strategy, over USD 3bln of cumulative cash flow and annual EPS expansion"
"2019-02-05 16:59:00","2019-02-06 00:59:00","Tyson Foods (TSN) in talks to buy Foster Farms for USD 2bln"
"2019-02-05 16:45:00","2019-02-06 00:45:00","US President Trump and Jared Kushner have reportedly held meetings with contractors for the building of the border wall"
"2019-02-05 16:31:00","2019-02-06 00:31:00","EUROPEAN PRELIMINARY CASH EQUITY CLOSE: EURO STOXX 50 (+1.49%), FTSE 100 (+2.01%), DAX (-0.21%), CAC (+1.66%), IBEX (+1.18%), FTSE MIB (+1.03%), SMI (+1.49%)"
"2019-02-05 16:19:00","2019-02-06 00:19:00","BBC political correspondent tweets ""Downing st say alternative arrangements, time limit and exit clause to backstop are ALL still being considered - there’s been “selective quoting” of PM speech"""
"2019-02-05 16:02:00","2019-02-06 00:02:00","ITV political Correspondent tweets: Downing St sources suggesting to me there is no change in position. PM still open to either time limiting her current backstop OR replacing it with a new one. Either way, there has to be an insurance policy."
"2019-02-05 16:00:00","2019-02-06 00:00:00","Irish PM Varadkar says there is growing desire in the EU to find answers"
"2019-02-05 15:54:00","2019-02-05 23:54:00","Goldman Sachs (GS) planning to cut its commodities trading unit as according to sources"
"2019-02-05 15:44:00","2019-02-05 23:44:00","HSBC (HSBA LN) are to reduce dozens of investment banking jobs, according to sources "
"2019-02-05 15:42:00","2019-02-05 23:42:00","PoliticsHome.com Editor tweets in regard to PM May ruling out deleting back stop:  ERG source: ""Even if she doesn't mean what she said, we still do."" "
"2019-02-05 15:38:00","2019-02-05 23:38:00","Daily FX Wrap: rounding on big figures, key tech levels and decent option expiries"
"2019-02-05 15:33:00","2019-02-05 23:33:00","UK DMO transfers GBP 500mln cash from un-allocated Gilt issuance portion to medium conventional Gilt programme"
"2019-02-05 15:32:00","2019-02-05 23:32:00","UK DMO are to sell GBP 2.25bln of 1.625% 2028 on Feb 14th"
"2019-02-05 15:27:00","2019-02-05 23:27:00","Starboard's Smith says the company are definitely interested in Bristol-Myers Squibb (BMY); according to CNBC"
"2019-02-05 15:25:00","2019-02-05 23:25:00","CNN quotes Trump's aide Conway who said the US President is still waiting for a border wall counter offer"
"2019-02-05 15:20:00","2019-02-05 23:20:00","BNP Paribas sees WTI averaging USD 61/bbl (Prev. USD 69/bbl) and Brent averaging USD 68/bbl (Prev. USD 76/bbl)"
"2019-02-05 15:17:00","2019-02-05 23:17:00","Emerson Electric (EMR) sets regular cash dividend at USD 0.49/shr"
"2019-02-05 15:07:00","2019-02-05 23:07:00","US House Judiciary Panel are to vote on authorizing subpoena to serve A.G Whitaker if he declines to testify on Friday; according to a statement"
"2019-02-05 14:55:00","2019-02-05 22:55:00","LafargeHolcim (LHN SW) is reportedly planning to weigh options for its Middle East and Africa units, could sell all or part of units or even IPO, Co. may seek for USD 8bln for the Middle East and Africa units; according to sources"
"2019-02-05 14:52:00","2019-02-05 22:52:00","Italian Treasury to issue a new 30yr bond via syndicate"
"2019-02-05 14:28:00","2019-02-05 22:28:00","China MOFCOM says we have made trade policies more transparent; says USTR report does not match facts"
"2019-02-05 14:21:00","2019-02-05 22:21:00","US President Trump tweeting concern over Mexican illegal immigration at the border"
"2019-02-05 14:18:00","2019-02-05 22:18:00","Additional US Equity Stories - AGN"
"2019-02-05 14:08:00","2019-02-05 22:08:00","Fixed and FX latest: debt and Dollar narrowly mixed"
"2019-02-05 14:05:00","2019-02-05 22:05:00","Activist investor Bramson is said to be looking at shaking up Barclay's (BARC LN) board at the company's annual; meeting in May; according to a statement from Sherborne Investor"
"2019-02-05 13:58:00","2019-02-05 21:58:00","Alstom (ALO FP) CEO tells Le Figaro that Alstom and Siemens would each go alone on their own path if the deal was blocked"
"2019-02-05 13:56:00","2019-02-05 21:56:00","Sky's Political Editor Islam tweets comments from DUP's Foster stating [the] ""PM “has a v clear mandate from the Commons” and that she should take that clear message that the backstop “is replaced” to Brussels on Thursday."""
"2019-02-05 13:48:00","2019-02-05 21:48:00","Russia's Rosneft says no plans to ""choke"" production at Russkoye field due to OPEC deal "
"2019-02-05 13:46:00","2019-02-05 21:46:00","Mexican President Obrador says will soon announce extraordinary measures to support the state owned oil co. PEMEX; will reduce PEMEX's fiscal burden"
"2019-02-05 13:43:00","2019-02-05 21:43:00","Russia's Rosneft expects difference scenarios for the OPEC/Non-OPEC output deals"
"2019-02-05 13:40:00","2019-02-05 21:40:00","Alstom (ALO FP) CEO says that they expect the EU to block the Co.'s rail merger with Siemens (SIE GY) "
"2019-02-05 13:36:00","2019-02-05 21:36:00","RANsquawk Daily US Equity Opening News - 5th February 2019 "
"2019-02-05 13:23:00","2019-02-05 21:23:00","Saudi Arabia sets March Arab light crude official selling prices to Asia at plus USD 0.70/bbl vs. Oman/Dubai average, unchanged from Feb"
"2019-02-05 13:22:00","2019-02-05 21:22:00","Salzgitter (SZG GY) FY pretax profit EUR 347.3mln vs. Prev. EUR 238mln "
"2019-02-05 13:21:00","2019-02-05 21:21:00","Russia's Rosneft says it does not expect a decline in oil production in its Venezuelan projects this year, saying the situation there is temporary"
"2019-02-05 13:17:00","2019-02-05 21:17:00","Recordarti (RECI IM) has appointed Flemming Ornskov as its Chairman"
"2019-02-05 13:03:00","2019-02-05 21:03:00","Politico's Morning Money reports that they are told ""tonight's State of the Union Address from President Trump will not break any news on talks with China"""
"2019-02-05 13:01:00","2019-02-05 21:01:00","Ralph Lauren Corp (RL) Q1 Adj. ex items EPS USD 2.32 vs. Exp. USD 2.15, revenue USD 1.70bln vs. Exp. USD 1.66bln. "
"2019-02-05 13:00:00","2019-02-05 21:00:00","Italy is reportedly preparing a USD 2bln property sale to help cut debt"
"2019-02-05 12:59:00","2019-02-05 20:59:00","India's Hindustan Petroleum says they have no interest for Venezuelan oil right now"
"2019-02-05 12:57:00","2019-02-05 20:57:00","Ocado (OCDO LN) reports incident at Andover customer fulfilment centre where operations were suspended preventing orders; measures are being taken to contain the incident "
"2019-02-05 12:49:00","2019-02-05 20:49:00","Scotiabank FX Daily - USD Trading Broadly Higher, Extending Post-NFP Rebound  "
"2019-02-05 12:41:00","2019-02-05 20:41:00","UK PM May's spokesperson says Cabinet agreed it was positive that parliament showed it could support a WA subject to changes on backstop; obejective now is to secure legally binding changes ensuring UK will not be trapped indefinitely by the backstop"
"2019-02-05 12:31:00","2019-02-05 20:31:00","Lumentum Holdings (LITE) Q2 Adj. EPS USD 1.15 vs. Exp. USD 1.16, revenue USD 0.373bln vs. Exp. USD 0.36bln"
"2019-02-05 12:24:00","2019-02-05 20:24:00","ECB sources say some ECB policy makers are hesitant to change interest rates guidance as it would impact term of next ECB President and say ECB has time to change rate guidance; TLTRO seen as priority"
"2019-02-05 12:21:00","2019-02-05 20:21:00","Intesa Sanpaolo (ISP IM) reports FY net profit EUR 4.05bln, declares dividend of EUR 3.45bln on 2018 results; Q4 operating income EUR 4.19bln vs. Prev EUR 4.27bln "
"2019-02-05 12:21:00","2019-02-05 20:21:00","Intesa Sanpaolo (ISP IM) reports FY net profit EUR 4.05bln, declares dividend of EUR 3.45bln on 2018 results; Q4 operating income EUR 4.19bln vs. Prev EUR 4.27bln "
"2019-02-05 12:15:00","2019-02-05 20:15:00","TransDigm Group Inc (TDG) Q1 EPS USD 3.85 vs. Exp. USD 3.38, revenue USD 0.993bln vs. Exp. USD 0.95bln; raises FY19 guidance "
"2019-02-05 12:01:00","2019-02-05 20:01:00","Nokian Tyres (NRE1V FH) Q4 sales EUR 473.6mln vs. Exp. EUR 487mln. Net sales and operating profits are expected to come in-line"
"2019-02-05 12:00:00","2019-02-05 20:00:00","Archer Daniels Midland Co (ADM) Q4 Adj. EPS USD 0.88 vs. Exp. USD 0.92, revenue USD 15.95bln vs. Exp. USD 16.81bln; declares cash dividend pf USD 0.35/shr a 4% increase from Prev. USD 0.335/shr"
"2019-02-05 11:56:00","2019-02-05 19:56:00","Emerson Electric Co (EMR) Q1 EPS USD 0.74 vs. Exp. USD 0.66, revenue USD 4.15bln vs. Exp. USD 4.23bln. Raises full year guidance. "
"2019-02-05 11:55:00","2019-02-05 19:55:00","Merck (MRK GY) and GSK (GSK LN) have agreed on a collaboration deal on immuno-oncology valued at EUR 3.7bln"
"2019-02-05 11:47:00","2019-02-05 19:47:00","Riksbank's Jansson says Swedish economy is still strong but have to look at data going forward; adding the Central Bank will need to go slowly in terms of rate hikes"
"2019-02-05 11:39:00","2019-02-05 19:39:00","The Sun political editor tweets he was told PM May ""told Cabinet that Brexit must and will still happen on March 29, and offered no respite to the A50 extenders round the table - who were unusually silent today"""
"2019-02-05 11:38:00","2019-02-05 19:38:00","RANsquawk Daily US Opening News - 5th February 2019"
"2019-02-05 11:30:00","2019-02-05 19:30:00","Estée Lauder Companies Inc (EL) Q2 Adj. EPS USD  1.86 vs. Exp. USD 1.55, revenue USD 4.01bln vs. Exp. USD 3.92bln; Co raised FY guidance"
"2019-02-05 11:05:00","2019-02-05 19:05:00","Volkswagen (VOW3 GY) is reportedly in talks with AMF, AP Fund 1 and 4, Investor AB and Folksam about becoming a cornerstone invesrtor in the IPO of Traton; according to sources "
"2019-02-05 11:01:00","2019-02-05 19:01:00","Coloplast (COLOB DC) report Q1 revenue DKK 4.32bln vs. Exp. DKK 4.32bln, EBIT DKK 1.30bln vs. Exp. DKK 1.31bln, pretax DKK 1.29bln vs. Exp. DKK 1.30bln"
"2019-02-05 11:00:00","2019-02-05 19:00:00","Becton Dickinson and Co (BDX) Q1 adj. EPS USD 2.70 vs. Exp. USD 2.61, revenue USD 4.16bln vs. Exp. USD 4.11bln"
"2019-02-05 11:00:00","2019-02-05 19:00:00","Centene Corp (CNC) Q4 Adj. EPS USD 1.38 vs. Exp. USD 1.32, revenue USD 16.6bln vs. Exp. USD 16.4bln"
"2019-02-05 10:57:00","2019-02-05 18:57:00","Riksbank's Ingves states that there is no mechanical link between what action the Riksbank takes with the ECB, albeit the ECB is of importance"
"2019-02-05 10:56:00","2019-02-05 18:56:00","UK are to sell GBP 2.5bln of their 2041 Gilt via syndication with books closing in excess of GBP 19.6bln, according to bookrunners"
"2019-02-05 10:56:00","2019-02-05 18:56:00","Venezuela is said to be seeking a production boost to 2.5mln BPD by mid-2019; according to RIA"
"2019-02-05 10:52:00","2019-02-05 18:52:00","RANsquawk EU Mid Session: Overall risk-appetite feeds stocks and fuels oil - 5th February 2019"
"2019-02-05 10:48:00","2019-02-05 18:48:00","Fixed Income: fresh lows for core EU bonds, but no big figure stop chase"
"2019-02-05 10:39:00","2019-02-05 18:39:00","Germany sells EUR 0.465bln vs. EUR 0.5bln 0.10% 2026 I/L and EUR 0.126bln vs. EUR 0.3bln 0.10% 2046 I/L Bund "
"2019-02-05 10:30:00","2019-02-05 18:30:00","ECB allot EUR 5.423bln in their 7-day MRO"
"2019-02-05 10:28:00","2019-02-05 18:28:00","UK Ministers are secretly planning to unilaterally cut tariffs on all imports to zero in the event of a no-deal Brexit, in a move that could flood the market with cheap goods and “ruin” industry, according to a HuffPost UK​​​​​​​ exclusive"
"2019-02-05 10:25:00","2019-02-05 18:25:00","FX Morning Colour: RBA rescues flagging Aussie, but Buck benefits from weakness elsewhere"
"2019-02-05 09:56:00","2019-02-05 17:56:00","Turkish President Erdogan says Turkey and US have not reached a satisfactory plan regarding a safe zone in Northern Syria"
"2019-02-05 09:53:00","2019-02-05 17:53:00","Scor (SCOR FP) CEO says CIAM's criticisms are unfounded and would constitute slander if the activist fund continues to disseminate them"
"2019-02-05 09:51:00","2019-02-05 17:51:00","Sky News' Faisal Islam reveals ""some Conservative Brexiter parliamentarians have been lobbying the PM directly in No 10 for her to phone President Trump and get him to put pressure on Ireland to back down on the backstop"""
"2019-02-05 09:45:00","2019-02-05 17:45:00","Turkish President Erdogan says the Turkish government will act to adjust prices "
"2019-02-05 09:03:00","2019-02-05 17:03:00","Renault (RNO FP) and Nissan (7201 JT) are to enter into a tie-up with Google (GOOG) to develop self-driving cars "
"2019-02-05 09:00:00","2019-02-05 17:00:00","ASIA-PAC SERVICE HAS NOW FINISHED, PLEASE REVERT BACK TO YOUR ORIGINAL CHANNEL FOR COVERAGE ON THE UK & EUROPEAN SESSION"
"2019-02-05 08:44:00","2019-02-05 16:44:00","UK debt and STIR futures cautious ahead of services PMI"
"2019-02-05 08:17:00","2019-02-05 16:17:00","Iran is said to have held talks with China on developing oil fields; according to SEDA"
"2019-02-05 08:11:00","2019-02-05 16:11:00","ECB says banks borrowed EUR 117mln at marginal rate & deposited EUR 671.1bln overnight"
"2019-02-05 08:09:00","2019-02-05 16:09:00","Bunds: still churning and looking for a more decisive break"
"2019-02-05 08:06:00","2019-02-05 16:06:00","Morning EU Movers: Pandora (PNDORA DC) +9.0%, Assa Abloy (ASSAB SS) +4.9%, BP (BP/LN) +3.7%, Infineon (IFX GY) -0.2%, Ocado (OCDO LN) -2.4%, AMS (AMS SW) -10.9%"
"2019-02-05 08:00:00","2019-02-05 16:00:00","Kantar Worldpanel Market Update"
"2019-02-05 07:34:00","2019-02-05 15:34:00","RANsquawk Bond Auction Previews - 5th February 2019"
"2019-02-05 07:27:00","2019-02-05 15:27:00","Major FX option expiries for today's NY cut"
"2019-02-05 06:48:00","2019-02-05 14:48:00","Additional European equity stories post the release of the Daily European equity opening news"
"2019-02-05 06:45:00","2019-02-05 14:45:00","DAILY EUROPEAN EQUITY OPENING NEWS"
"2019-02-05 06:19:00","2019-02-05 14:19:00","RANsquawk Daily European Opening News - 5th February 2019 "
"2019-02-05 06:10:00","2019-02-05 14:10:00","EU may drastically reduce its 2019 growth forecast for the Italian economy, according to Italian press "
"2019-02-05 06:08:00","2019-02-05 14:08:00","Suzuki (7269 JT) Q3 operating income JPY 58.09 vs. Exp. JPY 84.83bln. Net income JPY 44.06bln vs. Exp. JPY 51.93bln"
"2019-02-05 06:06:00","2019-02-05 14:06:00","Softbank (9984 JT) reports Q3 net JPY 101.2bln, operating income JPY 191.62bln, Co. still sees FY net sales around JPY 3.7tln"
"2019-02-05 05:52:00","2019-02-05 13:52:00","ASIA-PAC MARKET WRAP: Asia stocks were mixed amid deluge of earnings and closures, although ASX 200 surged as financials took banking royal commission report in their stride"
"2019-02-05 05:28:00","2019-02-05 13:28:00","CIMIC (CIM AT) FY18 net AUD 780.6mln vs. Exp. AUD 778.0mln, rev. AUD 17.3bln vs. Prev. AUD 16.1bln Y/Y"
"2019-02-05 05:25:00","2019-02-05 13:25:00","BoJ Governor Kuroda says wage data issue dies not impact BoJ's view regarding the economy "
"2019-02-05 05:20:00","2019-02-05 13:20:00","US doesn't plan to extend sanction waivers to purchasers of Iranian oil and are seeking to reduce Iranian oil shipments to zero ASAP, according to NHK reports citing US State Department Senior Policy Adviser Hook"
"2019-02-05 05:00:00","2019-02-05 13:00:00","Mitsubishi Corp (8058 JT) 9-month net JPY 442.2bln vs. Prev. JPY 416.2bln Y/Y"
"2019-02-05 04:28:00","2019-02-05 12:28:00","Fitch says Australia bank inquiry creates short-term challenges"
"2019-02-05 04:04:00","2019-02-05 12:04:00","Itochu (8001 JT) 9-month net  JPY 397.6bln vs. Prev. JPY 357.1bln, will repurchase 3.6% of shares for JPY 100bln"
"2019-02-05 04:04:00","2019-02-05 12:04:00","Itochu (8001 JT) 9-month net  JPY 397.6bln vs. Prev. JPY 357.1bln, will repurchase 3.6% of shares for JPY 100bln"
"2019-02-05 03:35:00","2019-02-05 11:35:00","Japan sells JPY 1.77tln in 10yr JGBs bid/cover 4.80 vs. Prev. 4.04, avg. yield -0.013% vs. Prev. 0.015%"
"2019-02-05 03:30:00","2019-02-05 11:30:00","RBA keeps Cash Rate Target unchanged at 1.50% as expected"
"2019-02-05 03:17:00","2019-02-05 11:17:00","PRE-MARKET INDIA STOCK NEWS: Reliance Communications (RCOM IS) is to file for insolvency after attempts to resolve its debt crisis failed"
"2019-02-05 03:00:00","2019-02-05 11:00:00","Preview: RBA expected to maintain rates at record low 1.50% in first policy meeting of 2019"
"2019-02-05 02:35:00","2019-02-05 10:35:00","Australia futures markets are implying around 50% chance of RBA cutting rates by year-end amid weaker than expected retail sales figures"
"2019-02-05 02:26:00","2019-02-05 10:26:00","ASIA-PAC MID-SESSION UPDATE: Asia stocks are somewhat mixed amid earnings deluge and holiday closure, although ASX 200 surges as financials take banking royal commission report in their stride"
"2019-02-05 02:04:00","2019-02-05 10:04:00","Moody's says Australia Banking Royal Commission report is likely to preserve bank profitability"
"2019-02-05 01:23:00","2019-02-05 09:23:00","US Fed Chairman Powell and Vice Chair Clarida met with President Trump at the White House in which they discussed the economic outlook"
"2019-02-05 01:04:00","2019-02-05 09:04:00","NEWS STORIES OF NOTE FOR CHINA: Chinese markets are closed today"
"2019-02-05 01:00:00","2019-02-05 09:00:00","Philippines CPI (Jan) Y/Y 4.4% vs. Exp. 4.5% (Prev. 5.1%)"
"2019-02-05 01:00:00","2019-02-05 09:00:00","Philippines CPI Core (Jan) Y/Y 4.4% (Prev. 4.7%)"
"2019-02-05 00:55:00","2019-02-05 08:55:00","UN sanctions monitor report says North Korea nuclear and ballistic missile program is intact and that North Korea is working to protect those capabilities from military strikes"
"2019-02-05 00:30:00","2019-02-05 08:30:00","Japanese Nikkei Composite PMI (Jan) 50.9 (Prev. 52.0)"
"2019-02-05 00:30:00","2019-02-05 08:30:00","Fed's Mester (Non-Voter, Hawk) says Fed's wait and see approach is well calibrated to outlook and that US economy is in a good place"
"2019-02-05 00:30:00","2019-02-05 08:30:00","Japanese Nikkei Services PMI (Jan)  51.6 (Prev. 51.0)"
"2019-02-05 00:25:00","2019-02-05 08:25:00","US President Trump plans to choose Treasury official David Malpass to be US nominee to lead the World Bank"
"2019-02-05 00:24:00","2019-02-05 08:24:00","US President Trump's inaugural committee said it received a subpoena for documents"
"2019-02-05 00:17:00","2019-02-05 08:17:00","NEWS STORIES FOR TAIWAN AND SINGAPORE: Markets are shut for Lunar New Year"
"2019-02-05 00:12:00","2019-02-05 08:12:00","US Rep. Neal is building a case to subpoena US President Trump's tax returns"
"2019-02-05 00:05:00","2019-02-05 08:05:00","US Special Envoy for North Korea will meet with North Korean counterpart in Pyongyang on Wednesday"
"2019-02-05 00:03:00","2019-02-05 08:03:00","Asia-Pac stocks start a holiday-quietened session with gains after the tech-led advances stateside; ASX 200 outperforms on gains in financials which seem to make light of the Banking Royal Commission final report"
"2019-02-05 00:01:00","2019-02-05 08:01:00","UK Barclaycard Consumer Spending (Jan) Y/Y 2.9% (Prev. 1.8%)"
"2019-02-05 00:01:00","2019-02-05 08:01:00","New Zealand ANZ Commodity Price (Jan) 2.1% (Prev. -0.2%)"