"gmt_time","hk_time","subject"
"2019-01-22 23:52:00","2019-01-23 07:52:00","BoJ Loan Officer Opinion Survey Household Loan Demand Index (Jan) 3 (Prev. 0)"
"2019-01-22 23:50:00","2019-01-23 07:50:00","Japanese Adjusted Trade Balance Total Yen Dec -183.6.3B vs. Exp. -290.7B (Prev. -492.2B)"
"2019-01-22 23:45:00","2019-01-23 07:45:00","US Chamber of Commerce and American Chamber of Commerce in China deliver joint report to Office of US Trade Representative urging the US to focus on China's technology plans when trade talks resume"
"2019-01-22 23:45:00","2019-01-23 07:45:00","US Chamber of Commerce and American Chamber of Commerce in China deliver joint report to Office of US Trade Representative urging the US to focus on China's technology plans when trade talks resume"
"2019-01-22 23:30:00","2019-01-23 07:30:00","Australian Westpac Leading Index (Dec) M/M -0.2% (Prev. -0.1%)"
"2019-01-22 23:24:00","2019-01-23 07:24:00","PRE-MARKET JAPANESE AND SOUTH KOREAN STOCK NEWS: Japan Display (6740 JT) is reportedly in discussions with TPK and Silk Road Fund regarding investment"
"2019-01-22 22:52:00","2019-01-23 06:52:00","Venezuela President Maduro says to decide within hours a revision of diplomatic ties with US"
"2019-01-22 22:51:00","2019-01-23 06:51:00","UK opposition Labour Party is reportedly likely to support Cooper-Boles 'sensible' Brexit delay plan"
"2019-01-22 22:33:00","2019-01-23 06:33:00","PRE-MARKET AUSTRALIAN STOCK NEWS: WTI crude futures fell over 2% and briefly slipped below USD 52.00/bbl"
"2019-01-22 22:12:00","2019-01-23 06:12:00","UK Tory party Brexiteers concerned about prospects of a delay have suggested they could be won over if UK PM May can get a serious concession from the EU on backstop, according to Guardian"
"2019-01-22 22:02:00","2019-01-23 06:02:00","ASIAN DAILY ECONOMIC RELEASES CALENDAR NOW AVAILABLE IN THE RESEARCH SECTION: Highlights include Japanese Trade Balance, Exports & Imports, BoJ Policy Decision and RBNZ Sectoral Factor Inflation Gauge"
"2019-01-22 22:00:00","2019-01-23 06:00:00","ASIA-PAC SERVICE IS NOW LIVE FOR TODAY'S SESSION"
"2019-01-22 22:00:00","2019-01-23 06:00:00","DAILY ASIA-PAC OPENING NEWS"
"2019-01-22 21:27:00","2019-01-23 05:27:00","US Senate Majority Leader McConnell's office says NYT report of a shutdown deal is inaccurate"
"2019-01-22 21:10:00","2019-01-23 05:10:00","US Senate will vote Thursday on two separate bills that would bring an immediate end to the partial government shutdown"
"2019-01-22 21:07:00","2019-01-23 05:07:00","International Business Machines Corp (IBM) Q4 Adj. EPS USD 4.87 vs. Exp. USD 4.82, revenue USD 21.8bln vs. Exp. USD 21.71bln"
"2019-01-22 21:05:00","2019-01-23 05:05:00","Capital One Financial Corp (COF) Q4 Adj. EPS USD 1.87 vs. Exp. USD 2.37, revenue USD 7.0bln vs. Exp. USD 7.08bln"
"2019-01-22 21:03:00","2019-01-23 05:03:00","RANsquawk US Market Wrap - 22 Jan 2019: Stocks slide as fear of global slowdown bites again"
"2019-01-22 20:51:00","2019-01-23 04:51:00","NEC Director Kudlow says he likes the word ""patience"" from the Fed; CNBC"
"2019-01-22 20:39:00","2019-01-23 04:39:00","NEC Director Kudlow denies FT report that the US has turned down a China offer of preparatory trade talks over lack of progress "
"2019-01-22 20:03:00","2019-01-23 04:03:00","US President Trump has reportedly begun interviewing new candidates for the open Fed board seat "
"2019-01-22 19:48:00","2019-01-23 03:48:00","Venezuela's PDVSA launches tenders to sell up to 4.45mln barrels of crude; according to traders"
"2019-01-22 19:32:00","2019-01-23 03:32:00","WTI futures (G9) settle USD 1.23 lower at USD 52.57/bbl, Brent futures (H9) settle USD 1.24 lower at USD 61.50/bbl"
"2019-01-22 19:22:00","2019-01-23 03:22:00","Twitter (TWTR) launching new update "
"2019-01-22 19:08:00","2019-01-23 03:08:00","Imperial Strathcona refinery (capacity 187k BPD) reports short term operational issues"
"2019-01-22 19:05:00","2019-01-23 03:05:00","EIA US total shale regions oil production for February seen up 63,000 BPD at 78.179mln BPD (vs. 71,000 BPD rise in January)"
"2019-01-22 18:57:00","2019-01-23 02:57:00","Total System Services (TSS) hearing that strength attributed to constructive comments on M&A blog "
"2019-01-22 18:42:00","2019-01-23 02:42:00","UK PM May se to force ministers to keep a no deal Brexit on the table; according to the Huffpost "
"2019-01-22 18:30:00","2019-01-23 02:30:00","Wells Fargo (WFC) raises quarterly dividend by 4.7% to USD 0.45/shr "
"2019-01-22 18:08:00","2019-01-23 02:08:00","US turns down China offer of preparatory trade talks, cancellation of Washington trip shows difficulties of reaching deal by March; according to the FT "
"2019-01-22 17:50:00","2019-01-23 01:50:00","Brazil Central Bank Governor Goldfajn says global economic outlook has deteriorated and remains uncertain; he notes monetary policy stimulative and will judge at the right time if sufficiently so  "
"2019-01-22 17:19:00","2019-01-23 01:19:00","Canada's Foreign Minister Freeland says China tensions are a central concern for Canada; she notes Huawei CEO will be treated fairly in Canada courts and up to them to decide if US charge is valid"
"2019-01-22 17:09:00","2019-01-23 01:09:00","Azerbaijan President says OPEC+ deal will maintain oil range of USD 60-70/bbl; according to Tass "
"2019-01-22 17:04:00","2019-01-23 01:04:00","The Telegraph's Brexit commissioning editor tweets that a Senior Tory Brexiteer is wary of Murrison's new amendment telling him ""I think the lack of an actual expiry date makes it a non-starter. We could be talking about 31 December 2030!"""
"2019-01-22 17:03:00","2019-01-23 01:03:00","Mexico Finance Minister says government will lay out PEMEX aid programme tomorrow"
"2019-01-22 17:02:00","2019-01-23 01:02:00","Russia's Energy Minister Novak will not attend Davos; according to IFX "
"2019-01-22 17:00:00","2019-01-23 01:00:00","US DoJ will continue to pursue the extradition of Huawei CFO Meng Wanzhou"
"2019-01-22 16:57:00","2019-01-23 00:57:00","US President Trump is scheduled to give State of the Union address from the Capitol on January 29th as scheduled; Fox"
"2019-01-22 16:55:00","2019-01-23 00:55:00","Irish Foreign Minister Coveney says it is prudent to now intensify planning for a no deal scenario "
"2019-01-22 16:32:00","2019-01-23 00:32:00","Turkmen oil exports via Russia's Black Sea port of Novorossiisk to resume in February; according to sources "
"2019-01-22 16:30:00","2019-01-23 00:30:00","EUROPEAN PRELIMINARY CASH EQUITY CLOSE: EURO STOXX 50 (-0.43%), FTSE 100 (-1.00%), DAX (-0.49%), CAC (-0.56%), IBEX (-0.22%), FTSE MIB (-1.01%), SMI (-0.56%)"
"2019-01-22 16:29:00","2019-01-23 00:29:00","Top US diplomat in charge of European affairs has resigned from the State department; sources"
"2019-01-22 16:00:00","2019-01-23 00:00:00","Adidas (ADS GY) and Foot Locker (FL) announced an elevation of their strategic partnership"
"2019-01-22 15:57:00","2019-01-22 23:57:00","French Finance Minister Le Maire says Alstom (ALO FP) and Siemens (SIE GY) will not make additional concessions for EU regulatory approval of their merger"
"2019-01-22 15:56:00","2019-01-22 23:56:00","Daily FX Wrap: Sterling shines as Brexit briefly took a backseat "
"2019-01-22 15:51:00","2019-01-22 23:51:00","Colfax (CFX) hire Goldman Sachs (GS) to launch a sale of its air and gas unit Howden; according to sources "
"2019-01-22 15:42:00","2019-01-22 23:42:00","BP Whiting Indiana refinery is reportedly back to full production; according to sources"
"2019-01-22 15:35:00","2019-01-22 23:35:00","eBay (EBAY) Starboard has taken a significant stake and is striving for changes in the Co.; as according to sources"
"2019-01-22 15:32:00","2019-01-22 23:32:00","SERVICE UPDATE: Sound issues have now been resolved, and normal service has resumed. Thank you for your patience. "
"2019-01-22 15:28:00","2019-01-22 23:28:00","Bentley CEO says costs FY sales fell 5% to 10494 vehicles in 2018; China demand +19%"
"2019-01-22 15:27:00","2019-01-22 23:27:00","Saudi Aramco planning billions of dollars in investments to acquire US gas assets; as according to their CEO"
"2019-01-22 15:19:00","2019-01-22 23:19:00","IMF's Lagarde says Fed's patient approach is positive for growth"
"2019-01-22 15:17:00","2019-01-22 23:17:00","Ebay (EBAY) Co say they will carefully review and evaluate proposal from Elliot management "
"2019-01-22 15:17:00","2019-01-22 23:17:00","Ebay (EBAY) Co say they will carefully review and evaluate proposal from Elliot management "
"2019-01-22 15:14:00","2019-01-22 23:14:00","US Secretary of State Pompeo, regarding China, states that he does not see a conflict as inevitable; adding that the relationship will be determined by American principles, fair trade"
"2019-01-22 15:04:00","2019-01-22 23:04:00","Flex (FLEX) Co. may be preparing for a sale; as according to FT"
"2019-01-22 15:03:00","2019-01-22 23:03:00","SERVICE ANNOUNCEMENT: Some users may be experiencing technical issues with sound; our tech team is attending to the issue and we hope to have full service restored very shortly"
"2019-01-22 15:01:00","2019-01-22 23:01:00","US President Trump tweets ""The United States has a great economic story to tell. Number one in the World, by far!"""
"2019-01-22 14:56:00","2019-01-22 22:56:00","SARB Governor Kganyago says it is important that the SARB anchors inflation around 4.5%"
"2019-01-22 14:47:00","2019-01-22 22:47:00","Fixed Income: Bonos outperform in rangy EU trade as syndicated bond demand hits record level"
"2019-01-22 14:31:00","2019-01-22 22:31:00","Gold Fields Limited (GFI) said to seek a merger with Anglogold "
"2019-01-22 14:09:00","2019-01-22 22:09:00","Additional US Equity Stories "
"2019-01-22 14:07:00","2019-01-22 22:07:00","Mexico President AMLO says the Mexican economy will grow above the IMF forecast"
"2019-01-22 14:00:00","2019-01-22 22:00:00","European refinery output at 11mln BPD in December, +1% from November and -3% YY; gasoline output at 2.501mln BPD in December +2.4% from November and -4.9% YY"
"2019-01-22 13:50:00","2019-01-22 21:50:00","SNB's Maechler says negative rates and market interventions are necessary to stop the franc rising, despite this inflation still remains low"
"2019-01-22 13:40:00","2019-01-22 21:40:00","IBM (IBM) CEO says will announce a deal with a ""big French bank"" tonight "
"2019-01-22 13:38:00","2019-01-22 21:38:00","RANsquawk Daily US Equity Opening News - 22nd January 2019 "
"2019-01-22 13:36:00","2019-01-22 21:36:00","Taiwan is creating a detailed list of Chinese tech companies, as security concerns fuel a campaign to restrict the use of equipment from manufacturers included Huawei; according to Nikkei"
"2019-01-22 13:10:00","2019-01-22 21:10:00","SNB’s Maechler says global economy is still robust, however, it’s not as solid as it was six months ago, she sees a slowdown in the Swiss economy but no recession "
"2019-01-22 13:00:00","2019-01-22 21:00:00","Prologis Inc (PLD) Q4 Diluted EPS USD 0.80 vs. Exp. USD 0.79, revenue USD 0.807bln vs. Exp. USD 0.664bln"
"2019-01-22 12:56:00","2019-01-22 20:56:00","Scotia FX Daily - G10 FX Still Range Bound Despite Mild Risk Aversion"
"2019-01-22 12:37:00","2019-01-22 20:37:00","UK official says the government are likely to oppose the Cooper-Boles amendments"
"2019-01-22 12:28:00","2019-01-22 20:28:00","UK PM May's spokesperson says PM will hold talks with businesses today to provide an update on Brexit "
"2019-01-22 12:21:00","2019-01-22 20:21:00","OPEC Secretary General Barkindo says Russia intends to continue to work with OPEC "
"2019-01-22 12:12:00","2019-01-22 20:12:00","Huawei Executive in Davos says the issue of Canadians  being arrested in China has no relation to Huawei; adds co. will call for quick conclusion on the case of detained Executive Meng Wanzhou"
"2019-01-22 12:05:00","2019-01-22 20:05:00","RWE (RWE GY) is to acquire a 16.7% equity interest in E.ON (EON GY) "
"2019-01-22 11:57:00","2019-01-22 19:57:00","Travelers Companies Inc (TRV) Q4 Core EPS USD 2.13  vs. Exp. USD 2.05, revenue USD 7.80bln vs. Exp. USD 6.74bln"
"2019-01-22 11:50:00","2019-01-22 19:50:00","Indian Steel Minister says the Indian Commerce Ministry has gone to the WTO against US tariffs"
"2019-01-22 11:50:00","2019-01-22 19:50:00","Renault (RNO FP) likely to name Jean-Dominique Senard as Chairman, sources report "
"2019-01-22 11:46:00","2019-01-22 19:46:00","Volkwagen's (VOW GY) top labour leader does not rule out further asset sales; deal would need industrial logic and protect jobs"
"2019-01-22 11:45:00","2019-01-22 19:45:00","Halliburton Co (HAL) Q4 Adj. EPS USD 0.41 vs. Exp. USD 0.37, revenue USD 5.90bln vs. Exp. USD 5.86bln"
"2019-01-22 11:41:00","2019-01-22 19:41:00","Johnson & Johnson (JNJ) Q4 non-GAAP EPS ex-items USD 1.97 vs. Exp. USD 1.95, revenue USD 20.4bln vs. Exp. USD 20.2bln"
"2019-01-22 11:40:00","2019-01-22 19:40:00","RANsquawk Daily US Opening News - 22nd January 2019"
"2019-01-22 11:35:00","2019-01-22 19:35:00","Indian Oil is to reportedly shut a 150k BPD crude unit alongside others at its Panipat refinery for 30-days from mid-Feb"
"2019-01-22 11:23:00","2019-01-22 19:23:00","Commerzbank (CBK GY) and Deutsche Bank (DBK GY) merger is not favoured by the Verdi Union as they do not believe it will add value and will lead to job cuts "
"2019-01-22 11:23:00","2019-01-22 19:23:00","Wall Street backlash ruins plans to transform swaps market; a Republican regulator is planning to withdraw a revamp of rules for the swaps market due to criticism from firms. As according to WSJ"
"2019-01-22 11:19:00","2019-01-22 19:19:00","Two US business groups have issued a report on how China is moving forward with a technology policy set to be a ""key point of contentions"" in US-Sino trade talks; according to WSJ"
"2019-01-22 11:10:00","2019-01-22 19:10:00","Italian Economy Ministry Undersecretary says the EC could reject Italy's plan to reimburse customers hit by bank rescues"
"2019-01-22 11:09:00","2019-01-22 19:09:00","RANsquawk EU Mid Session: Stocks slides with sentiment after a brief sigh of relief  - 22nd January 2019"
"2019-01-22 11:00:00","2019-01-22 19:00:00","Stanley Black & Decker Inc (SWK) Q4 Diluted EPS USD  2.11 vs. Exp. USD 2.10, revenue USD 3.60bln vs. Exp. USD 3.62bln"
"2019-01-22 10:48:00","2019-01-22 18:48:00","FX Morning Colour: Sterling advances as UK employment total hits record high"
"2019-01-22 10:41:00","2019-01-22 18:41:00","Sources state that the second round of bids are due for Elior's (ELIOR FP) areas division with a view to choosing the preferred candidates by March"
"2019-01-22 10:33:00","2019-01-22 18:33:00","UK sells GBP 1.75bln in their 1.75% 2037 Gilt Auction"
"2019-01-22 10:30:00","2019-01-22 18:30:00","ECB allots EUR 6.576bln in their 7-day MRO"
"2019-01-22 10:01:00","2019-01-22 18:01:00","Fixed Income: Early gains cut as 10-year Bund and Gilt futures fail to break key levels"
"2019-01-22 09:47:00","2019-01-22 17:47:00","Spain have generated more than EUR 46bln of demand for their 10-year syndicated Government bond sale as according to the lead manager"
"2019-01-22 09:37:00","2019-01-22 17:37:00","BBC's Smith tweets, Minister tells me Commons will have to sit through the February recess and weekends to achieve Brexit by March 29th"
"2019-01-22 09:30:00","2019-01-22 17:30:00","UK Employment Change 3M/3M MM 141K vs. Exp. 88K (Prev. 79.0K) "
"2019-01-22 09:24:00","2019-01-22 17:24:00","DUP spokesperson says there will have to be changes to PM May’s Brexit deal which provide legally binding assurances on the Irish backstop"
"2019-01-22 09:13:00","2019-01-22 17:13:00","Saudi Energy Minister Al Falih is said to have cancelled his Davos trip; he was due to speak on Wednesday"
"2019-01-22 09:03:00","2019-01-22 17:03:00","Spanish trade balance EUR -2.6bln vs. Prev. EUR -3.1bln (Rev. EUR -3.8bln)"
"2019-01-22 09:00:00","2019-01-22 17:00:00","ASIA-PAC SERVICE HAS NOW FINISHED, PLEASE REVERT BACK TO YOUR ORIGINAL CHANNEL FOR COVERAGE ON THE UK & EUROPEAN SESSION"
"2019-01-22 08:52:00","2019-01-22 16:52:00","Chinese Global Times Editor tweets, China has hoped to reach a reasonable trade deal with the US. When China's GDP grew at double digit rate, we wished China-US relations go well. But if the US forces China to sign an unequal deal, Beijing won't yield"
"2019-01-22 08:52:00","2019-01-22 16:52:00","Chinese Global Times Editor tweets, China has hoped to reach a reasonable trade deal with the US. When China's GDP grew at double digit rate, we wished China-US relations go well. But if the US forces China to sign an unequal deal, Beijing won't yield"
"2019-01-22 08:43:00","2019-01-22 16:43:00","AutoGrill (AGL IM) have submitted an offer for Elior's (ELIOR FP) Areas assets, as according to sources "
"2019-01-22 08:22:00","2019-01-22 16:22:00","RANsquawk Central Banks - PREVIEW: BoJ policy announcement due Wednesday 23rd January 2019"
"2019-01-22 08:04:00","2019-01-22 16:04:00","European equity movers this morning: Logitech (LOGN SW) +3.5%; RPC Group (RPC LN) +2.3%; Deutsche Lufthansa (LHA GY) +1.5%; Linde (LIN GY) +1.0%; UBS (UBSG SW) -4.6%; K+S (SDF GY) -3.3%; Deutsche Bank (DBK GY) -2.3%"
"2019-01-22 07:57:00","2019-01-22 15:57:00","Option expiries of note for today's NY cut"
"2019-01-22 07:41:00","2019-01-22 15:41:00","RANsquawk Bond Auction Previews - 22nd January 2019"
"2019-01-22 07:26:00","2019-01-22 15:26:00","French Finance Minister Le Maire says a hard-Brexit is now more likely than it was a few weeks ago"
"2019-01-22 07:16:00","2019-01-22 15:16:00","China Foreign Ministry, when asked about a retaliation against the US if Huawei Executive Meng is extradited, said it will respond further according taken by the US and added that what the US did is wrong"
"2019-01-22 07:02:00","2019-01-22 15:02:00","Additional European equity stories post the release of the Daily European equity opening news"
"2019-01-22 06:59:00","2019-01-22 14:59:00","DAILY EUROPEAN EQUITY OPENING NEWS"
"2019-01-22 06:43:00","2019-01-22 14:43:00","European Commission are to cut Italy's growth forecast for 2019 to 0.6% (currently 1.2%) or ""slightly below""; according to La Repubblica"
"2019-01-22 06:20:00","2019-01-22 14:20:00","Austria may propose Vice Governor of the Austrian Central Bank Ittner as the next ECB Chief Economist"
"2019-01-22 06:15:00","2019-01-22 14:15:00","RANsquawk Daily European Opening News - 22nd January 2019"
"2019-01-22 05:51:00","2019-01-22 13:51:00","ASIA-PAC MARKET WRAP: Asia traded subdued after non-existent Wall St lead and as soft Chinese growth continued to reverberate across risk sentiment"
"2019-01-22 05:48:00","2019-01-22 13:48:00","UBS (UBSG SW) Q4 net USD 696mln vs. Exp. USD 729mln; targets USD 1.9bln share repurchase this year"
"2019-01-22 05:00:00","2019-01-22 13:00:00","Japanese BoJ Core CPI (Dec) Y/Y 0.4% (Prev. 0.5%)"
"2019-01-22 05:00:00","2019-01-22 13:00:00","Dr Reddy's (DRRD IS) is mulling USD 1.0bln of acquisitions in the US "
"2019-01-22 04:53:00","2019-01-22 12:53:00","Tesla (TSLA) is said to sign preliminary battery supply agreement with Tianjin Lishen related to Shanghai factory, while Tesla is reportedly to seek reducing reliance on Panasonic (6752 JT)"
"2019-01-22 04:05:00","2019-01-22 12:05:00","Japanese Tokyo Condominium Sales (Dec) Y/Y 15.2% (Prev. 2.8%)"
"2019-01-22 03:35:00","2019-01-22 11:35:00"," Japan sells JPY 399.0bln in 2yr, 5yr, 10yr and 20yr JGBs in enhanced liquidity auction; b/c 5.54 vs. Prev. 5.69"
"2019-01-22 03:25:00","2019-01-22 11:25:00","Goldman Sachs Chief Economist Hatzius says only sees a 10% risk of a hard Brexit, adds Fed has appropriately shifted to a pause in hikes"
"2019-01-22 03:20:00","2019-01-22 11:20:00","PRE-MARKET INDIA STOCK NEWS: L&T Finance Holdings (LTFH IS) Q3 consolidated net profit rose 81% Y/Y to INR 5.8bln"
"2019-01-22 03:18:00","2019-01-22 11:18:00","Tokyo court rejects former Nissan (7201 JT) Chairman Ghosn's bail request"
"2019-01-22 03:12:00","2019-01-22 11:12:00","US is to seek extradition of Huawei's CFO Meng, according to Canadian press reports"
"2019-01-22 03:03:00","2019-01-22 11:03:00","Alberta, Canada is expected to announce CAD 2bln oil sector investment plan, with Premier Notley to announce CAD 2bln facility to squeeze more oil into clogged pipelines"
"2019-01-22 03:02:00","2019-01-22 11:02:00","China NDRC says to help quality private firms expand bond issuances"
"2019-01-22 02:53:00","2019-01-22 10:53:00","China Mofcom says to levy anti-dumping duties on ortho dichlorobenzene imports from Japan and India"
"2019-01-22 02:48:00","2019-01-22 10:48:00","NDRC says new hires in China internet industry remains stable and sees no massive layoffs, adds China job market is overall stable but faces changes and that economic downward pressure will pass onto jobs market"
"2019-01-22 02:38:00","2019-01-22 10:38:00","ASIA-PAC MID-SESSION UPDATE: Lacklustre trade in Asia after non-existent Wall St lead and as soft Chinese growth continues to reverberate across risk sentiment"
"2019-01-22 02:34:00","2019-01-22 10:34:00","NDRC says China does not pursue high-speed growth and will pursue more high-quality growth"
"2019-01-22 02:32:00","2019-01-22 10:32:00","South Korean court accepts Samsung Biologics (207940 KS) request to suspend disciplinary proceedings"
"2019-01-22 02:07:00","2019-01-22 10:07:00","Chinese regulators reportedly approved 93 game titles"
"2019-01-22 01:39:00","2019-01-22 09:39:00","China stats bureau provides sector breakdown for Q4 GDP in which the finance sector GDP rose 6.3% Y/Y and property sector GDP grew 2% Y/Y, while IT and software sector GDP rose 29.1% Y/Y"
"2019-01-22 01:15:00","2019-01-22 09:15:00","Jefferies expects build forecast for this year’s three new Apple (AAPL) iPhone models to decline 20% Y/Y to just 55mln in Q4 2019 and sees total 2019 iPhone shipments falling 17% Y/Y to 170mln vs. Prev. forecast of 195mln"
"2019-01-22 01:15:00","2019-01-22 09:15:00","PBoC sets CNY mid-point at 6.7854 (Prev. 6.7774)"
"2019-01-22 01:10:00","2019-01-22 09:10:00","PBoC skips open market operations for a net daily drain of CNY 80bln"
"2019-01-22 00:55:00","2019-01-22 08:55:00","PRE-MARKET CHINESE STOCK NEWS: China Investment Holdings (132 HK) shares halted pending major transaction announcement"
"2019-01-22 00:23:00","2019-01-22 08:23:00","Panasonic (6752 JT) said to be supplier of Tesla (TSLA) batteries in China "
"2019-01-22 00:18:00","2019-01-22 08:18:00","Magnitude 6.1 earthquake strikes off Indonesia, according to USGS"
"2019-01-22 00:15:00","2019-01-22 08:15:00","PRE-MARKET TAIWAN AND SINGAPORE NEWS: China Airlines (2610 TT) Tigerair unit plans listing"
"2019-01-22 00:12:00","2019-01-22 08:12:00","ACCC delays decision on TPG Telecom (TPM AT) and Vodafone Australia merger to April 11th from March 28th due to insufficient information from the companies"
"2019-01-22 00:02:00","2019-01-22 08:02:00","Asia equity markets begin the session mixed following a non-existent lead from US where markets were shut for MLK Day and after the lacklustre performance for EU stocks in the aftermath of the slowest China growth in 28 years"