[
    {
        "id": 692289,
        "updated_sequence": 1124266,
        "published_at": {
            "unix": 1548028200,
            "text": "2019-01-20 23:50:00 +0000",
            "iso_8601": "2019-01-20T23:50:00Z"
        },
        "updated_at": {
            "unix": 1548028263,
            "text": "2019-01-20 23:51:03 +0000",
            "iso_8601": "2019-01-20T23:51:03Z"
        },
        "subject": "Regulator blocks Telecom Italia (TIT IM) spin off of network assets ",
        "content": "",
        "reaction_details": "",
        "reaction_updated_at": null,
        "analysis_details": "",
        "analysis_updated_at": null,
        "push_notify": false,
        "source": "Newswires",
        "slug": "regulator-blocks-telecom-italia-tit-im-spin-off-of-network-assets-20-01-2019",
        "hidden": false,
        "section": {
            "id": 33,
            "name": "European Equities"
        },
        "important": false,
        "highlighted": false,
        "disclaimer": null,
        "rumour": false,
        "hk_time": "2019-01-21 07:50:00",
        "gmt_time": "2019-01-20 23:50:00"
    },
    {
        "id": 692288,
        "updated_sequence": 1124263,
        "published_at": {
            "unix": 1548027300,
            "text": "2019-01-20 23:35:00 +0000",
            "iso_8601": "2019-01-20T23:35:00Z"
        },
        "updated_at": {
            "unix": 1548027560,
            "text": "2019-01-20 23:39:20 +0000",
            "iso_8601": "2019-01-20T23:39:20Z"
        },
        "subject": "Israel Military confirms it is currently striking Iranian Quds target in Syria and warns Syria not to harm Israeli territory or forces",
        "content": "",
        "reaction_details": "",
        "reaction_updated_at": null,
        "analysis_details": "",
        "analysis_updated_at": null,
        "push_notify": false,
        "source": "Newswires",
        "slug": "israel-military-confirms-it-is-currently-striking-iranian-quds-target-in-syria-and-warns-syria-not-to-harm-israeli-territory-or-forces-20-01-2019",
        "hidden": false,
        "section": {
            "id": 23,
            "name": "Geopolitical"
        },
        "important": true,
        "highlighted": true,
        "disclaimer": null,
        "rumour": false,
        "hk_time": "2019-01-21 07:35:00",
        "gmt_time": "2019-01-20 23:35:00"
    },
    {
        "id": 692287,
        "updated_sequence": 1124255,
        "published_at": {
            "unix": 1548026940,
            "text": "2019-01-20 23:29:00 +0000",
            "iso_8601": "2019-01-20T23:29:00Z"
        },
        "updated_at": {
            "unix": 1548027019,
            "text": "2019-01-20 23:30:19 +0000",
            "iso_8601": "2019-01-20T23:30:19Z"
        },
        "subject": "Lixil Group (5938 JT) reports note Co. shares trading has been suspended by Tokyo Stock Exchange amid tender offer",
        "content": "",
        "reaction_details": "",
        "reaction_updated_at": null,
        "analysis_details": "",
        "analysis_updated_at": null,
        "push_notify": false,
        "source": "Newswires",
        "slug": "lixil-group-5938-jt-reports-note-co-shares-trading-has-been-suspended-by-tokyo-stock-exchange-amid-tender-offer-20-01-2019",
        "hidden": false,
        "section": {
            "id": 31,
            "name": "Asian Equities"
        },
        "important": false,
        "highlighted": false,
        "disclaimer": null,
        "rumour": false,
        "hk_time": "2019-01-21 07:29:00",
        "gmt_time": "2019-01-20 23:29:00"
    },
    {
        "id": 692286,
        "updated_sequence": 1124260,
        "published_at": {
            "unix": 1548026760,
            "text": "2019-01-20 23:26:00 +0000",
            "iso_8601": "2019-01-20T23:26:00Z"
        },
        "updated_at": {
            "unix": 1548027327,
            "text": "2019-01-20 23:35:27 +0000",
            "iso_8601": "2019-01-20T23:35:27Z"
        },
        "subject": "Syrian air defenses reportedly shoot down several hostile targets according to SANA, while separate reports note Israel is currently attacking Iran Qud Force targets in Syria",
        "content": "",
        "reaction_details": "",
        "reaction_updated_at": null,
        "analysis_details": "",
        "analysis_updated_at": null,
        "push_notify": false,
        "source": "SANA",
        "slug": "syrian-air-defenses-reportedly-shoot-down-several-hostile-targets-according-to-sana-while-separate-reports-note-israel-is-currently-attacking-iran-qud-force-targets-in-syria-20-01-2019",
        "hidden": false,
        "section": {
            "id": 23,
            "name": "Geopolitical"
        },
        "important": false,
        "highlighted": false,
        "disclaimer": null,
        "rumour": false,
        "hk_time": "2019-01-21 07:26:00",
        "gmt_time": "2019-01-20 23:26:00"
    },
    {
        "id": 692285,
        "updated_sequence": 1124252,
        "published_at": {
            "unix": 1548026580,
            "text": "2019-01-20 23:23:00 +0000",
            "iso_8601": "2019-01-20T23:23:00Z"
        },
        "updated_at": {
            "unix": 1548026890,
            "text": "2019-01-20 23:28:10 +0000",
            "iso_8601": "2019-01-20T23:28:10Z"
        },
        "subject": "PRE-MARKET JAPANESE AND SOUTH KOREAN STOCK NEWS: Japan Tobacco (2914 JT) December cigarette sales volumes fell 15.1% Y/Y to 6.8bln",
        "content": "<p>JAPAN</p>\r\n\r\n<p>Japan Tobacco (2914 JT)<br />- Co. December cigarette sales volumes fell 15.1% Y/Y to 6.8bln. (Newswires)</p>\r\n\r\n<p>Lixil Group (5938 JT)<br />- Co. CEO is said to be examining relocation to Singapore. (Nikkei)</p>\r\n\r\n<p>Nissan (7201 JT)<br />- France is said to favour a merger between Nissan and Renault (RNO FP), although there were also reports that French Finance Minister Le Maire downplayed merger prospects. (Newswires)</p>\r\n\r\n<p>Panasonic (6752 JT)<br />- Co. and Toyota (7201 JT) are planning to set up a JV to manufacture electric vehicle batteries. (Nikkei)<br /><br />Shimizu (1803 JT)<br />- Co. received partial ban for 120 days on private-sector building contracts following guilty verdict related to anti-trust practices. (Newswires)</p>\r\n\r\n<p>Sumitomo Mitsui Financial Group (8316 JT)<br />- Co. reportedly ordered 65 planes from Airbus (AIR FP) for its leasing business. (Nikkei)</p>\r\n\r\n<p><br />&nbsp;</p>\r\n\r\n<p>SOUTH KOREA</p>\r\n\r\n<p>Property<br />- The government will unveil more measures to curb housing prices if required, according to the chief policy adviser to President Moon. (Yonhap)</p>\r\n\r\n<p>Other News<br />- White House said US President Trump is planning a second summit with North Korea at the end of February, while it added that the US continues to make progress with North Korea and that sanctions are to remain. In related news, US State Department said Secretary of State Pompeo and Special Representative Biegun &quot;had a good discussion&quot; with the North Korean Envoy on efforts for progress on commitments made at the Singapore summit. (Newswires)<br />- China was said to begin anti-dumping probe on polysilicon from US and South Korea. (Newswires)<br />- South Korea&#39;s state-run pension fund suffered valuation losses from its investment in the country&#39;s 10 major conglomerates due to declines in their stocks, with value of holdings in the 10 conglomerates falling to KRW 66.45tln in 2018 from KRW 80.8tln in 2017. (Yonhap)</p>\r\n",
        "reaction_details": "",
        "reaction_updated_at": null,
        "analysis_details": "",
        "analysis_updated_at": null,
        "push_notify": false,
        "source": "Newswires",
        "slug": "pre-market-japanese-and-south-korean-stock-news-japan-tobacco-2914-jt-december-cigarette-sales-volumes-fell-15-1-y-y-to-6-8bln-20-01-2019",
        "hidden": false,
        "section": {
            "id": 31,
            "name": "Asian Equities"
        },
        "important": false,
        "highlighted": true,
        "disclaimer": null,
        "rumour": false,
        "hk_time": "2019-01-21 07:23:00",
        "gmt_time": "2019-01-20 23:23:00"
    },
    {
        "id": 692284,
        "updated_sequence": 1124244,
        "published_at": {
            "unix": 1548026100,
            "text": "2019-01-20 23:15:00 +0000",
            "iso_8601": "2019-01-20T23:15:00Z"
        },
        "updated_at": {
            "unix": 1548026210,
            "text": "2019-01-20 23:16:50 +0000",
            "iso_8601": "2019-01-20T23:16:50Z"
        },
        "subject": "Reports note markets are pricing around a 50% chance RBNZ will cut rates by year-end",
        "content": "",
        "reaction_details": "",
        "reaction_updated_at": null,
        "analysis_details": "",
        "analysis_updated_at": null,
        "push_notify": false,
        "source": "Newswires",
        "slug": "reports-note-markets-are-pricing-around-a-50-chance-rbnz-will-cut-rates-by-year-end-20-01-2019",
        "hidden": false,
        "section": {
            "id": 27,
            "name": "Economic Commentary"
        },
        "important": false,
        "highlighted": false,
        "disclaimer": null,
        "rumour": false,
        "hk_time": "2019-01-21 07:15:00",
        "gmt_time": "2019-01-20 23:15:00"
    },
    {
        "id": 692282,
        "updated_sequence": 1124238,
        "published_at": {
            "unix": 1548024660,
            "text": "2019-01-20 22:51:00 +0000",
            "iso_8601": "2019-01-20T22:51:00Z"
        },
        "updated_at": {
            "unix": 1548024764,
            "text": "2019-01-20 22:52:44 +0000",
            "iso_8601": "2019-01-20T22:52:44Z"
        },
        "subject": "EU is reportedly split regarding how long UK should delay Brexit with some governments said to be calling for an extension of as long as a year, while some are against any extension",
        "content": "",
        "reaction_details": "",
        "reaction_updated_at": null,
        "analysis_details": "",
        "analysis_updated_at": null,
        "push_notify": false,
        "source": "Newswires",
        "slug": "eu-is-reportedly-split-regarding-how-long-uk-should-delay-brexit-with-some-governments-said-to-be-calling-for-an-extension-of-as-long-as-a-year-while-some-are-against-any-extension-20-01-2019",
        "hidden": false,
        "section": {
            "id": 38,
            "name": "Brexit"
        },
        "important": false,
        "highlighted": false,
        "disclaimer": null,
        "rumour": false,
        "hk_time": "2019-01-21 06:51:00",
        "gmt_time": "2019-01-20 22:51:00"
    },
    {
        "id": 692281,
        "updated_sequence": 1124235,
        "published_at": {
            "unix": 1548024180,
            "text": "2019-01-20 22:43:00 +0000",
            "iso_8601": "2019-01-20T22:43:00Z"
        },
        "updated_at": {
            "unix": 1548024362,
            "text": "2019-01-20 22:46:02 +0000",
            "iso_8601": "2019-01-20T22:46:02Z"
        },
        "subject": "PRE-MARKET AUSTRALIAN STOCK NEWS: Ausdrill (ASL AT) received 4 mining services contracts valued at AUD 171mln",
        "content": "<p>Ausdrill (ASL AT)<br />- Co. received 4 mining services contracts valued at AUD 171mln. (Newswires)</p>\r\n\r\n<p>Healthscope (HSO AT)<br />- Co. is said to have not received a binding offer from Brookfield although is expected on January 22nd at the soonest. (AFR)</p>\r\n\r\n<p>Sandfire Resources (SFR AT)<br />- Co. confirms non-binding offer for MOD Resources (MOD AT) after reports noted the Co. made a non-binding and conditional bid valued at AUD 0.37/Shr vs. last close of AUD 0.22/Shr. (Newswires)</p>\r\n\r\n<p>Sims Metal Management (SGM AT)<br />- Co. guides H1 underlying EBIT around AUD 110mln, while it stated that H1 has been challenging for recycling companies globally which will continue in the near future. (Newswires)</p>\r\n\r\n<p>Sydney Airport (SYD AT)<br />- Co. December traffic fell 0.1% Y/Y. (Newswires)</p>\r\n\r\n<p>Telstra (TLS AT)<br />- Co. rolls out major upgrade to Asia-Pac network services. (Newswires)</p>\r\n\r\n<p>Financials<br />- Corporate regulator ASIC is reportedly concerned that the banking royal commission could spur a period of legal battles against Australian banks which may ultimately backfire. (AFR)</p>\r\n\r\n<p>Energy<br />- WTI crude futures rose over 3% to above USD 53.00/bbl. (Newswires)</p>\r\n",
        "reaction_details": "",
        "reaction_updated_at": null,
        "analysis_details": "",
        "analysis_updated_at": null,
        "push_notify": false,
        "source": "Newswires",
        "slug": "pre-market-australian-stock-news-ausdrill-asl-at-received-4-mining-services-contracts-valued-at-aud-171mln-20-01-2019",
        "hidden": false,
        "section": {
            "id": 31,
            "name": "Asian Equities"
        },
        "important": false,
        "highlighted": true,
        "disclaimer": null,
        "rumour": false,
        "hk_time": "2019-01-21 06:43:00",
        "gmt_time": "2019-01-20 22:43:00"
    },
    {
        "id": 692280,
        "updated_sequence": 1124230,
        "published_at": {
            "unix": 1548024120,
            "text": "2019-01-20 22:42:00 +0000",
            "iso_8601": "2019-01-20T22:42:00Z"
        },
        "updated_at": {
            "unix": 1548024185,
            "text": "2019-01-20 22:43:05 +0000",
            "iso_8601": "2019-01-20T22:43:05Z"
        },
        "subject": "Moody's says Australian states are feeling pressure from housing correction",
        "content": "",
        "reaction_details": "",
        "reaction_updated_at": null,
        "analysis_details": "",
        "analysis_updated_at": null,
        "push_notify": false,
        "source": "Newswires",
        "slug": "moody-s-says-australian-states-are-feeling-pressure-from-housing-correction-20-01-2019",
        "hidden": false,
        "section": {
            "id": 24,
            "name": "Rating Agency comments"
        },
        "important": false,
        "highlighted": false,
        "disclaimer": null,
        "rumour": false,
        "hk_time": "2019-01-21 06:42:00",
        "gmt_time": "2019-01-20 22:42:00"
    },
    {
        "id": 692279,
        "updated_sequence": 1124227,
        "published_at": {
            "unix": 1548023340,
            "text": "2019-01-20 22:29:00 +0000",
            "iso_8601": "2019-01-20T22:29:00Z"
        },
        "updated_at": {
            "unix": 1548023425,
            "text": "2019-01-20 22:30:25 +0000",
            "iso_8601": "2019-01-20T22:30:25Z"
        },
        "subject": "US President Trump and Turkey President Erdogan discussed expanding bilateral trade, according to the White House",
        "content": "",
        "reaction_details": "",
        "reaction_updated_at": null,
        "analysis_details": "",
        "analysis_updated_at": null,
        "push_notify": false,
        "source": "Newswires",
        "slug": "us-president-trump-and-turkey-president-erdogan-discussed-expanding-bilateral-trade-according-to-the-white-house-20-01-2019",
        "hidden": false,
        "section": {
            "id": 27,
            "name": "Economic Commentary"
        },
        "important": false,
        "highlighted": false,
        "disclaimer": null,
        "rumour": false,
        "hk_time": "2019-01-21 06:29:00",
        "gmt_time": "2019-01-20 22:29:00"
    },
    {
        "id": 692278,
        "updated_sequence": 1124222,
        "published_at": {
            "unix": 1548022500,
            "text": "2019-01-20 22:15:00 +0000",
            "iso_8601": "2019-01-20T22:15:00Z"
        },
        "updated_at": {
            "unix": 1548022662,
            "text": "2019-01-20 22:17:42 +0000",
            "iso_8601": "2019-01-20T22:17:42Z"
        },
        "subject": "ASIAN DAILY ECONOMIC RELEASES CALENDAR NOW AVAILABLE IN THE RESEARCH SECTION: Highlights include Chinese GDP, Industrial Production and Retail Sales; US and Malaysia holidays",
        "content": "",
        "reaction_details": "",
        "reaction_updated_at": null,
        "analysis_details": "",
        "analysis_updated_at": null,
        "push_notify": false,
        "source": "RANsquawk",
        "slug": "asian-daily-economic-releases-calendar-now-available-in-the-research-section-highlights-include-chinese-gdp-industrial-production-and-retail-sales-us-and-malaysia-holidays-20-01-2019",
        "hidden": false,
        "section": {
            "id": 26,
            "name": "Newsquawk Update"
        },
        "important": false,
        "highlighted": true,
        "disclaimer": null,
        "rumour": false,
        "hk_time": "2019-01-21 06:15:00",
        "gmt_time": "2019-01-20 22:15:00"
    },
    {
        "id": 692101,
        "updated_sequence": 1124209,
        "published_at": {
            "unix": 1548021600,
            "text": "2019-01-20 22:00:00 +0000",
            "iso_8601": "2019-01-20T22:00:00Z"
        },
        "updated_at": {
            "unix": 1548021600,
            "text": "2019-01-20 22:00:00 +0000",
            "iso_8601": "2019-01-20T22:00:00Z"
        },
        "subject": "ASIA-PAC SERVICE IS NOW LIVE FOR TODAY'S SESSION",
        "content": "",
        "reaction_details": "",
        "reaction_updated_at": null,
        "analysis_details": "",
        "analysis_updated_at": null,
        "push_notify": false,
        "source": "RANsquawk",
        "slug": "asia-pac-service-is-now-live-for-today-s-session-17-01-2019",
        "hidden": false,
        "section": {
            "id": 36,
            "name": "Asian News"
        },
        "important": false,
        "highlighted": true,
        "disclaimer": null,
        "rumour": false,
        "hk_time": "2019-01-21 06:00:00",
        "gmt_time": "2019-01-20 22:00:00"
    },
    {
        "id": 692277,
        "updated_sequence": 1124224,
        "published_at": {
            "unix": 1548021600,
            "text": "2019-01-20 22:00:00 +0000",
            "iso_8601": "2019-01-20T22:00:00Z"
        },
        "updated_at": {
            "unix": 1548023091,
            "text": "2019-01-20 22:24:51 +0000",
            "iso_8601": "2019-01-20T22:24:51Z"
        },
        "subject": "DAILY ASIA-PAC OPENING NEWS",
        "content": "<p>ASIA-PAC</p>\r\n\r\n<p>China is reportedly to offer a path to eliminate US trade imbalance, according to sources which suggested that China is to offer a 6-year import boost exceeding USD 1tln, although US trade negotiators are said to be sceptical of the offer. (Newswires)</p>\r\n\r\n<p>US President Trump stated there was a recent false report about lifting China tariffs, while he added trade talks are going well and a trade deal with China could very well happen. In separate news, it was also reported over the weekend that US President Trump&rsquo;s Administration is said to be preparing an executive order that would restrict Chinese telecoms from operating in US. (Newswires)</p>\r\n\r\n<p><br />UK/EU</p>\r\n\r\n<p>UK PM May held a conference call with the Cabinet to renew efforts to find acceptable changes to the backstop arrangement. However, the conversation was said to be light on specifics and a source also stated there were &quot;no actual solutions&quot; proposed during the call. (Guardian)</p>\r\n\r\n<p>UK PM May is reportedly considering amending Good Friday Agreement after failing again at attempt to negotiate a cross-party deal to break the Brexit deadlock. (Daily Telegraph)</p>\r\n\r\n<p>UK Retail Sales (Dec) Y/Y 3.0% vs. Exp. 3.6% (Prev. 3.6%, Rev. 3.4%). (Newswires)</p>\r\n\r\n<p>Fitch affirmed Austria at &#39;AA+&#39;; outlook Positive and affirmed France at &#39;AA&#39;; outlook stable, while S&amp;P affirmed Grece at B+; outlook positive. (Newswires)</p>\r\n\r\n<p><br />COMMODITIES</p>\r\n\r\n<p>Baker Hughes Rig Count (18/Jan): oil rigs down 21 at 852, nat gas down 4 at 198, total down 25 at 1050 (prev. 1075). (Newswires)</p>\r\n\r\n<p>GEOPOLITICS</p>\r\n\r\n<p>White House said US President Trump is planning a second summit with North Korea at the end of February, while it added that the US continues to make progress with North Korea and that sanctions are to remain. In related news, US State Department said Secretary of State Pompeo and Special Representative Biegun &quot;had a good discussion&quot; with the North Korean Envoy on efforts for progress on commitments made at the Singapore summit. (Newswires)</p>\r\n\r\n<p>US</p>\r\n\r\n<p>US President Trump reportedly made an offer on the shut down over the weekend that would provide &ldquo;Dreamers&rdquo; and Temporary Protection Status visa holders protection to stay in US for another 3 years in exchange for funding the Border Wall, although this was said to have been rejected by the Democrats. (Newswires)</p>\r\n\r\n<p>US Special Counsel Mueller&rsquo;s office said reports that alleged document showed President Trump told former lawyer Cohen to lie are not accurate. (Newswires)</p>\r\n\r\n<p>Fed&#39;s Williams (Voter, Hawkish) said they will reassess balance sheet policy if conditions change, while he added that tail winds have lost gust and rates are closer to normal. Furthermore, Williams commented that the Fed needs prudence, patience and good judgement. (Newswires)</p>\r\n\r\n<p>Fed&#39;s Daly (Non-Voter, Dovish) is reportedly leaning towards pausing on interest rate hikes for a while. (Washington Post)</p>\r\n\r\n<p>Fed&#39;s Harker (Non-Voter, Dovish) said US economy is doing well overall and that employers need to think creatively to combat workforce gaps in a tight labour market. (Newswires)</p>\r\n\r\n<p>US Industrial Production (Dec) M/M 0.3% vs. Exp. 0.2% (Prev. 0.6%, Rev. 0.4%). (Newswires)</p>\r\n\r\n<p><br />MARKET RECAP</p>\r\n\r\n<p>Netflix (NFLX) was the first FAANG stock to report for the quarter, where it disappointed investors on revenue expectations, domestic subscriber additions as well as reporting a deepened negative FCF. Semiconductors (MU, AMAT, NVDA) outperformed, helped by reports China is to ramp up US imports; other trade sensitive stocks Caterpillar (CAT) and Boeing (BA) also benefitted. Apple (AAPL) moved higher with market even though its largest supplier Foxconn was reported to have cut 50,000 jobs due to faltering iPhone demand. Schlumberger (SLB) outperformed after beating revenue estimates. VF Corp (VFC) surged after beating top and bottom line estimates; American Express (AXP) underperformed after missing them. Tesla (TSLA) nosedived on the back of Musk announcing a 7% cut in its total staff. Eli Lilly (LLY) dragged down healthcare after unsuccessful results from a Phase 3 drug trial. SPX +1.36% at 2672, NASDAQ +0.98% at 6785, DJI +1.41% at 24713.</p>\r\n\r\n<p>Investors moved away from treasuries on Friday as sentiment improved on hopes that US and China are making progress in talks. Solid manufacturing output also placed downward pressure on the complex. Most of the action was concentrated in the front end of the curve where yields were higher by c.5 bps at settlement. The yield curve saw some modest bear flattening heading into the long weekend as US markets will remain closed on Monday. US T-note futures (H9) settled 11 ticks lower at 121-05+.</p>\r\n",
        "reaction_details": "",
        "reaction_updated_at": null,
        "analysis_details": "",
        "analysis_updated_at": null,
        "push_notify": false,
        "source": "Newswires",
        "slug": "daily-asia-pac-opening-news-20-01-2019",
        "hidden": false,
        "section": {
            "id": 25,
            "name": "Global News"
        },
        "important": false,
        "highlighted": true,
        "disclaimer": null,
        "rumour": false,
        "hk_time": "2019-01-21 06:00:00",
        "gmt_time": "2019-01-20 22:00:00"
    }
]