"gmt_time","hk_time","subject"
"2019-05-23 23:58:00","2019-05-24 07:58:00","Australia Federal Court approves scheme of arrangement under which Brookfield will acquire Healthscope (HSO AT)"
"2019-05-23 23:35:00","2019-05-24 07:35:00","China is reportedly to investigate USD 1.9tln of public-private partnership deals to curb debt"
"2019-05-23 23:30:00","2019-05-24 07:30:00","Japanese National CPI (Apr) Y/Y 0.9% vs. Exp. 0.9% (Prev. 0.5%)"
"2019-05-23 23:30:00","2019-05-24 07:30:00","Japanese National CPI Ex. Fresh Food & Energy (Apr) Y/Y 0.6% vs. Exp. 0.6% (Prev. 0.4%)"
"2019-05-23 23:30:00","2019-05-24 07:30:00","Japanese National CPI Ex. Fresh Food (Apr) Y/Y 0.9% vs. Exp. 0.9% (Prev. 0.8%)"
"2019-05-23 23:25:00","2019-05-24 07:25:00","PRE-MARKET AUSTRALIAN, JAPANESE AND SOUTH KOREAN STOCK NEWS: WTI crude futures fell over 5% to briefly below USD 58.00/bbl"
"2019-05-23 22:47:00","2019-05-24 06:47:00","US Commerce Department has proposed a rule to impose countervailing duties on countries which undervalue their currency relative to USD"
"2019-05-23 21:59:00","2019-05-24 05:59:00","ASIAN DAILY ECONOMIC RELEASES CALENDAR NOW AVAILABLE IN THE RESEARCH SECTION: Highlights include New Zealand Trade Balance, Exports & Imports, Japanese CPI"
"2019-05-23 21:46:00","2019-05-24 05:46:00","DAILY ASIA-PAC OPENING NEWS"
"2019-05-23 21:11:00","2019-05-24 05:11:00","Brazil Central Bank altered reserve requirement rules which frees up BRL 8.2bln in funds"
"2019-05-23 21:00:00","2019-05-24 05:00:00","ASIA-PAC SERVICE IS NOW LIVE FOR TODAY'S SESSION"
"2019-05-23 20:34:00","2019-05-24 04:34:00","UK PM May is to announce her timetable to step down on Friday"
"2019-05-23 20:23:00","2019-05-24 04:23:00","Boeing (BA) - FAA says it expects 737 Max ungrounding in US as early as late June, though there is no official timetable"
"2019-05-23 20:23:00","2019-05-24 04:23:00","US President Trump says there is a good possibility of a US/China trade deal, Huawei could be included in any trade deal"
"2019-05-23 20:20:00","2019-05-24 04:20:00","US President Trump, when asked about raising the debt ceiling, replied ""we'll see what happens"""
"2019-05-23 20:15:00","2019-05-24 04:15:00","US President Trump says he does not think US is going to need additional troops in the Middle East to counter Iran, adds he has a meeting in about an hour on Middle East troops"
"2019-05-23 20:10:00","2019-05-24 04:10:00","US MARKET WRAP 23 MAY 2019: Risk assets hammered on growth jitters and trade anxiety"
"2019-05-23 20:06:00","2019-05-24 04:06:00","Hewlett Packard Enterprise Co (HPE) Q1 19 (USD): EPS 0.42 (exp. 0.37), Revenue 7.15bln (exp. 7.4bln); boosts FY EPS view"
"2019-05-23 20:06:00","2019-05-24 04:06:00","Hewlett Packard Enterprise Co (HPE) Q1 19 (USD): EPS 0.42 (exp. 0.37), Revenue 7.15bln (exp. 7.4bln); boosts FY EPS view"
"2019-05-23 20:05:00","2019-05-24 04:05:00","HP Inc (HPQ) Q1 19 (USD): EPS 0.53 (exp. 0.51), Revenue 14bln (exp. 13.97bln). "
"2019-05-23 20:03:00","2019-05-24 04:03:00","Splunk Inc (SPLK) Q1 19 (USD): EPS 0.02 (exp. -0.14), Revenue 0.425bln (exp. 0.4bln). "
"2019-05-23 20:02:00","2019-05-24 04:02:00","Autodesk Inc (ADSK) Q1 19 (USD): EPS 0.45 (exp. 0.47), Revenue 0.735bln (exp. 0.74bln). "
"2019-05-23 20:00:00","2019-05-24 04:00:00","Intuit Inc (INTU) Q1 19 (USD): EPS 5.55 (exp. 5.40), Revenue 3.27bln (exp. 3.23bln). Raises FY19 guidance"
"2019-05-23 20:00:00","2019-05-24 04:00:00","Ross Stores Inc (ROST) Q1 19 (USD): EPS 1.15 (exp. 1.12), Revenue 3.8bln (exp. 3.79bln). Raises FY19 guidance"
"2019-05-23 19:48:00","2019-05-24 03:48:00","US President Trump is hopeful that US will get together with China at some point, and looks forward to seeing China President Xi at the G20; adds ""it will be great to meet up with China, but if it doesn't, then fine"""
"2019-05-23 19:36:00","2019-05-24 03:36:00","Brazil Economy Minister Guedes says Brazil will streamline its tax system"
"2019-05-23 19:30:00","2019-05-24 03:30:00","US T-Note futures (M9) settle 24+ ticks higher at 125-06+"
"2019-05-23 19:22:00","2019-05-24 03:22:00","ANALYSIS: Brazil pension reform concerns are mounting"
"2019-05-23 19:18:00","2019-05-24 03:18:00","UK PM May is to give firm departure date as Brexit deal founders, FT reports, and May will outline her departure schedule to 1922 Committee Chief Brady at their meeting on Friday"
"2019-05-23 19:17:00","2019-05-24 03:17:00","Iceland Air is pulling Boeing's (BA) 737 MAX from its schedule, through to September 15"
"2019-05-23 19:04:00","2019-05-24 03:04:00","US Coast Guard has closed the St Louis harbour due to strong currents and high water"
"2019-05-23 19:02:00","2019-05-24 03:02:00","Dutch European Election exit poll says Labour Party has takes the most share, New nationalist party takes 11.2%; PM Rutte's party finishes second"
"2019-05-23 18:56:00","2019-05-24 02:56:00","Fed's Kaplan (non-voter) says Fed can afford to be patient; he has no view on whether next rate move should be up or down"
"2019-05-23 18:46:00","2019-05-24 02:46:00","US Treasury Secretary Mnuchin urges lawmakers to suspend or raise the debt ceiling quickly"
"2019-05-23 18:32:00","2019-05-24 02:32:00","WTI (N9) settles USD 3.51 lower at USD 57.91/bbl; Brent (N9) settles USD 3.23 lower at USD 67.76/bbl"
"2019-05-23 18:27:00","2019-05-24 02:27:00","Deutsche Bank (DB, DBK GY) planning to cut US equity business, according to sources"
"2019-05-23 18:23:00","2019-05-24 02:23:00"," Fed's Mester (non-voter) says an interest rate cut at this stage would be ""bad policy"""
"2019-05-23 17:56:00","2019-05-24 01:56:00","Fed's Bostic (Non-voter) says FOMC will use whatever tools are required to combat future recessions"
"2019-05-23 17:48:00","2019-05-24 01:48:00","Facebook (FB) CEO Zuckerberg says breaking up the company will not address the underlying issues, according to CNBC"
"2019-05-23 17:42:00","2019-05-24 01:42:00","Russia Govt Official says clean oil flows to Poland will resume no later than mid-June"
"2019-05-23 17:38:00","2019-05-24 01:38:00","Fed's Daly (Non-voter) says that global economy clouded by trade and global uncertainty"
"2019-05-23 17:35:00","2019-05-24 01:35:00","Fed's Barkin (Non-voter) says businesses are holding back on investments due to the uncertainty; does not see much impact of trade war if dispute ends quickly"
"2019-05-23 17:26:00","2019-05-24 01:26:00","Fed's Kaplan (Non-voter) says being patient on policy may serve us well, even though we have not hit inflation goal"
"2019-05-23 17:19:00","2019-05-24 01:19:00","US Acting Defense Secretary Shanahan says US is considering potentially sending additional troops to the Middle East"
"2019-05-23 17:10:00","2019-05-24 01:10:00","Verint (VRNT) issued a statement strongly rejecting misleading and inaccurate short selling report by Spruce Point earlier in the day; Wedbush agree"
"2019-05-23 17:06:00","2019-05-24 01:06:00","Iran President Rouhani says Iran will not surrender even if it is bombed, according to IRNA"
"2019-05-23 17:04:00","2019-05-24 01:04:00","US sells USD 11bln 10-year TIPS, tails by 0.2bps"
"2019-05-23 16:52:00","2019-05-24 00:52:00","UK PM May to agree with Graham Brady that a leadership contest should start on 10 June, expects ITV's Peston"
"2019-05-23 16:51:00","2019-05-24 00:51:00","Unusual call activity in DowDuPont (DWDP), according to CNBC's Najarian"
"2019-05-23 16:39:00","2019-05-24 00:39:00","Phillips 66 (PSX) says its Ponca City, Oklahoma refinery (220k BDP) has not experienced any operational impacts due to weather"
"2019-05-23 16:30:00","2019-05-24 00:30:00","Bankers says Tesla (TSLA) has no immediate plans to raise money, but may try to raise money if business continues to deteriorate, according to CNBC's Charles Gasparino"
"2019-05-23 16:27:00","2019-05-24 00:27:00","Zambia state power company expects to restrict power supply to customers from 1 June; will hold talks with miners, long-term contract holders"
"2019-05-23 16:23:00","2019-05-24 00:23:00","Italy say they are unlikely to tap retail investors before the summer, amidst EU vote uncertainty"
"2019-05-23 16:22:00","2019-05-24 00:22:00","Fed's Daly (non-voter) says US tariffs on Chinese imports could help bring inflation towards 2%"
"2019-05-23 16:20:00","2019-05-24 00:20:00","Sharp (6753 JT) and Kyocera (6971 JT) are considering shifting production away from China to avoid the consequences of the trade war"
"2019-05-23 16:07:00","2019-05-24 00:07:00","US Agricultural Sec Perdue confirms that US President Trump has authorised USD 16bln in farm aid; USD 14.5bln will be spent on direct payments for farmers, USD 1.4bln on food purchases, USD 0.1bln will be spent on market development"
"2019-05-23 16:04:00","2019-05-24 00:04:00","Goldman cut their GDP tracker to 1.5% from 1.6%"
"2019-05-23 15:48:00","2019-05-23 23:48:00","Total (FP FP) report that their process line developed a leak resulting in a spill associated with air emissions at Port Arthur, Texas refinery (185k BPD)"
"2019-05-23 15:32:00","2019-05-23 23:32:00","EUROPEAN PRELIMINARY CASH CLOSE: EURO STOXX 50 (-1.7%) at 3330, FTSE 100 (-1.4%) at 7231, DAX (-1.7%) at 11961, CAC 40 (-1.7%) at 5286, IBEX 35 (-1.1%) at 9129, FTSE Italian MIB (-2.1%) at 20152, SMI (-0.5%) at 9593"
"2019-05-23 15:15:00","2019-05-23 23:15:00","NOAA forecasts for four to eight major hurricanes in 2019 season, seen reaching category three, four or five"
"2019-05-23 15:08:00","2019-05-23 23:08:00","China Global Times Editor tweets congratulations and approval for Indian PM Modi"
"2019-05-23 15:03:00","2019-05-23 23:03:00","UK PM May Spokesperson says not aware of any plans for the PM to make any announcements today or tomorrow; adds PM discussed Brexit legislation in meetings with Ministers Hunt and Javid"
"2019-05-23 15:01:00","2019-05-23 23:01:00","US to sell USD 40bln of 2-year notes on May 28th, USD 41bln of 5-year notes on May 28th, USD 32bln of 7-year notes on May 29th, USD 18bln 2-year FRNs on May 29th; all to settle on May 31st"
"2019-05-23 14:54:00","2019-05-23 22:54:00","Daily FX Wrap: DXY eclipses ytd high as bleak surveys augment global trade/growth fears"
"2019-05-23 14:53:00","2019-05-23 22:53:00","Exxon (XOM) state they have installed a delayed Coker unit at their Antwerp facility (330k BPD)"
"2019-05-23 14:49:00","2019-05-23 22:49:00","Pipeline operator Pern state that it is possible that clean oil will flow to Poland on June 9th, if the claims by Polish & German refineries are confirmed"
"2019-05-23 14:41:00","2019-05-23 22:41:00","Algeria's Sonatrach have increased their Blend Crude selling price to dated Brent + USD 0.80 per barrel for June"
"2019-05-23 14:39:00","2019-05-23 22:39:00","Boeing (BA) - FAA Acting Administrator Elwell states they have no timetable for the un-grounding of the 737 Max., CNBC"
"2019-05-23 14:39:00","2019-05-23 22:39:00","Boeing (BA) - FAA Acting Administrator Elwell states they have no timetable for the un-grounding of the 737 Max., CNBC"
"2019-05-23 14:35:00","2019-05-23 22:35:00","STMicroelectronics (STM FP) - Fitch state that if European suppliers are forced to comply with US restrictions on Huawei this would have negative implications for the Co."
"2019-05-23 14:33:00","2019-05-23 22:33:00","UK Downing Street staff are reportedly being pulled off leave and rumours point towards preparations being made tomorrow, according to ITV's Paul Brand "
"2019-05-23 14:28:00","2019-05-23 22:28:00","US Vice President Chief of Staff Short says the White House has continued to be engaged in budget talks"
"2019-05-23 14:20:00","2019-05-23 22:20:00","Novartis (NOVN SW) CEO notes that structural reforms in China will free up around USD 30bln and help boost attractiveness"
"2019-05-23 14:18:00","2019-05-23 22:18:00","US State Department has told some large trading houses to halt jet fuel supplies to Venezuela or face sanctions., according to sources"
"2019-05-23 14:15:00","2019-05-23 22:15:00","Deutsche Post (DPW GY) - reportedly to raise postage cost for standard letter to EUR 0.80 from EUR 0.70., FAZ; subsequently, the Co. state they will not comment on this report, will await the regulators decision"
"2019-05-23 14:13:00","2019-05-23 22:13:00","Thomas Cook (TCG LN) have confirmed that they have received a highly unsolicited indicative offer from private equity firm Triton for its Nordic operations"
"2019-05-23 14:12:00","2019-05-23 22:12:00","Russia's Transneft state they have agreed with Belarus on a technical plan for resolving the issues around tainted oil, there will clean oil in Poland on June 9/10"
"2019-05-23 13:44:00","2019-05-23 21:44:00","Objections to the Sprint (S)/T-Mobile (TMUS) remain at the DoJ; talks remain active and a decision is expected in 3-4 weeks, according to sources via CNBC's Faber"
"2019-05-23 13:42:00","2019-05-23 21:42:00","US tariffs on Chinese imports will probably create large economic distortions and reduce US tariff revenues, according to NY Fed Research"
"2019-05-23 13:39:00","2019-05-23 21:39:00","US Movers: Boeing (BA) -2.6%, Intel (INTC) -2.4%, Micron Technologies (MU) -4.6%, Tesla (TSLA) -2.6%, Limited Brands (LB) +12%, Medtronic (MDT) +2.1%"
"2019-05-23 13:22:00","2019-05-23 21:22:00","Increased chatter that UK PM May will announce her resignation date tomorrow, ""week of 10th June (after the Trump visit) seems most likely. All speculation for now."" says FT's Whitehall Correspondent Sebastian Payne "
"2019-05-23 13:20:00","2019-05-23 21:20:00","Mexican President Obrador states that he is confident the USMCA deal will be ratified "
"2019-05-23 13:06:00","2019-05-23 21:06:00","Apple (AAPL) - UBS have downgraded iPhone forecast to reflect smartphone softness, as they see the potential for a destruction in demand in China"
"2019-05-23 13:06:00","2019-05-23 21:06:00","Additional US Equity Stories - ABBV, TSLA, TSN"
"2019-05-23 13:00:00","2019-05-23 21:00:00","SARB state that 2019 GDP growth is seen at 1.0% vs. prev. 1.3%; CPI seen at 4.6% in Q2 2019 vs. 4.8% prev.; Inflation forecast generated by quarterly projection model has improved vs. prev. MPC"
"2019-05-23 12:59:00","2019-05-23 20:59:00","RANsquawk Daily US Equity Opening News - 23 May 19"
"2019-05-23 12:53:00","2019-05-23 20:53:00","Fixed and FX latest: prevailing trends and themes intact post-early NA data"
"2019-05-23 12:52:00","2019-05-23 20:52:00","Telecom Italia (TIT IM) - Italian Court has extended the suspension of fine against the Co. regarding the violation of golden power rule, until at least November 30th., as according to a document"
"2019-05-23 12:47:00","2019-05-23 20:47:00","Talking Crude: Oil crashing on demand concerns"
"2019-05-23 12:43:00","2019-05-23 20:43:00","PREVIEW: SARB expected to keep rates unchanged at 6.75%; decision due 1400 BST/1100 EDT"
"2019-05-23 12:39:00","2019-05-23 20:39:00","Hollyfrontier states that they due to high water, the Tulsa, Okla refinery (125k) has temporarily shut down operations"
"2019-05-23 12:37:00","2019-05-23 20:37:00","Novartis (NOVN SW) - Co's CEO states they are open to acquisitions in oncology to strengthen the pipeline, though adds that there is not a lot of assets out there"
"2019-05-23 12:36:00","2019-05-23 20:36:00","Thomas Cook (TCG LN) has received a takeover approach for its Nordic operations from private equity group Triton, according to Sky Sources"
"2019-05-23 12:33:00","2019-05-23 20:33:00","Could China dump its US Treasuries to fight the trade war? A contrarian view is emerging in Beijing, via an opinion piece in SCMP"
"2019-05-23 12:16:00","2019-05-23 20:16:00","US Secretary of State Pompeo says the US has worked to make sure the oil market is well supplied"
"2019-05-23 12:16:00","2019-05-23 20:16:00","Czech Central Bank have raised the countercyclical capital buffer rate for banks bby 25bps to 2%, as of July 1st"
"2019-05-23 12:13:00","2019-05-23 20:13:00","Yemen Houthi rebels say they have targeted patriot missile battery in Saudi Arabia's Najran Airport, Al Masirah"
"2019-05-23 12:06:00","2019-05-23 20:06:00","US Agriculture Secretary Perdue sates that the aid package for US farmers will be USD 16bln, Fox Business "
"2019-05-23 12:05:00","2019-05-23 20:05:00","US Secretary of State Pompeo sees a real risk related to China and Huawei in regard to national security"
"2019-05-23 12:01:00","2019-05-23 20:01:00","Shell has restarted production at its Appomatox (Exp. production 175k BPD) refinery in the Gulf of Mexico"
"2019-05-23 12:00:00","2019-05-23 20:00:00","UPDATE: British Police have said the package in Whitehall, London is not suspicious"
"2019-05-23 11:59:00","2019-05-23 19:59:00","Scotiabank FX Daily - Market Tone Remains Fragile Amid U.S.-China Tensions  "
"2019-05-23 11:58:00","2019-05-23 19:58:00","Deutsche Bank (DBK GY) - Co's Chairman indicates that he intends to continue as Chairman, though he does admit to having made some mistake over the past 7 years."
"2019-05-23 11:40:00","2019-05-23 19:40:00","ANALYSIS: India's Modi secures decisive majority; what next?"
"2019-05-23 11:30:00","2019-05-23 19:30:00","ECB minutes state inflation is uncomfortably below the ECB's aim, confidence in the recovery in H2 2019 somewhat lower"
"2019-05-23 11:28:00","2019-05-23 19:28:00","Deutsche Bank (DBK GY, DWS GY) CEO says DWS would remain core to Deutsche Bank even in the case of a merger of the unit"
"2019-05-23 11:22:00","2019-05-23 19:22:00","UK Whitehall in Westminster has been closed off due to a security incident, ""No one being let in or out of No 10 or Cabinet Office. Not clear why."" according to Telegraph's Swinford"
"2019-05-23 11:18:00","2019-05-23 19:18:00","PREVIEW: ECB April Minutes due to be released Thursday 23rd May at 1230BST/0630CDT"
"2019-05-23 11:10:00","2019-05-23 19:10:00","European pilots union hits out at ‘flawed’ Boeing (BA) 737 Max certification, FT reports"
"2019-05-23 11:05:00","2019-05-23 19:05:00","US Department of Justice Delrahim states that they are still open to a T-Mobile (TMUS) Sprint (S) deal., CNBC"
"2019-05-23 11:05:00","2019-05-23 19:05:00","NYSE has cut fees to court biotech listings away from Nasdaq, via WSJ"
"2019-05-23 11:02:00","2019-05-23 19:02:00","US Secretary of State Pompeo says the Iran threat is real"
"2019-05-23 10:52:00","2019-05-23 18:52:00","US Republican Marco Rubio said  that a bipartisan group of senators would reintroduce the South China Sea and East China Sea Sanctions Bill on Thursday"
"2019-05-23 10:46:00","2019-05-23 18:46:00","Turkish Finance Minister says the new fiancing package - EUR 30bln to year end - will support sectors in a trade deficit, important/dependent sectors, and those that support employment; three state banks will extend loans as part of the package"
"2019-05-23 10:46:00","2019-05-23 18:46:00","Medtronic PLC (MDT) Q1 19 (USD): EPS 1.54 (exp. 1.46), Revenue 8.10 (exp. 8.11bln). Co. expects revenue growth to accelerate over the course of FY 2020 and into FY 2021"
"2019-05-23 10:42:00","2019-05-23 18:42:00","Mol's Slovakian refinery Slovnaft says the crude oil quality at a desired level started flowing to Bratislava at noon"
"2019-05-23 10:40:00","2019-05-23 18:40:00","RANsquawk Daily US Opening News - 23rd May 2019"
"2019-05-23 10:32:00","2019-05-23 18:32:00","Brexit Withdrawal Bill is not coming back to the House of Commons the week after recess, PM May is ""listening to colleagues"" concerns about the WAB, according to PM May spokesman"
"2019-05-23 10:32:00","2019-05-23 18:32:00","Brexit Withdrawal Bill is not coming back to the House of Commons the week after recess, PM May is ""listening to colleagues"" concerns about the WAB, according to PM May spokesman"
"2019-05-23 10:30:00","2019-05-23 18:30:00","Hormel Foods Corp (HRL) Q1 19 (USD): EPS 0.46 (exp. 0.45), Revenue 2.34bln (exp. 2.37bln). Co. cuts FY EPS outlook"
"2019-05-23 10:28:00","2019-05-23 18:28:00","BP (BP/ LN)  - Co. are reportedly nearing the sale of their stake in Egypt's Gupco oil & gas Co. to Dragon Oil, for a value in excess of USD 600mln, as according to sources"
"2019-05-23 10:27:00","2019-05-23 18:27:00","RANsquawk EU Mid Session: Stocks sink and oil tanks as dismal EZ data further sours sentiment - 23rd May 2019"
"2019-05-23 10:23:00","2019-05-23 18:23:00","Fixed Income: core bonds still firmly underpinned and bid"
"2019-05-23 10:16:00","2019-05-23 18:16:00","Conflicting reports: Government Whip Mark Spencer says the Brexit Withdrawal Agreement Bill will be published in the week beginning June 3rd and hope to hold a second reading on Friday 7th June, according to Telegraph's Swinford"
"2019-05-23 10:13:00","2019-05-23 18:13:00","Pakistan has signalled a willingness to hold peace talks with India despite the recent missile tests carried out by Pakistan, according to Nikkei "
"2019-05-23 10:07:00","2019-05-23 18:07:00","There will be no Brexit Withdrawal Agreement Bill in business for the week after Parliamentary recess, according to BBC's Nick Eardley"
"2019-05-23 10:04:00","2019-05-23 18:04:00","FX Morning Colour: several G10 currencies cresting 2019 peaks and troughs"
"2019-05-23 09:57:00","2019-05-23 17:57:00","UK PM May will not resign as Tory leader tomorrow but will announce the date of her resignation instead, according to Spectator's Forsyth"
"2019-05-23 09:43:00","2019-05-23 17:43:00","UK Environment Secretary Gove will not be resigning from Cabinet, according to BBC's Norman Smith"
"2019-05-23 09:33:00","2019-05-23 17:33:00","UK GBP 1.25bln 0.125% 2028 I/L Bond; b/c 2.39 (Prev. 2.25) & real yield -2.326% (Prev. -1.991%)"
"2019-05-23 09:30:00","2019-05-23 17:30:00","Russian Kremlin states that Russian President Putin and Bealrus President Lukashenko may next week discuss the proposal for Belarus to buy oil from Kazakhstan"
"2019-05-23 09:10:00","2019-05-23 17:10:00","Czech pipeline operator Mero, states that Druzhba pipeline oil flows are yet to restart on Czech territory, are still anticipating the transport to resume by the end of May"
"2019-05-23 09:07:00","2019-05-23 17:07:00","UK Foreign Minister Hunt states that PM May will be PM to welcome US President Trump to the UK; for reference, US President Trump is due to visit the UK on June 3rd"
"2019-05-23 09:00:00","2019-05-23 17:00:00","ASIA-PAC SERVICE HAS NOW FINISHED, PLEASE REVERT BACK TO YOUR ORIGINAL CHANNEL FOR COVERAGE ON THE UK & EUROPEAN SESSION"
"2019-05-23 08:51:00","2019-05-23 16:51:00","Kazakh Ambassador says they are ready to supply oil to Belarus, but an agreement with Russia is needed"
"2019-05-23 08:44:00","2019-05-23 16:44:00","Spain sell EUR 3.973bln vs. exp. EUR 3.5-4.5bln 0.25% 2024, 1.45% 2029 and 1.85% 2035 Bond auctions"
"2019-05-23 08:37:00","2019-05-23 16:37:00","PBoC Vice Governor says that the country is able and confident in keeping the Yuan stable; key economic indicators are within a reasonable range; FX reserves are ample and international payments are largely balanced"
"2019-05-23 08:34:00","2019-05-23 16:34:00","China has ample policy tools to deal with FX fluctuations, according to China Finance Ministry"
"2019-05-23 08:31:00","2019-05-23 16:31:00","Toshiba (6502 JT) to resume some shipments to Huawei"
"2019-05-23 08:28:00","2019-05-23 16:28:00","UBS latest FX spot ideas 23 May 2018"
"2019-05-23 08:24:00","2019-05-23 16:24:00","China revised USD denominated exports -2.7% YY (vs. prev. -2.7%), imports YY +4.0% (prev. +4.0%), trade balance USD +13.83bln (vs. prev. USD +13.84bln)"
"2019-05-23 08:16:00","2019-05-23 16:16:00","Deutsche Bank (DBK GY) say they are prepared to make tough cutbacks to their investment banking sector, and on DWS (DWS GY) they state they remain open to other strategic options"
"2019-05-23 08:10:00","2019-05-23 16:10:00","RANsquawk Ad-Hoc Economic Analysis - PREVIEW: 2019 European Parliamentary Election"
"2019-05-23 08:00:00","2019-05-23 16:00:00","Volkswagen (VOW3 GY) Audi CFO says that despite currency headwinds, Co. expect slight pick-up in revenues this year "
"2019-05-23 07:59:00","2019-05-23 15:59:00","Deutsche Bank (DBK GY) Chairman says they need to restructure even faster and more radically"
"2019-05-23 07:43:00","2019-05-23 15:43:00","Asia oil refiners are reportedly mulling cutting their output following refining margins moving to their lowest levels since 2003"
"2019-05-23 07:40:00","2019-05-23 15:40:00","Gilts play catch up and carry on, Short Sterling futures also on the front foot"
"2019-05-23 07:21:00","2019-05-23 15:21:00","Chinese Commerce Ministry says the nation will not make concessions on major issues "
"2019-05-23 07:12:00","2019-05-23 15:12:00","Bunds: retesting round numbers in futures and yield as trade wars rage on"
"2019-05-23 07:12:00","2019-05-23 15:12:00","Chinese Commerce Ministry says the nation will adopt required measures to safeguard domestic firms' interests"
"2019-05-23 06:42:00","2019-05-23 14:42:00","Pakistan has successfully tested the Shaheen II surface-to-surface missile, according to reports"
"2019-05-23 06:41:00","2019-05-23 14:41:00","Major FX option expiries for today's NY cut"
"2019-05-23 06:29:00","2019-05-23 14:29:00","Additional European equity stories post the release of the Daily European equity opening news"
"2019-05-23 06:17:00","2019-05-23 14:17:00","Toshiba (6502 JT) has confirmed that it has temporarily suspended shipments to Huawei "
"2019-05-23 06:10:00","2019-05-23 14:10:00","Other UK Ministers could also quit following Andrea Leadsom's resignation as Leader of the Commons, according to BBC Radio"
"2019-05-23 05:56:00","2019-05-23 13:56:00","RANsquawk Bond Auction Previews - 23rd May 2019"
"2019-05-23 05:50:00","2019-05-23 13:50:00","DAILY EUROPEAN EQUITY OPENING NEWS"
"2019-05-23 05:42:00","2019-05-23 13:42:00","South Korea is not considering currency re-denomination, according to South Korean Finance Minister"
"2019-05-23 05:22:00","2019-05-23 13:22:00","RANsquawk Daily European Opening News - 23rd May 2019 "
"2019-05-23 05:00:00","2019-05-23 13:00:00","Singapore CPI (Apr) Y/Y 0.8% vs. Exp. 0.8% (Prev. 0.6%)"
"2019-05-23 04:42:00","2019-05-23 12:42:00","ASIA-PAC MARKET WRAP: Asia traded mostly lower as trade tensions and sabre-rattling sapped risk appetite, although India stocks surged to record highs as early election result point to a strong win by PM Modi's BJP "
"2019-05-23 04:24:00","2019-05-23 12:24:00","BoJ Deputy Governor says liquidity has been declining for certain JGBs and that it was appropriate to take steps to improve JGB liquidity"
"2019-05-23 04:21:00","2019-05-23 12:21:00","Early India elections results suggest PM Modi's BJP is ahead in enough seats to achieve a majority on its own"
"2019-05-23 04:14:00","2019-05-23 12:14:00","Lenovo Group (992 HK) report Q1 net USD 118mln vs. Prev. USD 33mln Y/Y, rev. USD 11.7bln vs. Prev. USD 10.6bln Y/Y"
"2019-05-23 04:04:00","2019-05-23 12:04:00","Daiichi Sankyo (4568 JT) dismisses reports it is negotiating the sale of its OTC medication unit"
"2019-05-23 03:52:00","2019-05-23 11:52:00","India's BJP-led NDA are ahead in a majority of the seats with the alliance leading in 277 seats (272 needed for majority) vs. UPA leading in 91 seats and other parties ahead of 69 seats"
"2019-05-23 03:33:00","2019-05-23 11:33:00"," Early election results show incumbent BJP-led NDA ahead in 197 seats vs. Congress-led UPA which are ahead in 69 seats and other parties in the lead in 45 seats"
"2019-05-23 03:23:00","2019-05-23 11:23:00","Thailand Auto Sales (Apr) Y/Y 8.7% (Prev. 8.5%)"
"2019-05-23 03:23:00","2019-05-23 11:23:00","Thailand Auto Sales (Apr) Y/Y 8.7% (Prev. 8.5%)"
"2019-05-23 03:12:00","2019-05-23 11:12:00","PRE-MARKET INDIA STOCK NEWS: India election results are due today with incumbent BJP-lead NDA leading in early stages of counting"
"2019-05-23 03:10:00","2019-05-23 11:10:00","North Korea reiterates siezed cargo ships by the US are the largest hurdle to resuming discussions with US"
"2019-05-23 03:04:00","2019-05-23 11:04:00","Early election results show incumbent BJP-led NDA ahead in 74 seats vs. Congress-led UPA which are ahead in 26 seats and other parties in the lead in 17 seats"
"2019-05-23 02:52:00","2019-05-23 10:52:00","China April rail freight volume increased by 10% Y/Y to 335.9mln tons"
"2019-05-23 02:44:00","2019-05-23 10:44:00","Early count in India elections shows PM Modi's BJP Party in the lead as expected"
"2019-05-23 02:33:00","2019-05-23 10:33:00","Honda (7267 JP) recalls 118K 2019 Honda CR-V casr in the US for sudden airbag deployment"
"2019-05-23 02:26:00","2019-05-23 10:26:00","ASIA-PAC MID-SESSION UPDATE: Asia trades lower as US-China trade war and sabre-rattling saps risk appetite"
"2019-05-23 01:50:00","2019-05-23 09:50:00","BoJ's Amamiya says need to continue easing persistently and that it takes time to reach 2% inflation goal"
"2019-05-23 01:44:00","2019-05-23 09:44:00","Hyundai Heavy (009540 KS) received KRW 464bln contract"
"2019-05-23 01:15:00","2019-05-23 09:15:00","PBoC sets CNY mid-point at 6.8994 (Prev. 6.8992)"
"2019-05-23 01:11:00","2019-05-23 09:11:00","ACCC instituted proceedings against Kogan (KGN AT) alleging false or misleading representations related to a 10% discount promotion"
"2019-05-23 01:10:00","2019-05-23 09:10:00","PBoC skips open market operations"
"2019-05-23 01:00:00","2019-05-23 09:00:00","PRE-MARKET CHINESE  STOCK NEWS: Chinese Foreign Minister Wang Yi said US pressure on Huawei is pure economic bullying, while China's top four official Wang Yang told a business delegation that they should be prepared for a lengthy trade war"
"2019-05-23 00:59:00","2019-05-23 08:59:00","Twitter report suggests UK PM May will announce resignation date this Thursday - Unconfirmed"
"2019-05-23 00:54:00","2019-05-23 08:54:00","US House Financial Services committee has obtained US President Trump's financial records, according to The Spectator Index tweets via Twitter"
"2019-05-23 00:21:00","2019-05-23 08:21:00","PRE-MARKET TAIWAN AND SINGAPORE NEWS: SGX will begin trade-at-close enhancement from June 3rd"
"2019-05-23 00:15:00","2019-05-23 08:15:00","Daiichi Sankyo (4568 JT) to sell OTC medication unit for around JPY 100bln"
"2019-05-23 00:02:00","2019-05-23 08:02:00","Asia equity markets begin subdued after the losses on Wall St as US-China trade uncertainty remains at the forefront of market focus with comments from China suggesting unwillingness to back down and the potential for a prolonged trade war"