"gmt_time","hk_time","subject"
"2019-04-07 23:58:00","2019-04-08 07:58:00","South Korea's Hanjin Group Chairman has passed away"
"2019-04-07 23:31:00","2019-04-08 07:31:00","PRE-MARKET AUSTRALIA, JAPANESE AND SOUTH KOREAN STOCK NEWS: National Australia Bank (NAB AT) is in talks to sell New Zealand life insurance unit to Partners Life; LG Electronics (066570 KS) guides Q1 oper. profit to decline 19% Y/Y but top estimates"
"2019-04-07 22:01:00","2019-04-08 06:01:00","UK opposition Labour Party's Shadow Attorney General says PM May has not moved an inch on her red lines so far"
"2019-04-07 21:54:00","2019-04-08 05:54:00","ASIAN DAILY ECONOMIC RELEASES CALENDAR NOW AVAILABLE IN THE RESEARCH SECTION: Highlights include Japanese Current Account Balance and Bok Governor Kuroda Speech"
"2019-04-07 21:39:00","2019-04-08 05:39:00","DAILY ASIA-PAC OPENING NEWS"
"2019-04-07 21:00:00","2019-04-08 05:00:00","ASIA-PAC SERVICE IS NOW LIVE FOR TODAY'S SESSION"