[
    {
        "id": 902232,
        "updated_sequence": 2062885,
        "published_at": {
            "unix": 1577736000,
            "text": "2019-12-30 20:00:00 +0000",
            "iso_8601": "2019-12-30T20:00:00Z"
        },
        "updated_at": {
            "unix": 1577946082,
            "text": "2020-01-02 06:21:22 +0000",
            "iso_8601": "2020-01-02T06:21:22Z"
        },
        "subject": "NEWSQUAWK CHRISTMAS PERIOD OPENING HOURS",
        "content": "<p>Business as usual up to <strong>1845GMT Tuesday 24th December 2019</strong></p><p><strong>Closed for business 25th, 26th, 27th, 30th, 31st December 2019 and 1st January 2020</strong></p><p><strong>Normal service will resume at 0630GMT on Thursday&nbsp;2nd&nbsp;of January 2020 for the beginning of the EU Session</strong></p><p><strong>Market closures and desk opening hours</strong></p><p>&nbsp;</p><p><strong>24th December - </strong>Business as usual up to<strong>1845GMT Tuesday 24th December 2019</strong></p><p>Floor Trade</p><p>1. CME/CBOT –FX and Interest Rates close at 1800GMT/1200CST, Equities Futures and Options close at 1815GMT/1215CST</p><p>2. NYSE – Early close at 1800GMT</p><p>Electronic Trade</p><p>1. CME – Equity, interest rates, FX close 1815GMT/1215CST, Energy closes at 1845GMT/1245CST</p><p>2. ICE – <a href=\"https://www.theice.com/holiday-hours\">https://www.theice.com/holiday-hours</a></p><p>3. Eurex – Closed for trading in all derivatives</p><p>4. Euronext Derivatives – Instruments will begin closing at 1255GMT/0655CST</p><p>Cash Index:</p><p>1. FTSE – Close 1230GMT/0630CST onwards</p><p>2. Euronext Cash – All instruments will be closed by 1305GMT/0705CST</p><p>3. DAX - Closed</p><p>4. IBEX 35 – Close 1300GMT/0700CST</p><p>5. FTSE MIB - Close 1230GMT/0630CST onwards</p><p>6. SMI – Closed</p><p>7. Oslo Bors – Closed</p><p>8. OMX 30 – Closed</p><p>Asia-Pac</p><p>Australia – Close at 0330GMT/2110CST</p><p>Japan – Regular Hours</p><p>Hong Kong – Regular Hours</p><p>&nbsp;</p><p><strong>25th December – Desk Closed</strong></p><p>Floor Trade&nbsp;</p><p>1. CME/CBOT - Closed</p><p>2. NYSE – Closed</p><p>Electronic Trade</p><p>1. CME Globex – Equity, interest rates, FX closed. Opens 2300GMT/1700CST</p><p>2. ICE <a href=\"https://www.theice.com/holiday-hours\">https://www.theice.com/holiday-hours</a></p><p>3. Eurex – Closed</p><p>4. Euronext Derivatives - Closed</p><p>Cash Index: -</p><p>1. FTSE – Closed</p><p>2. Euronext Cash – Closed</p><p>3. DAX - Closed</p><p>4. IBEX 35 - Closed</p><p>5. FTSE MIB - Closed</p><p>6. SMI – Closed</p><p>7. Oslo Bors – Closed</p><p>8. OMX 30 – Closed</p><p>Asia-Pac</p><p>Australia - Closed</p><p>Japan – Regular Close</p><p>Hong Kong - Closed</p><p>&nbsp;</p><p><strong>26th December (Boxing Day) – Desk Closed</strong></p><p>Floor Trade&nbsp;</p><p>1. CME/CBOT – Regular hours</p><p>2. NYSE – Regular hours</p><p>Electronic Trade</p><p>1. CME Globex – Equity, interest rates, FX closed. Regular hours</p><p>2. ICE – <a href=\"https://www.theice.com/holiday-hours\">https://www.theice.com/holiday-hours</a></p><p>3. Eurex – Closed for trading and clearing (exercise, settlement and cash) in all derivatives</p><p>4. Euronext Derivatives - Closed</p><p>Cash Index: -</p><p>1. FTSE – Closed</p><p>2. Euronext Cash – Closed</p><p>3. DAX - Closed</p><p>4. IBEX 35 - Closed</p><p>5. FTSE MIB - Closed</p><p>6. SMI – Closed</p><p>7. Oslo Bors – Closed</p><p>8. OMX 30 – Closed</p><p>Asia-Pac</p><p>Australia - Closed</p><p>Japan – Regular Close</p><p>Hong Kong - Closed</p><p>&nbsp;</p><p><strong>27th and 30th December – Desk Closed</strong></p><p>Floor Trade&nbsp;</p><p>1. CME/CBOT – Regular hours</p><p>2. NYSE – Regular hours</p><p>Electronic Trade</p><p>1. CME Globex – Equities, Interest Rates, FX – Regular hours</p><p>2. ICE – <a href=\"https://www.theice.com/holiday-hours\">https://www.theice.com/holiday-hours</a></p><p>3. Eurex - Regular hours</p><p>4. Euronext Derivatives - Regular hours</p><p>Cash Index: -</p><p>1. FTSE – Regular hours</p><p>2. Euronext Cash – Regular Hours</p><p>3. DAX – Regular hours</p><p>4. IBEX 35 – Regular hours</p><p>5. FTSE MIB – Regular hours</p><p>6. SMI – Regular hours</p><p>7. Oslo Bors – Regular hours</p><p>8. OMX 30 - Regular hours</p><p>Australia – Regular Close</p><p>Japan – Regular Close</p><p>Hong Kong – Regular Close</p><p>&nbsp;</p><p><strong>31st December (NYE)– Desk Closed</strong></p><p>Floor Trade&nbsp;</p><p>1. CME/CBOT – FX and Interest Rates close at 1800GMT/1200CST</p><p>2. NYSE – Regular hours</p><p>Electronic Trade</p><p>1. CME Globex – Equities, Interest Rates, FX – Regular close</p><p>2. ICE – <a href=\"https://www.theice.com/holiday-hours\">https://www.theice.com/holiday-hours</a></p><p>3. Eurex – Closed for trading in all derivatives</p><p>4. Euronext Derivatives – Closes begin at 1255GMT/0655CST</p><p>Cash Index: -</p><p>1. FTSE – Close 1230GMT/0630CST onwards</p><p>2. Euronext Cash – Closes begin at 1305GMT/0705CST</p><p>3. DAX – Closed</p><p>4. IBEX 35 – Close 1300GMT/0700CST</p><p>5. FTSE MIB - Close 1230GMT/0630CST onwards</p><p>6. SMI – Closed</p><p>7. Oslo Bors – Closed</p><p>8. OMX 30 – Closed</p><p>Asia-Pac</p><p>Australia – Close at 0330GMT/2110CST</p><p>Japan - Closed</p><p>Hong Kong – Regular Close</p><p>&nbsp;</p><p><strong>1st January (NYD) – Desk Closed</strong></p><p>Floor Trade&nbsp;</p><p>1. CME/CBOT - Closed</p><p>2. NYSE – Closed</p><p>Electronic Trade</p><p>1. CME Globex – Equity, interest rates, FX closed. Opens 2300GMT/1700CST</p><p>2. ICE – <a href=\"https://www.theice.com/holiday-hours\">https://www.theice.com/holiday-hours</a></p><p>3. Eurex – Closed</p><p>4. Euronext Derivatives - Closed</p><p>Cash Index: -</p><p>1. FTSE – Closed</p><p>2. Euronext Cash – Closed</p><p>3. DAX – Closed</p><p>4. IBEX 35 - Closed</p><p>5. FTSE MIB - Closed</p><p>6. SMI – Closed</p><p>7. Oslo Bors – Closed</p><p>8. OMX 30 – Closed</p><p>Asia-Pac</p><p>Australia - Closed</p><p>Japan - Closed</p><p>Hong Kong - Closed</p><p>&nbsp;</p><p><strong>2nd January (Thursday) – Markets open. Desk will re-open at 0630GMT for the beginning of the European session&nbsp;</strong></p>",
        "reaction_details": "",
        "reaction_updated_at": null,
        "analysis_details": "",
        "analysis_updated_at": null,
        "push_notify": false,
        "source": "Newsquawk",
        "slug": "newsquawk-christmas-period-opening-hours-27-12-2019",
        "hidden": false,
        "section": {
            "id": 26,
            "name": "Newsquawk Update"
        },
        "important": false,
        "highlighted": true,
        "disclaimer": null,
        "rumour": false,
        "hk_time": "2019-12-31 04:00:00",
        "gmt_time": "2019-12-30 20:00:00"
    },
    {
        "id": 902214,
        "updated_sequence": 2062883,
        "published_at": {
            "unix": 1577696400,
            "text": "2019-12-30 09:00:00 +0000",
            "iso_8601": "2019-12-30T09:00:00Z"
        },
        "updated_at": {
            "unix": 1577946082,
            "text": "2020-01-02 06:21:22 +0000",
            "iso_8601": "2020-01-02T06:21:22Z"
        },
        "subject": "ASIA-PAC SERVICE HAS NOW FINISHED, PLEASE REVERT BACK TO YOUR ORIGINAL CHANNEL FOR COVERAGE ON THE UK & EUROPEAN SESSION",
        "content": "",
        "reaction_details": "",
        "reaction_updated_at": null,
        "analysis_details": "",
        "analysis_updated_at": null,
        "push_notify": false,
        "source": "RANsquawk",
        "slug": "asia-pac-service-has-now-finished-please-revert-back-to-your-original-channel-for-coverage-on-the-uk-european-session-27-12-2019",
        "hidden": false,
        "section": {
            "id": 36,
            "name": "Asian News"
        },
        "important": false,
        "highlighted": true,
        "disclaimer": null,
        "rumour": false,
        "hk_time": "2019-12-30 17:00:00",
        "gmt_time": "2019-12-30 09:00:00"
    }
]