"gmt_time","hk_time","subject"
"2019-06-03 23:50:00","2019-06-04 07:50:00","Japanese Monetary Base (May) Y/Y 3.6% (Prev. 3.1%)"
"2019-06-03 23:50:00","2019-06-04 07:50:00","Japanese Monetary Base End of Period (JPY)(May) 511.8T (Prev. 514.6T)"
"2019-06-03 23:34:00","2019-06-04 07:34:00","PRE-MARKET AUSTRALIAN, JAPANESE AND SOUTH KOREAN STOCK NEWS: Charter Hall Group (CHC AT) is said to have acquired 19.9% stake in Australian Unity Property Fund and may be considering a potential takeover"
"2019-06-03 23:30:00","2019-06-04 07:30:00","Australian ANZ Roy Morgan Consumer Confidence (Jun 2) W/W 116.9 (Prev. 118.6)"
"2019-06-03 23:22:00","2019-06-04 07:22:00","Volkswagen (VOW3 GY) CEO is meeting with US Trade Representative Lighthizer"
"2019-06-03 23:07:00","2019-06-04 07:07:00","China firmly opposes US Secretary of State Pompeo's statement regarding human rights in China"
"2019-06-03 23:05:00","2019-06-04 07:05:00","US House passed USD 19bln disaster aid bill and sends the measure to President Trump"
"2019-06-03 23:02:00","2019-06-04 07:02:00","Tesla (TSLA) Model X reportedly caught fire and the dashboard melted away, according to Belgium press"
"2019-06-03 22:58:00","2019-06-04 06:58:00","USTR and Treasury Department says US insistence of enforceable commitments is not a threat to China's sovereignty, adds China negotiators backed away from previously agreed provisions in wrapping up issues during trade talks"
"2019-06-03 22:48:00","2019-06-04 06:48:00","Reports note police responding to an active shooter in Del Amo Fashion Centre in Torrance, California where witnesses reported hearing multiple gunshots although it is unclear if there are any victims"
"2019-06-03 22:30:00","2019-06-04 06:30:00","Mexico Agriculture Secretary Villalobos says Trump's tariffs would cause economic damage of USD 117/month for US and Mexico"
"2019-06-03 22:28:00","2019-06-04 06:28:00","US Commerce Secretary Ross reiterated President Trump's message that Mexico needs to do more on illegal immigration in meeting with Mexico's Economy Secretary, while Mexico said without its efforts a further 500k migrants would reach US this year"
"2019-06-03 22:25:00","2019-06-04 06:25:00","Natural Gas Pipeline declares a force majeure on compressor station 801 in Carter County, Oklahoma following the failure on June 1st"
"2019-06-03 22:21:00","2019-06-04 06:21:00","US President Trump administration says it is disappointed that China is misrepresenting trade talks in response to China's White Paper on trade"
"2019-06-03 22:14:00","2019-06-04 06:14:00","Federal judge in Washington DC rejected House Democrats attempt to block President Trump's use of emergency powers to reprogram military funds for his border wall"
"2019-06-03 22:04:00","2019-06-04 06:04:00","Q1 global semiconductor manufacturing equipment billings fell 8% Y/Y to USD 13.8bln, according to SEMI"
"2019-06-03 21:45:00","2019-06-04 05:45:00","ASIAN DAILY ECONOMIC RELEASES CALENDAR NOW AVAILABLE IN THE RESEARCH SECTION: Highlights include the RBA Interest Rate Decision, Australian Current Account, Net Contribution to GDP and Retail Sales, New Zealand Terms of Trade and South Korean GDP"
"2019-06-03 21:43:00","2019-06-04 05:43:00","UK will reportedly take a tough line with US President Trump regarding China and say that Huawei participation in 5G will not impact US cooperation"
"2019-06-03 21:28:00","2019-06-04 05:28:00","SPDR Gold Trust reports holdings rose 2.21% or 16.44 tonnes to 759.65 tonnes"
"2019-06-03 21:20:00","2019-06-04 05:20:00","DAILY ASIA-PAC OPENING NEWS"
"2019-06-03 21:18:00","2019-06-04 05:18:00","Bemis (BMS) to replace Mattel (MAT) in S&P 500"
"2019-06-03 21:05:00","2019-06-04 05:05:00","US House Judiciary Committee launches antitrust probe into tech industry including Google (GOOG), Amazon (AMZN), Facebook (FB) and others"
"2019-06-03 21:00:00","2019-06-04 05:00:00","ASIA-PAC SERVICE IS NOW LIVE FOR TODAY'S SESSION"
"2019-06-03 20:48:00","2019-06-04 04:48:00","UK Conservative Party leadership candidates with little support could be culled to speed up the process of electing a new leader, according to Telegraph"
"2019-06-03 20:46:00","2019-06-04 04:46:00","Politicians from Australia's 2 main parties agree the RBA has become less fearful of using QE, but want the RBA to avoid unjust easing"
"2019-06-03 20:43:00","2019-06-04 04:43:00","American Airlines (AAL) flight was said to make an emergency landing at El Paso International Airport, Texas due to possible mechanical issue"
"2019-06-03 20:42:00","2019-06-04 04:42:00","UK Conservative Party 1922 Committee is to meet on Tuesday to set out plan for electing a new leader"
"2019-06-03 20:04:00","2019-06-04 04:04:00","US MARKET WRAP - 3rd JUNE 2019: FAANG names lead stocks lower; Bullard mulls a rate cute"
"2019-06-03 19:30:00","2019-06-04 03:30:00","Changes at FedEx (FDX) to comply with US trade restrictions reportedly lead to the misrouting of two packages for Hauwei, according to WSJ"
"2019-06-03 19:25:00","2019-06-04 03:25:00","Mexico is looking at retaliation against the US provided that tariffs proceed, according to Universal"
"2019-06-03 19:05:00","2019-06-04 03:05:00","Fed's Bullard (Voter) does not want to judge outcome of the June meeting, but global trade outlook has darkened, yield-curve sending signals that financial conditions are too tight"
"2019-06-03 19:03:00","2019-06-04 03:03:00","Tesla (TSLA) is working to integrate police features into its Model X"
"2019-06-03 18:50:00","2019-06-04 02:50:00","FX WRAP: Dovish Bullard accelerates dollar's decline "
"2019-06-03 18:43:00","2019-06-04 02:43:00","Apple's (AAPL) new Mac Pro will start at USD 5,999, will be available in fall"
"2019-06-03 18:36:00","2019-06-04 02:36:00","Fed's Bullard says he does not see current financial stability risks "
"2019-06-03 18:32:00","2019-06-04 02:32:00","WTI (N9) futures settle USD 0.25 lower at USD 53.25/BBL; Brent (N9) futures settle USD 0.71 lower at USD 61.28/BBL"
"2019-06-03 18:12:00","2019-06-04 02:12:00","US President Trump says, as a sign of good faith, Mexico should immediately stop the flow of people and drugs across the US/Mexico border"
"2019-06-03 18:06:00","2019-06-04 02:06:00","Fed's Bullard says that the new Fed balance sheet size ""normal"" is over USD 3trln"
"2019-06-03 17:43:00","2019-06-04 01:43:00","US President Trump says a ""big"" US/UK trade deal is possible once UK ""gets rid of the shackles"", adding US and UK are ""already starting to talk"""
"2019-06-03 17:29:00","2019-06-04 01:29:00","Apple (AAPL) - DoJ has been given jurisdiction for potential anti-trust probe of Apple as part of broader tech review "
"2019-06-03 17:25:00","2019-06-04 01:25:00","Fed's Bullard (voter) says interest rate cut might be warranted soon on trade and inflation worries"
"2019-06-03 17:15:00","2019-06-04 01:15:00","Italy Deputy PM Salvini says the League wants the government to press ahead"
"2019-06-03 17:09:00","2019-06-04 01:09:00","Ford (F) May US vehicle sales -4.1% Y/Y"
"2019-06-03 17:06:00","2019-06-04 01:06:00","Apple (AAPL) CEO cooks says Apple Card will be available from summer, Apple Arcade will be available later in 2019"
"2019-06-03 17:01:00","2019-06-04 01:01:00","Fed's Barkin (Non-Voter) says running the economy hot might boost labour force participation "
"2019-06-03 16:42:00","2019-06-04 00:42:00","China has called for the full implementation of the JCPOA, according to State News Agency Xinhua "
"2019-06-03 16:42:00","2019-06-04 00:42:00","China has called for the full implementation of the JCPOA, according to State News Agency Xinhua "
"2019-06-03 16:37:00","2019-06-04 00:37:00","Italy PM Conte says EU rules will stay in force until the government can secure changes; says EU disciplinary action would be very bad for Italy "
"2019-06-03 16:35:00","2019-06-04 00:35:00","Boeing (BA) 737 MAX engine maker CFM has cut output on the planes grounding by about 5%; still says it is on track to deliver 1800 engines this year"
"2019-06-03 16:32:00","2019-06-04 00:32:00","India raises its gold holdings to 618.183 Tonnes in April (up by 5.597 Tonnes), according to IMF data "
"2019-06-03 16:20:00","2019-06-04 00:20:00","CITGO has received a subpoena from the DoJ; CITGO says it is cooperating with the DoJ, and is conducting an independent probe"
"2019-06-03 16:14:00","2019-06-04 00:14:00","Brazilian oil production at 2.604mln BPD on average in April, up 0.3% from April 2018, according to a regulator"
"2019-06-03 16:04:00","2019-06-04 00:04:00","US Secretary of State Pompeo says US hopes have been dashed by China's behaviour "
"2019-06-03 15:46:00","2019-06-03 23:46:00","Facebook (FB) - The FTC have secured the right to examine how Facebook's practices affect competition"
"2019-06-03 15:35:00","2019-06-03 23:35:00","Atlanta Fed have revised its Q2 GDP forecast to 1.3% from 1.2%"
"2019-06-03 15:31:00","2019-06-03 23:31:00","EUROPEAN PRELIMINARY CASH CLOSE: EURO STOXX 50 (0.5%) at 3297, FTSE 100 (0.4%) at 7187, DAX (0.5%) at 11784, CAC 40 (0.6%) at 5237, IBEX 35 (0.1%) at 9013, FTSE Italian MIB (0.3%) at 19858, SMI (0.9%) at 9603"
"2019-06-03 15:30:00","2019-06-03 23:30:00","Russian Energy Minister Novak says Russia is committed to sticking to the OPEC+ deal in June; says Russia's combined production cut under the deal stood at 317k BPD in May compared to October levels (11.36mln BPD)"
"2019-06-03 15:12:00","2019-06-03 23:12:00","Poland's PKN Orlen says clean oil supply to Poland via the Druzhba pipeline can be re-instated as of June 10th; says Russia's Transneft will pay oil producers so they can compensate their customers' losses"
"2019-06-03 14:55:00","2019-06-03 22:55:00","Russian Deputy Energy Minister Sorokin says that a protocol has been signed following a meeting on the contaminated oil; says no specific figures were discussed but compensation should be decided by the market; there will be a single mechanism for comp."
"2019-06-03 14:48:00","2019-06-03 22:48:00","Tesla (TSLA) -  documents reportedly show continuous air quality non-compliance at the Co's California Tesla., reported by the Drive.com"
"2019-06-03 14:44:00","2019-06-03 22:44:00","Kinder Morgan (KMI) - Co. have reported a fire at their Carson, California site"
"2019-06-03 14:41:00","2019-06-03 22:41:00","Daily FX Wrap: DXY pulls back further from 98.00 whilst USD/MXN eyes 20.00 on tariff troubles"
"2019-06-03 14:32:00","2019-06-03 22:32:00","BP (BP/ LN) have struck an agreement to offload its interest in Gulf of Suez Oil concessions in Egypt to Dragon Oil"
"2019-06-03 14:19:00","2019-06-03 22:19:00","Nissan (NSANY, 7201 JT) May US auto sales +0.1% vs. Exp. -6.2%"
"2019-06-03 14:10:00","2019-06-03 22:10:00","Fixed Income Update: EU, UK and US debt futures trade in middle of session ranges"
"2019-06-03 14:08:00","2019-06-03 22:08:00","French President Macron states that October will be the final Brexit deadline"
"2019-06-03 13:52:00","2019-06-03 21:52:00","Belarus will finish pumping contaminated oil back to Russia by the middle of August, according to interfax"
"2019-06-03 13:51:00","2019-06-03 21:51:00","T-Mobile US (TMUS), Sprint (S) - Two democratic senators are urging the DoJ to probe whether or not US President Trump had acted to influence the merger"
"2019-06-03 13:40:00","2019-06-03 21:40:00","Honda (HMC) May US auto sales -4.9% vs. Exp. -1.3%"
"2019-06-03 13:33:00","2019-06-03 21:33:00","Talking Crude: Saudi to do whatever it takes"
"2019-06-03 13:33:00","2019-06-03 21:33:00","US Movers: Alphabet (GOOG, GOOGL) -4.3%, Facebook (FB) -2.3%, DuPont (DD-A) -2%, Apple (AAPL) +1.3%, Nektar Therapeutics (NKTR) +9.4%, Advanced Micro Devices (AMD) +7%"
"2019-06-03 13:32:00","2019-06-03 21:32:00","A top court has approved IBM's (IBM) case vs. a retirement fund that would limit worker stock units"
"2019-06-03 13:30:00","2019-06-03 21:30:00","Fiat Chrysler (FCA IM) May US auto sales +2.0% vs. Exp. -5.9%"
"2019-06-03 13:25:00","2019-06-03 21:25:00","Scotiabank FX Daily - USD Soft Despite Cautious Market Tone"
"2019-06-03 13:09:00","2019-06-03 21:09:00","Fed's Quarles (voter) does not comment on economic outlook or monetary policy in the text of his upcoming speech (1410BST)"
"2019-06-03 13:08:00","2019-06-03 21:08:00","Toyota (TM) May US auto sales +3.2% vs. Exp. -0.5%"
"2019-06-03 13:02:00","2019-06-03 21:02:00","RANsquawk Daily US Equity Opening News - 3rd June 19"
"2019-06-03 13:02:00","2019-06-03 21:02:00","Additional US Equity Stories - LEVI, AMD"
"2019-06-03 12:52:00","2019-06-03 20:52:00","Germany's SPD has confirmed their 3 party leadership of Schwesig, Dreyer and Schaeffler-Guembel"
"2019-06-03 12:32:00","2019-06-03 20:32:00","Mexican President AMLO says he wants to continue being a friend of US President Trump and is optimistic that a deal can be reached with the US"
"2019-06-03 12:23:00","2019-06-03 20:23:00","RANsquawk Central Banks - PREVIEW: RBA Rate Announcement due Tuesday 4th June at 0530BST/2330CDT/1230HKT"
"2019-06-03 12:22:00","2019-06-03 20:22:00","Mexican Foreign Minister says Mexican officials are to meet with USTR Lighthizer and acting US Homeland Security Secretary McAleenan this week"
"2019-06-03 12:18:00","2019-06-03 20:18:00","Mexican Foreign Minister notes that the extent concessions to the US are limited by ""dignity"""
"2019-06-03 12:13:00","2019-06-03 20:13:00","An independent researcher finds that Apple (AAPL) macOS security features can be ""easily bypassed"", according to TechCrunch"
"2019-06-03 12:11:00","2019-06-03 20:11:00","Mexican Deputy Foreign Minister notes that the US tariffs on Mexico puts at risk the approval of USMCA"
"2019-06-03 12:10:00","2019-06-03 20:10:00","CEA Chair Hassett states that Mexico tariffs are likely to have more of an impact on Mexico than the US and is hopeful that President Trump and Chinese President Xi will speak at the G20"
"2019-06-03 11:57:00","2019-06-03 19:57:00","US Secretary of State Pompeo says US is trying to level the playing field with China"
"2019-06-03 11:48:00","2019-06-03 19:48:00","US Secretary of State Pompeo says US and Europe should work together to ensure Europe has a secure and diversified energy supply"
"2019-06-03 11:43:00","2019-06-03 19:43:00","Mexico Foreign Minister says imposing tariffs on Mexican imports could be counterproductive to stopping immigration flows; says US and Mexico can reach an agreement over their trade dispute"
"2019-06-03 11:33:00","2019-06-03 19:33:00","Deutsche Post (DPW GY) has applied for new letter price increases, effective 1 July 2019"
"2019-06-03 11:32:00","2019-06-03 19:32:00","Italy Deputy PM Salvini says the government supports the Fiat (FCA IM), Renault (RNO FP) merger provided it is advantageous for the country, otherwise will call Fiat Chairman"
"2019-06-03 11:31:00","2019-06-03 19:31:00","Russian economy minister Oreshkin says 2019 GDP growth could exceed 1.3%"
"2019-06-03 11:28:00","2019-06-03 19:28:00","ING revises its USD/CNY and USD/CNH forecasts to 6.90, 6.95, and 6.90 by end of 2Q, 3Q, and 4Q 2019, respectively (prev. 6.75 by year-end)"
"2019-06-03 11:21:00","2019-06-03 19:21:00","Italy Deputy PM Salvini says jobless rate, not the EU deficit, must dictate whether Ialy can raise government spending"
"2019-06-03 11:12:00","2019-06-03 19:12:00","ASML NV (ASML NA) announces that the Santa Clara Court has entered its final judgement in favour of ASML vs. Xtal, the USD 845mln awarded will be noncollectable "
"2019-06-03 10:45:00","2019-06-03 18:45:00","UK PM May's Spokesperson says that the PM can be expected to bring up the US-UK economic partnership at US President Trump's visit"
"2019-06-03 10:45:00","2019-06-03 18:45:00","UK PM May's Spokesperson says that the PM can be expected to bring up the US-UK economic partnership at US President Trump's visit"
"2019-06-03 10:41:00","2019-06-03 18:41:00","RANsquawk Daily US Opening News - 3rd June 2019"
"2019-06-03 10:17:00","2019-06-03 18:17:00","RANsquawk EU Mid Session: Tariffs threats continue to trouble markets as Bund yields break all-time lows - 3rd June 2019"
"2019-06-03 10:07:00","2019-06-03 18:07:00","US President Trump tweets ""China is subsidizing its product in order that it can continue to be sold in the USA"", reiterating that "" Many firms are leaving China for other countries, including the United States, in order to avoid paying the Tariffs."""
"2019-06-03 09:57:00","2019-06-03 17:57:00","Russian Deputy Energy Minister expects steps to resolve the contaminated oil situation to be carried out as planned"
"2019-06-03 09:30:00","2019-06-03 17:30:00","Nomura Quant: Increasing risk-off trade as US trade/recession concerns intensify"
"2019-06-03 09:17:00","2019-06-03 17:17:00","FX Morning Colour: Safe havens rise on Trump’s trade trifecta"
"2019-06-03 09:00:00","2019-06-03 17:00:00","ASIA-PAC SERVICE HAS NOW FINISHED, PLEASE REVERT BACK TO YOUR ORIGINAL CHANNEL FOR COVERAGE ON THE UK & EUROPEAN SESSION"
"2019-06-03 08:46:00","2019-06-03 16:46:00","Fixed Income: UK debt futures top Europe after the weekend’s action"
"2019-06-03 08:33:00","2019-06-03 16:33:00","Germany's SPD propose Schwesig, Dreyer and Schaeffler-Guembel head the SPD temporarily after Nahles stepped down, as according to sources"
"2019-06-03 08:29:00","2019-06-03 16:29:00","Norwegian Oil Industry says that a strike would reduce output by 440k BPD, "
"2019-06-03 08:26:00","2019-06-03 16:26:00","Natixis trade recommendations 3rd Jun19"
"2019-06-03 08:22:00","2019-06-03 16:22:00","UBS FX spot ideas 3rd Jun19"
"2019-06-03 08:02:00","2019-06-03 16:02:00","Italian PM Conte will hold a press conference at 1715BST and says that he has ""important things to say"""
"2019-06-03 07:56:00","2019-06-03 15:56:00","Aluminium producers are looking for USD 115-120/t July-September premium in talks with Japan; 10-14% higher than Q2, according to sources"
"2019-06-03 07:52:00","2019-06-03 15:52:00","Barclays Trade of the Week: Short EUR/JPY at 121.50, target of 117.00 and stop at 124.00. For reference, currently at 120.89"
"2019-06-03 07:41:00","2019-06-03 15:41:00","China have issued a warning against academics and students studying in the US, according to State Media; as suggested by Hu Xijin of the Chinese Global Times"
"2019-06-03 07:35:00","2019-06-03 15:35:00","Saudi Energy Minister Al Falih states that Saudi Arabia are committed to do whatever is required to stabilise oil markets"
"2019-06-03 07:24:00","2019-06-03 15:24:00","Saudi Arabia May crude oil production 9.65mln BPD (Prev. 10.05mln BPD)., Saudi Oil Industry Source"
"2019-06-03 07:05:00","2019-06-03 15:05:00","European equity movers this morning: William Hill (WMH LN) +3.5%; Wirecard (WDI GY) +2.9%; Lagadere (MMB FP) +1.5%; JC Decaux (DEC FP) +0.9%; Infineon (IFX GY) -3.5%; Deutsche Bank (DBK GY) -2.2%; Dialog Semiconductor (DLG GY) -1.9%"
"2019-06-03 07:04:00","2019-06-03 15:04:00","China Global Times Editor notes that to his knowledge, ""China will issue a warning on the risk of studying in the US, .. can also be seen as a response to the US-initiated trade war"""
"2019-06-03 06:59:00","2019-06-03 14:59:00","Major FX option expiries for today's NY cut"
"2019-06-03 06:40:00","2019-06-03 14:40:00","Additional European equity stories post the release of the Daily European equity opening news"
"2019-06-03 06:14:00","2019-06-03 14:14:00","Goldman Sachs now see a 60% chance of new 10% tariffs on USD 300bln of Chinese goods (Prev. 40% chance), adding that escalation looks likely from both sides. GS now see a 40% chance of US tariffs on auto imports in 2019 (Prev. 25%)"
"2019-06-03 05:59:00","2019-06-03 13:59:00","Goldman Sachs suggest that oil prices may recover from here due to a tight EU crude market, sudden moves lower, OPEC's reluctance to increase supply and above consensus growth forecasts. [cont]"
"2019-06-03 05:51:00","2019-06-03 13:51:00","DAILY EUROPEAN EQUITY OPENING NEWS"
"2019-06-03 05:28:00","2019-06-03 13:28:00","RANsquawk Daily European Opening News - 3rd June 2019 "
"2019-06-03 05:18:00","2019-06-03 13:18:00","Italian PM Conte will today launch an ultimatum to the coalition parties to speed up government action or face his resignation, adding that he does not intend to undertake an EU disciplinary procedure, according to La Repubblica"
"2019-06-03 05:14:00","2019-06-03 13:14:00","Chinese Industry Ministry is to issue 5G commercial licence in the near future according to Xinhua"
"2019-06-03 05:02:00","2019-06-03 13:02:00","Japanese Vehicle Sales (May) 4.8% (Prev. 2.5%)"
"2019-06-03 04:57:00","2019-06-03 12:57:00","ASIA-PAC MARKET WRAP: Asia began the week lower amid trade war concerns and after Wall St's worst May performance in 9 years"
"2019-06-03 04:28:00","2019-06-03 12:28:00","Standard Chartered (2888 HK) is planning to set up FX e-trading and pricing engine in Singapore which is expected to launch in Q1 next year"
"2019-06-03 04:00:00","2019-06-03 12:00:00","Malaysia Imports (Apr) Y/Y 4.4% vs. Exp. -0.2% (Prev. -0.1%)"
"2019-06-03 04:00:00","2019-06-03 12:00:00","Malaysia Exports (Apr) Y/Y 1.1% vs. Exp. -1.0% (Prev. -0.5%)"
"2019-06-03 04:00:00","2019-06-03 12:00:00","Malaysia Trade Balance (Apr) 10.9B vs. Exp. 12.6B (Prev. 14.4B)"
"2019-06-03 03:51:00","2019-06-03 11:51:00","Great Wall Motor (2333 HK) plans to invest more than USD 1bln in India"
"2019-06-03 03:41:00","2019-06-03 11:41:00","Lawson (2651 JT) is to offer 6% rebate when Japan increases the sales tax"
"2019-06-03 03:38:00","2019-06-03 11:38:00","PRE-MARKET INDIA STOCK NEWS: India GDP for Q1 fell short of estimates"
"2019-06-03 03:26:00","2019-06-03 11:26:00","Fed's Daly (Non-Voter, Dove) maintains forecasts for economic growth at 2% and says trade discussions are creating uncertainty in the economy, adds her stance is to be patient and wait what the details of the trade discussions are"
"2019-06-03 03:12:00","2019-06-03 11:12:00","ASIA-PAC MID-SESSION UPDATE: Asia begins the week lower amid trade war concerns and after Wall St's worst May performance in 9 years"
"2019-06-03 03:00:00","2019-06-03 11:00:00","JPMorgan lowers China Q2 GDP growth forecast to 6.1% from 6.3%"
"2019-06-03 02:54:00","2019-06-03 10:54:00","Macau May gaming revenue at MOP 25.9bln which represents Y/Y increase of 1.8% vs. Exp. 2.1% (Prev. -8.3%)"
"2019-06-03 02:30:00","2019-06-03 10:30:00","Samsung SDS (018260 KS) awarded KRW 746.9bln contract with Samsung Electronics (005930 KS)"
"2019-06-03 01:45:00","2019-06-03 09:45:00","Fed's Daly (Non-Voter, Dove) does not comment on monetary policy or outlook, says consumers remain skeptical of financial firms"
"2019-06-03 01:45:00","2019-06-03 09:45:00","Chinese Caixin Manufacturing PMI (May) 50.2	vs. Exp. 50.0 (Prev. 50.2)"
"2019-06-03 01:42:00","2019-06-03 09:42:00","US President Trump says White House Economic Adviser Hassett will be leaving shortly"
"2019-06-03 01:38:00","2019-06-03 09:38:00","BoJ Governor Kuroda reiterates BoJ will continue easing to support the economy, adds inflation and wage growth have remained weak"
"2019-06-03 01:35:00","2019-06-03 09:35:00","Australian Melbourne Institute Inflation Expectations (May) M/M 0.0% (Prev. 0.2%)"
"2019-06-03 01:33:00","2019-06-03 09:33:00","US Department of Transportation set to give tentative approval to American Airlines (AAL) and Qantas (QAN AT) to operate JV"
"2019-06-03 01:24:00","2019-06-03 09:24:00","FAA says Boeing (BA) 737 NG and 737 MAX leading edge slat tracks may have been improperly manufactured and may not meet all requirements for strength and durability"
"2019-06-03 01:24:00","2019-06-03 09:24:00","FAA says Boeing (BA) 737 NG and 737 MAX leading edge slat tracks may have been improperly manufactured and may not meet all requirements for strength and durability"
"2019-06-03 01:17:00","2019-06-03 09:17:00","CITIC sees the possibility of a RRR cut this month by the PBoC if trade tensions worsen or data disappoints"
"2019-06-03 01:15:00","2019-06-03 09:15:00","PBoC injects CNY 80bln via 7-day reverse repo for a net neutral position on the day"
"2019-06-03 01:15:00","2019-06-03 09:15:00","PBoC sets CNY mid-point at 6.8896 (Prev. 6.8992)"
"2019-06-03 01:10:00","2019-06-03 09:10:00","BoJ offers to buy JPY 50bln in up to 1yr JGBs, JPY 350bln in 1yr-3yr JGBs and JPY 400bln in 3yr-5yr JGBs"
"2019-06-03 01:08:00","2019-06-03 09:08:00","Goldman Sachs sees an increasing chance of a Fed rate cut but not enough to include it in its baseline scenario"
"2019-06-03 01:07:00","2019-06-03 09:07:00","Goldman Sachs lowers US Q2 GDP growth estimate to 1.1% from 1.3% on expanding scope of US trade war"
"2019-06-03 01:03:00","2019-06-03 09:03:00","PRE-MARKET CHINA STOCK NEWS: Chinese releases white paper in which it blamed the US for the setback in trade talks"
"2019-06-03 00:43:00","2019-06-03 08:43:00","PRE-MARKET TAIWAN AND SINGAPORE NEWS: Taiwan Central Bank Financial Stability Report states the system was stable in 2018 "
"2019-06-03 00:41:00","2019-06-03 08:41:00","North Korea lashed out at Japan over PM Abe's offer to hold a summit with leader Kim without any precondition and described it as the height of brazen-facedness"
"2019-06-03 00:30:00","2019-06-03 08:30:00","Japanese Nikkei Manufacturing PMI (May F) 49.8 (Prev. 49.6)"
"2019-06-03 00:30:00","2019-06-03 08:30:00","Malaysia Nikkei Manufacturing PMI (May) 48.8 (Prev. 49.4)"
"2019-06-03 00:30:00","2019-06-03 08:30:00","Vietnam Nikkei Manufacturing PMI (May) 52.0 (Prev. 52.5)"
"2019-06-03 00:30:00","2019-06-03 08:30:00","Philippines Nikkei Manufacturing PMI (May) 51.2 (Prev. 50.9)"
"2019-06-03 00:30:00","2019-06-03 08:30:00","Taiwan Nikkei Manufacturing PMI (May) 48.4 (Prev. 48.2)"
"2019-06-03 00:20:00","2019-06-03 08:20:00","Goldman Sachs revises its trade war forecasts and sees 10% tariffs on the remaining USD 300bln of imports from China and on all imports from Mexico in July"
"2019-06-03 00:14:00","2019-06-03 08:14:00","Blackstone (BX) agrees to buy network of US industrial warehouses from Singapore-based GLP in deal valued at USD 18.7bln"
"2019-06-03 00:10:00","2019-06-03 08:10:00","US White House reportedly considered tariffs on Australia last week but then decided against it, according to NYT"
"2019-06-03 00:02:00","2019-06-03 08:02:00","Asia equity markets begin lower across the board and continue to be pressured by US-China and US-Mexico trade tensions, while China also released a white paper in which it formally blamed the US for the setback in negotiations"
"2019-06-03 00:00:00","2019-06-03 08:00:00","Australian CoreLogic House PX (May) M/M -0.4% (Prev. -0.5%)"