"gmt_time","hk_time","subject"
"2019-02-13 23:50:00","2019-02-14 07:50:00","Japanese GDP Nominal (Q4 P) Q/Q 0.3% vs. Exp. 0.4% (Prev. -0.7%)"
"2019-02-13 23:22:00","2019-02-14 07:22:00","PRE-MARKET JAPANESE AND SOUTH KOREAN STOCK NEWS: Focus on earnings and Japanese GDP"
"2019-02-13 22:51:00","2019-02-14 06:51:00","40 former UK ambassadors are calling on PM May to delay the Brexit"
"2019-02-13 22:38:00","2019-02-14 06:38:00","PRE-MARKET AUSTRALIAN STOCK NEWS: CIMIC gets AUD 725mln railway project; Earnings from AMP, ASX, Newcrest Mining, South32, Suncorp, Telstra, Treasury Wine and Woodside Petroleum"
"2019-02-13 22:05:00","2019-02-14 06:05:00","ASIAN DAILY ECONOMIC RELEASES CALENDAR NOW AVAILABLE IN THE RESEARCH SECTION: Highlights include Japanese GDP, Australian Consumer Inflation Expectations, Chinese Trade Balance, Exports & Imports"
"2019-02-13 22:00:00","2019-02-14 06:00:00","ASIA-PAC SERVICE IS NOW LIVE FOR TODAY'S SESSION"
"2019-02-13 22:00:00","2019-02-14 06:00:00","DAILY ASIA-PAC OPENING NEWS"
"2019-02-13 21:38:00","2019-02-14 05:38:00","US House defies President Trump by voting to drop support for Saudi Arabia in Yemen"
"2019-02-13 21:33:00","2019-02-14 05:33:00","RBNZ Governor Orr formally signs monetary policy committee remit giving effect to dual policy mandate"
"2019-02-13 21:16:00","2019-02-14 05:16:00","American International Group Inc (AIG) Q4 Adj. EPS USD 0.57 vs. Exp. USD 0.47"
"2019-02-13 21:15:00","2019-02-14 05:15:00","Pioneer Natural Resources Co (PXD) Q4 Adj. EPS USD 1.18 vs. Exp. USD 1.54"
"2019-02-13 21:15:00","2019-02-14 05:15:00","Williams Companies Inc (WMB) Q4 Adj. EPS USD 0.19 vs. Exp. USD 0.24"
"2019-02-13 21:08:00","2019-02-14 05:08:00","Waste Connections Inc (WCN) Q4 Adj. EPS USD 0.63 vs. Exp. USD 0.61, revenue USD 1.262bln vs. Exp. USD 1.23bln"
"2019-02-13 21:07:00","2019-02-14 05:07:00","Equinix Inc (EQIX) Q4 EPS USD 1.36 vs. Exp. USD 1.23, revenue USD 1.31bln vs. Exp. USD 1.31bln"
"2019-02-13 21:05:00","2019-02-14 05:05:00","Cisco Systems Inc (CSCO) Q2 Adj. EPS USD 0.73 vs. Exp. USD 0.72, revenue USD 12.4bln vs. Exp. USD 12.41bln"
"2019-02-13 21:05:00","2019-02-14 05:05:00","Cisco Systems Inc (CSCO) Q2 Adj. EPS USD 0.73 vs. Exp. USD 0.72, revenue USD 12.4bln vs. Exp. USD 12.41bln"
"2019-02-13 21:03:00","2019-02-14 05:03:00","RANsquawk US Market Wrap - 13 Feb 2019: Trump leans towards gov. funding bill"
"2019-02-13 19:32:00","2019-02-14 03:32:00","WTI (H9) futures settle USD 0.80 higher at USD 53.90/bbl, Brent (J9) futures settle USD 1.19 higher at USD 63.61/bbl"
"2019-02-13 19:27:00","2019-02-14 03:27:00","RBNZ Governor Orr says spending is reflective of a lack of house price growth"
"2019-02-13 19:18:00","2019-02-14 03:18:00","US Republican Senator Graham says President Trump is ""inclined"" to sign bipartisan funding bill if provisions on barriers and beds are as he expects"
"2019-02-13 18:59:00","2019-02-14 02:59:00","Apple (AAPL) is looking to launch its video service in April, but Netflix (NFLX) is unlikely to be a part of it and it is unlikely HBO (T) will be too"
"2019-02-13 18:43:00","2019-02-14 02:43:00","US Senators are to introduce a bipartisan bill seeking to introduce stiff sanctions on Russia's banking, energy and debt over election interference and Ukraine"
"2019-02-13 18:35:00","2019-02-14 02:35:00","Brazilian President Bolsonaro to receive pension reform plan by Friday"
"2019-02-13 18:13:00","2019-02-14 02:13:00","EU Council President Tusk says he is ""still waiting for concrete, realistic"" Brexit proposals"
"2019-02-13 18:00:00","2019-02-14 02:00:00","Deutsche Bank (DBK GY) to cut 1,200 in Postbank integration; Handelsblatt"
"2019-02-13 17:51:00","2019-02-14 01:51:00","BBC Political Correspondent tweets: Hear ERG told Chief Whip this afternoon they wouldn't back govt tomorrow unless motion changed, govt refused; Brexiteer group haven't decided yet if they will abstain it or vote against it, but they won't back govt "
"2019-02-13 17:48:00","2019-02-14 01:48:00","ECB's Visco says Italy's problem is debt, needs to intervene on public debt; doesn't see any attack on the Bank of Italy's autonomy, but rather uncertainties on responsibilities"
"2019-02-13 17:44:00","2019-02-14 01:44:00","Fed's Harker (Non-Voter, Dove) says today's US CPI data was soft; Brexit, China and Germany are potential headwinds for the US economy"
"2019-02-13 17:40:00","2019-02-14 01:40:00","Johnson & Johnson (JNJ) talcum powder supplier Imerys files for bankruptcy "
"2019-02-13 17:35:00","2019-02-14 01:35:00","BNP Paribas sees Gold at USD 1,330 in 2019 and USD 1,415 in 2020"
"2019-02-13 17:30:00","2019-02-14 01:30:00","Fed's Harker (Non-Voter, Dove) expects one rate hike in 2019 and one in 2020; has a patient ""wait-and-see"" policy stance; ""very slight"" downside risks to the US economic outlook"
"2019-02-13 17:25:00","2019-02-14 01:25:00","US President Trump says the trade deal with China is going very well"
"2019-02-13 17:22:00","2019-02-14 01:22:00","US President Trump said he would look for ""land mines"" in the govt funding bill, doesn't want to see a shutdown; will make decision to sign it or not when he gets it"
"2019-02-13 16:56:00","2019-02-14 00:56:00","US-Taliban talks scheduled for 18th February"
"2019-02-13 16:50:00","2019-02-14 00:50:00","""ERG members are meeting with chief whip Julian Smith now to amend the Brexit motion tomorrow. They cannot guarantee support if it is not changed""; according to the HuffPost political editor"
"2019-02-13 16:44:00","2019-02-14 00:44:00","Imperial Oil Strathcona, Alberta refinery (180k BPD) operational issue has been resolved"
"2019-02-13 16:32:00","2019-02-14 00:32:00","US Senator Rubio tweets ""will soon file bill making immediate expensing permanent & tax corporate buybacks same way as dividends. No tax advantage for buybacks over dividends"""
"2019-02-13 16:31:00","2019-02-14 00:31:00","EUROPEAN PRELIMINARY CASH EQUITY CLOSE: EURO STOXX 50 (+0.34%), FTSE 100 (+0.80%), DAX (+0.38%), CAC (+0.44%), IBEX (-0.01%), FTSE MIB (+0.81%), SMI (+0.43%)"
"2019-02-13 16:11:00","2019-02-14 00:11:00","US House Foreign Affairs Committee says Congress wouldn't support military intervention in Venezuela; warns White House about repercussions of PDVSA sanctions"
"2019-02-13 16:02:00","2019-02-14 00:02:00","Osram Licht (OSR GY) confirms it is in talks with Bain Capital and Carlyle"
"2019-02-13 15:41:00","2019-02-13 23:41:00","Mexico's Cayo Arcas terminal is reportedly closed due to weather"
"2019-02-13 15:36:00","2019-02-13 23:36:00","USDA Official says agricultural issues remain unresolved in US-Sino trade talks"
"2019-02-13 15:33:00","2019-02-13 23:33:00","French Government is reportedly considering delisting EDF (EDF FP)"
"2019-02-13 15:29:00","2019-02-13 23:29:00","FBI are investigating two Vitol executives in the America's in relation to Brazil's Bribery probe; are focusing on Mike Loya and Antonio Maaraoui at Vitol"
"2019-02-13 15:29:00","2019-02-13 23:29:00","Daily FX Wrap: Firm US CPI resuscitates flagging Usd"
"2019-02-13 15:14:00","2019-02-13 23:14:00","US President Trump and Chinese President Xi will meet ""sometime in March; according to a USDA Official"
"2019-02-13 15:10:00","2019-02-13 23:10:00","Senate Majority Leader McConnell says Congress are hammering out the final details of the border deal "
"2019-02-13 15:04:00","2019-02-13 23:04:00","Spain's' PSOE sources comment that the general election date may be announced tomorrow; according to Electomania"
"2019-02-13 15:01:00","2019-02-13 23:01:00","Of note for BP (BP/A LN) and Enterprise Products (EPD) a US probe finds gaps in the safety management which led to the 2016 Mississippi natural gas plant blast"
"2019-02-13 14:48:00","2019-02-13 22:48:00","Hearing M&A blog making constructive comments on Cleveland-Cliffs (CLF)  "
"2019-02-13 14:45:00","2019-02-13 22:45:00","US Stock Movers: Activision Blizzard (ATVI) +6.2%, Freeport-McMoRan (FCX) +5%, Interpublic Group (IPG) +3.6%, Dish Network (DISH) -5.8%, TripAdvisor (TRIP) -4.9%, Nordstrom (JWN) -2.1%"
"2019-02-13 14:43:00","2019-02-13 22:43:00","US President Trump is reportedly likely to sign the bipartisan government funding deal as it stands; according to sources"
"2019-02-13 14:43:00","2019-02-13 22:43:00","RANsquawk sources report vague talk that Carl Icahn has taken a large to-be activist stake in Qualcomm (QCOM) - unconfirmed"
"2019-02-13 14:34:00","2019-02-13 22:34:00","King Street Capital Management is said to have a passive stake of 6.06% in class A common stock of Dish Network (DISH) as of 31st December 2018"
"2019-02-13 14:20:00","2019-02-13 22:20:00","Additional US Equity Stories - JNJ, F"
"2019-02-13 14:17:00","2019-02-13 22:17:00","Fed's Bostic (non-voter, dove) says that it was time to put our policy back onto a more neutral range; sees one rate rise this year as part of his model provided we stay at 2.5% GDP growth"
"2019-02-13 14:07:00","2019-02-13 22:07:00","Fed's Mester says she does not have a recession in her forecast at this time"
"2019-02-13 14:07:00","2019-02-13 22:07:00","Caterpillar (CAT) January dealer statistics: Total machines +9% Y/Y"
"2019-02-13 14:04:00","2019-02-13 22:04:00","Fixed and FX latest: core debt under pressure again, but Dollar reinvigorated"
"2019-02-13 13:49:00","2019-02-13 21:49:00","Spain's PM calls a cabinet meeting for Friday ahead of expectations of a snap election"
"2019-02-13 13:42:00","2019-02-13 21:42:00","RANsquawk Daily US Equity Opening News - 13th February 2019 "
"2019-02-13 13:38:00","2019-02-13 21:38:00","White House is weighing possibilities regarding China trade deadline, final deal dependent on Trump and Xi meeting"
"2019-02-13 13:35:00","2019-02-13 21:35:00","White House spokesperson Sanders says President Trump has alternative options to fund border wall, will see what final deal looks like"
"2019-02-13 13:31:00","2019-02-13 21:31:00","US President Trump is likely to pursue an executive order to reallocate Federal funds to border barrier projects according to WaPo reporter on Twitter"
"2019-02-13 13:30:00","2019-02-13 21:30:00","US Real Average Weekly Earnings Y/Y (Jan) 1.9% (Prev. 1.4%)"
"2019-02-13 13:30:00","2019-02-13 21:30:00","US Real Average Weekly Earnings Y/Y (Jan) 1.9% (Prev. 1.4%)"
"2019-02-13 13:23:00","2019-02-13 21:23:00","Brazilian President Bolsonaro is likely to leave hospital Wednesday afternoon"
"2019-02-13 13:14:00","2019-02-13 21:14:00","UK Trade Minister Fox says the government will set out in coming days which EU trade deals it does not believe will be possible to fully replicate before March 29th "
"2019-02-13 13:11:00","2019-02-13 21:11:00","Boeing (BA) files preliminary prospectus supplement related USD 1.5bln four-part senior notes offering; according to a SEC filing "
"2019-02-13 13:07:00","2019-02-13 21:07:00","UK PM May spokesperson says no deal is an eventuality, we wish to avoid but it is the legal default position "
"2019-02-13 12:58:00","2019-02-13 20:58:00","UK Trade Minister Fox says he expects negotiations on rolling over EU trade agreements ""will go down to the wire"""
"2019-02-13 12:54:00","2019-02-13 20:54:00","Scotiabank FX Daily - Market Tone Remains Buoyant Ahead Of Trade Talks"
"2019-02-13 12:41:00","2019-02-13 20:41:00","US President Trump intends to sign border deal in order to avoid a government shutdown; according to CNN"
"2019-02-13 12:40:00","2019-02-13 20:40:00","Russian 2018 gold output at 314.42 tonnes, silver output at 1.119k tonnes; according to the Finance Ministry"
"2019-02-13 12:39:00","2019-02-13 20:39:00","German Chancellor Merkel says there is still work to do to achieve a Brexit deal"
"2019-02-13 12:12:00","2019-02-13 20:12:00","UK PM May told business chief that the best way to avoid a no deal is to vote for her deal; according to a source"
"2019-02-13 12:06:00","2019-02-13 20:06:00","ITV political editor writes piece in The Spectator titled ""Why Brexiteers are getting worried"""
"2019-02-13 12:05:00","2019-02-13 20:05:00","Russian average oil production 11.34mln BPD for Feb 1-12th, down 70,000 BPD from the October level; according to a Energy Industry source"
"2019-02-13 12:04:00","2019-02-13 20:04:00","ECB's Draghi says that the ECB welcomes discussion on a Euro area budgetary instrument "
"2019-02-13 12:01:00","2019-02-13 20:01:00","Lufthansa (LHA GY) passenger load factors 76.2%, +0.6%, Passenger traffic in terms of revenue seat +8.1%"
"2019-02-13 12:01:00","2019-02-13 20:01:00","Teva Pharmaceutical Industries Ltd (TEVA) Q4 EPS USD 0.59 vs. Exp. USD 0.53, revenue USD 4.559bln vs. Exp. USD 4.54bln"
"2019-02-13 11:56:00","2019-02-13 19:56:00","UBS raised EUR/CHF forecast to 1.15 (Prev. 1.12), citing that the ECB hiking path is ""not fundamentally under threat"""
"2019-02-13 11:56:00","2019-02-13 19:56:00","US Treasury Secretary Mnuchin says trade talks are ""so far so good"""
"2019-02-13 11:43:00","2019-02-13 19:43:00","Spanish parliament has rejected the government's 2019 budget; as expected "
"2019-02-13 11:36:00","2019-02-13 19:36:00","RANsquawk Daily US Opening News - 13th February 2019"
"2019-02-13 11:28:00","2019-02-13 19:28:00","European Commission has not received any request for an Article 50 extension "
"2019-02-13 11:26:00","2019-02-13 19:26:00","Bain and Carlyle are reportedly considering a joint bid for Osram Licht (OSR GY), Osram declined to comment"
"2019-02-13 11:19:00","2019-02-13 19:19:00","BBC's Eardley tweets, ERG's Mark Francois says cannot vote with Government tomorrow because it in effect endorses ruling on no deal. Says pleaded with No 10 to change the motion - but ""they spurned that offer"""
"2019-02-13 11:19:00","2019-02-13 19:19:00","RANsquawk EU Mid Session: Less-dovish Riksbank and RBNZ help the Crown and Kiwi take flight  - 13th February 2019"
"2019-02-13 11:11:00","2019-02-13 19:11:00","Fixed Income: core bonds bounce further, and decouple somewhat"
"2019-02-13 11:00:00","2019-02-13 19:00:00","Hilton Worldwide Holdings Inc (HLT) Q4 EPS USD 0.79 vs. Exp. USD 0.69, revenue USD 2.29bln vs. Exp. USD 2.27bln"
"2019-02-13 10:52:00","2019-02-13 18:52:00","Riksbank's Ingves reiterates that it is pointless to hike rates today and then cut them; there is no 1-to-1 relationship between the ECB and them, recent SEK weakness not an issue at the moment"
"2019-02-13 10:49:00","2019-02-13 18:49:00","Vale has resumed operations at its Espirito Santo port terminal; according to a filing"
"2019-02-13 10:48:00","2019-02-13 18:48:00","Three former executives of BT (BT/ LN) were allegedly aware of accounting fraud at its Italian unit; according to a document"
"2019-02-13 10:42:00","2019-02-13 18:42:00","FX Morning Wrap: Sek elevated and Nzd rejuvenated, but Gbp somewhat deflated"
"2019-02-13 10:36:00","2019-02-13 18:36:00","Oman January oil output around 970k BPD; according to sources citing oil ministry"
"2019-02-13 10:35:00","2019-02-13 18:35:00","Iranian President Rouhani says problems with the US cannot be resolved and negotiations are a loss"
"2019-02-13 10:33:00","2019-02-13 18:33:00","Germany sells EUR 1.18bln vs. Exp. EUR 1.5bln 2.50% 2046 Bund; b/c 1.2 (Prev. 1.6), average yield 0.72% (Prev. 0.94%) and retention 21.33% (Prev. 16.1%)"
"2019-02-13 10:28:00","2019-02-13 18:28:00","UBS FX Spot Ideas 13th February 2019"
"2019-02-13 10:16:00","2019-02-13 18:16:00","Google (GOOGL) is reportedly planning a cheaper smartphone, in a move to exploit troubles Apple (AAPL) is facing with weak iPhone sales; according to Nikkei "
"2019-02-13 10:14:00","2019-02-13 18:14:00","Italy sells EUR 4.5bln vs. Exp. EUR 3.5-4.5bln 2.30% 2021 and 2.50% 2025 BTP Auction"
"2019-02-13 10:11:00","2019-02-13 18:11:00","PDCAT say they will not support the Spanish budget proposal"
"2019-02-13 10:10:00","2019-02-13 18:10:00","Riksbank's Ingves says that the Swedish economy is still strong and they are coming from strong levels; good conditions for inflation to remain around 2%"
"2019-02-13 10:10:00","2019-02-13 18:10:00","Thyssenkrupp (TKA GY) supervisory board Vice Chairman says the labour side will not support the planned merger with Tata Steel (TATA IS) at any price"
"2019-02-13 10:02:00","2019-02-13 18:02:00","Volkswagen (VOW3 GY) brand sales -3.4% in January to 515k vehicles, sales to US -6.7%"
"2019-02-13 09:52:00","2019-02-13 17:52:00","BBC's Kuenssberg tweets, Lidington and Starmer meeting now confirmed for early afternoon - arguably first time 2 parties really engaging on detail and stumbling blocks"
"2019-02-13 09:50:00","2019-02-13 17:50:00","ECB allots USD 64.5mln in 7-day OP"
"2019-02-13 09:30:00","2019-02-13 17:30:00","ONS House Price Index Y/Y +2.5% (Prev. +2.7) "
"2019-02-13 09:20:00","2019-02-13 17:20:00","Libya's Arabian Gulf oil production has reportedly increased to 314k BPD due to three more oil fields linking together"
"2019-02-13 09:00:00","2019-02-13 17:00:00","ASIA-PAC SERVICE HAS NOW FINISHED, PLEASE REVERT BACK TO YOUR ORIGINAL CHANNEL FOR COVERAGE ON THE UK & EUROPEAN SESSION"
"2019-02-13 09:00:00","2019-02-13 17:00:00","IEA Monthly report maintains 2019 global oil demand growth forecast of 1.4mln BPD "
"2019-02-13 08:57:00","2019-02-13 16:57:00","UK debt and STIR futures trading cautiously ahead of inflation data"
"2019-02-13 08:55:00","2019-02-13 16:55:00","BP says oil output at Azeri in 2018 was at 584k BPD vs. 588k BPD in 2017"
"2019-02-13 08:53:00","2019-02-13 16:53:00"," BBC's Chief Political Editor Kuenssberg notes that tomorrow's Parliament vote ""sounds like might be govt defeat - senior erg source says they haven’t decided whether to abstain or vote against but they won’t back govt"""
"2019-02-13 08:27:00","2019-02-13 16:27:00","Japanese aluminium stocks at key ports stood at 314.5k metric tons at end-Jan vs. 316.8k metric tons at end-Dec"
"2019-02-13 08:27:00","2019-02-13 16:27:00","Japanese aluminium stocks at key ports stood at 314.5k metric tons at end-Jan vs. 316.8k metric tons at end-Dec"
"2019-02-13 08:23:00","2019-02-13 16:23:00","Bunds: relatively resilient in the face of ongoing risk revival"
"2019-02-13 08:18:00","2019-02-13 16:18:00","UK Shadow Brexit Secretary Starmer says the Labour party will officially back the Cooper amendment"
"2019-02-13 08:08:00","2019-02-13 16:08:00","Spanish PM Sanchez may look to call a snap election in the coming hours; reported on SER"
"2019-02-13 08:04:00","2019-02-13 16:04:00","European equity movers this morning: Ingenico (ING FP) +5.6%; Heineken (HEIA NA) +3.7%; Akzo Nobel (AKZA NA) +3.3%; Rexel (RXL FP) +2.4%; ABN Amro (ABN NA) -4.8%; Wirecard (WDI GY) -4.1%; Clariant (CLN SW) -2.0%; Relx (REL LN) -1.7%"
"2019-02-13 08:00:00","2019-02-13 16:00:00","BMW (BMW GY) reports January group delivers +0.5% to 170.4k vehicles, group sales +0.8% to 149.6k, sales to the US -6.3% "
"2019-02-13 07:40:00","2019-02-13 15:40:00","RANsquawk Central Banks - PREVIEW: Riksbank Rate Decision Wednesday 13th February"
"2019-02-13 07:26:00","2019-02-13 15:26:00","Major FX option expiries for today's NY cut"
"2019-02-13 07:07:00","2019-02-13 15:07:00","Additional European equity stories post the release of the Daily European equity opening news"
"2019-02-13 07:06:00","2019-02-13 15:06:00","RANsquawk Bond Auction Previews - 13th February 2019"
"2019-02-13 06:51:00","2019-02-13 14:51:00","DAILY EUROPEAN EQUITY OPENING NEWS"
"2019-02-13 06:16:00","2019-02-13 14:16:00","RANsquawk Daily European Opening News - 13th February 2019 "
"2019-02-13 06:15:00","2019-02-13 14:15:00","China NDRC to conduct risk assessment related to corporate bonds"
"2019-02-13 05:55:00","2019-02-13 13:55:00","ASIA-PAC MARKET WRAP: Asia stocks gain after US government shutdown fears abated and amid increasing hopes for a US-China breakthrough"
"2019-02-13 05:25:00","2019-02-13 13:25:00","South Korea disputes US President Trump's claim it agreed to pay an additional USD 500mln towards defence costs"
"2019-02-13 05:24:00","2019-02-13 13:24:00","JSW Steel (JSTL IS) January crude steel output fell 1% Y/Y"
"2019-02-13 05:23:00","2019-02-13 13:23:00","BHP (BHP AT) approves USD 696mln funding to develop Atlantis phase 3 in Gulf of Mexico"
"2019-02-13 05:02:00","2019-02-13 13:02:00","Goldman Sachs says it continues to expect further upside for Brent crude citing resilient demand growth topping low expectations, as well as large OPEC supply cuts"
"2019-02-13 05:00:00","2019-02-13 13:00:00","UK government has requested UK CMA probe possible dominance and abuse of Google (GOOG) and Facebook (FB) in digital advertising"
"2019-02-13 04:17:00","2019-02-13 12:17:00","PBoC says bill sale in Hong Kong was oversubscribed by 6 times and that successful bill sales in Hong Kong further promote CNY internationalization"
"2019-02-13 03:35:00","2019-02-13 11:35:00","Japan sells JPY 1.62tln in 5yr JGBs b/c 4.84 vs. Prev. 5.15, avg. yield -0.151% vs. Prev. -0.144%"
"2019-02-13 03:30:00","2019-02-13 11:30:00","Xiaomi (1810 HK) is expected to be added to the MSCI China Index"
"2019-02-13 03:25:00","2019-02-13 11:25:00","Chinese President Xi is scheduled to meet with key members of the US trade delegation, according to SCMP citing sources familiar with the matter"
"2019-02-13 03:14:00","2019-02-13 11:14:00","PRE-MARKET INDIA STOCK NEWS: Coal India (COAL IS) Q3 net rose 50% Y/Y to INR 45.7bln"
"2019-02-13 03:04:00","2019-02-13 11:04:00","Chiyoda (6366 JT) 9-month net loss 128.2bln vs. Prev. profit JPY 5.2bln Y/Y"
"2019-02-13 03:01:00","2019-02-13 11:01:00","Toshiba (6502 JT) 9-month net JPY 1.02tln vs. Prev. JPY 27.0bln Y/Y, lowers FY oper. profit guidance to JPY 20bln from JPY 60bln"
"2019-02-13 02:48:00","2019-02-13 10:48:00","ANZ Bank says RBNZ was only slightly more dovish in MPS today but expects they’ll move further in that direction as the year progresses and growth undershoots their projections, while it continues to forecast an OCR cut by year end"
"2019-02-13 02:32:00","2019-02-13 10:32:00","RBNZ Governor Orr says a rate cut is not ruled out as a possibility and that best guess is we hold for a long period"
"2019-02-13 02:26:00","2019-02-13 10:26:00","RBNZ Governorr Orr says exchange rate has been remarkably well behaved in recent times"
"2019-02-13 02:05:00","2019-02-13 10:05:00","ASIA-PAC MID-SESSION UPDATE: Asia stocks gain after US government shutdown fears abated and amid increasing hopes for a US-China breakthrough, NZD/USD surges as RBNZ disappoints dovish bets"
"2019-02-13 02:05:00","2019-02-13 10:05:00","RBNZ Governor Orr says chance of a rate cut has not increased"
"2019-02-13 02:04:00","2019-02-13 10:04:00","RBNZ Governor Orr says will keep OCR at expansionary level for considerable period of time"
"2019-02-13 02:01:00","2019-02-13 10:01:00","RBNZ Governor Orr reiterates expects to keep OCR at current level through 2019 and 2020, also repeats next move could be up or down"
"2019-02-13 01:15:00","2019-02-13 09:15:00","PBoC sets CNY mid-point at 6.7675 (Prev. 6.7765)"
"2019-02-13 01:12:00","2019-02-13 09:12:00","PBoC skips open market operations for a net daily drain of CNY 270bln"
"2019-02-13 01:10:00","2019-02-13 09:10:00","Fed's Mester says we're getting closer to neutral interest rate"
"2019-02-13 01:09:00","2019-02-13 09:09:00","Fitch says China shadow banking sector is to continue shrinking this year, adds China offshore funding market also remains challenging"
"2019-02-13 01:00:00","2019-02-13 09:00:00","RBNZ says expects to keep cash rate at current level through to 2019 and 2020, adds next direction could be up or down"
"2019-02-13 00:54:00","2019-02-13 08:54:00","US Treasury Secretary Mnuchin says hopes for productive meetings regarding trade this week"
"2019-02-13 00:53:00","2019-02-13 08:53:00","Fed's George (Voter, Hawk) says her support for pausing rate hike is to allow Fed to assess impact of previous hikes, also comments economy is in a good place"
"2019-02-13 00:46:00","2019-02-13 08:46:00","PRE-MARKET CHINESE  STOCK NEWS: US Treasury Secretary Mnuchin and Trade Representative Lighthizer arrived in Beijing ahead of schedule"
"2019-02-13 00:19:00","2019-02-13 08:19:00","PRE-MARKET TAIWAN AND SINGAPORE NEWS: China Airlines (2610 TT) is to meet with pilot union today."
"2019-02-13 00:15:00","2019-02-13 08:15:00","Fed's Mester says US economy is probably a bit beyond maximum employment"
"2019-02-13 00:03:00","2019-02-13 08:03:00","Asia stocks begin positive with global sentiment underpinned as government shutdown fears eased and amid increasing hopes for a US-China trade breakthrough after senior US delegation arrived in Beijing ahead of scheduled"
"2019-02-13 00:02:00","2019-02-13 08:02:00","Australia sells AUD 900mln 2.75% 2029 bonds, b/c 3.00"
"2019-02-13 00:00:00","2019-02-13 08:00:00","Preview: RBNZ expected to keep OCR at 1.75% in decision scheduled for 0100GMT/1900CST/0900HKT"