"gmt_time","hk_time","subject"
"2019-11-24 23:57:00","2019-11-25 07:57:00","Goldman Sachs raises South Korean stocks to overweight"
"2019-11-24 23:33:00","2019-11-25 07:33:00","PRE-MARKET JAPANESE AND SOUTH KOREAN STOCK NEWS: Kirin Holdings (2503 JT) plans to sell Australia dairy unit to Mengniu for JPY 45.6bln"
"2019-11-24 23:04:00","2019-11-25 07:04:00","US equity futures begin the week with mild gains after China released fresh guidelines to increase penalties on IP theft and as protesters eased tensions in Hong Kong for elections where pro-Democracy candidates are seen to have notched a significant win"
"2019-11-24 23:03:00","2019-11-25 07:03:00","Carl Icahn is thought to be seeking control Occidental Petroleum (OXY) board"
"2019-11-24 22:51:00","2019-11-25 06:51:00","PRE-MARKET AUSTRALIAN STOCK NEWS: Westpac chairman Maxsted put CEO Hartzer on notice that he could be fired if the AUSTRAC scandal continues to destabilise the reputation of the bank"
"2019-11-24 22:23:00","2019-11-25 06:23:00","ASIAN DAILY ECONOMIC RELEASES CALENDAR NOW AVAILABLE IN THE RESEARCH SECTION: Highlights include Japanese Leading and Coincident Index, Singapore CPI"
"2019-11-24 22:00:00","2019-11-25 06:00:00","ASIA-PAC SERVICE IS NOW LIVE FOR TODAY'S SESSION"
"2019-11-24 22:00:00","2019-11-25 06:00:00","DAILY ASIA-PAC OPENING NEWS"