[
    {
        "id": 864474,
        "updated_sequence": 1832642,
        "published_at": {
            "unix": 1555285080,
            "text": "2019-04-15 00:38:00 +0100",
            "iso_8601": "2019-04-14T23:38:00Z"
        },
        "updated_at": {
            "unix": 1555285171,
            "text": "2019-04-15 00:39:31 +0100",
            "iso_8601": "2019-04-14T23:39:31Z"
        },
        "subject": "PRE-MARKET AUSTRALIAN, JAPANESE AND SOUTH KOREAN STOCK NEWS: Rio Tinto (RIO AT) approves additional USD 302mln investment in Arizona copper project ",
        "content": "<p>AUSTRALIA</p><p>Caltex (CTX AT) - Co. completes AUD 260.2mln off market buyback. (Newswires)</p><p>Decmil Group (DCG AT) - Co. receives AUD 105mln contract. (Newswires)</p><p>Iluka Resources (ILU AT) - Co. Q1 mineral sands output 197.2k tons vs. Prev. 280.5k tons Y/Y. (Newswires)</p><p>Perpetual (PPT AT) - Co. is said to be considering making acquisitions in funds management. (Newswires)</p><p>Rio Tinto (RIO AT) - Co. approves additional USD 302mln investment in Arizona copper project which has the potential to supply around 25% of US demand. (Newswires)</p><p>Woolworths (WOW AT) - Co. plan to offload its liquor and pub unit is reportedly looking doubtful. (Newswires)</p><p>Other News - China officials told the WTO that Australia's restriction on Chinese 5G technology is discriminative and appear to violate WTO rules. (Newswires)</p><p>&nbsp;</p><p>JAPAN</p><p>Bridgestone (5108 JT) - Co. won a tire design rights suit in Beijing. (Newswires)</p><p>Chiyoda (8185 JT) - Co. FY18/19 net fell 65.2% Y/Y to JPY 1.6bln. (Newswires)</p><p>Japan Display (6740 JT) - Co.’s government-led LCD JV with Hitachi (6501 JT), Sony (6758 JT) and Toshiba (6502 JT) accepts JPY 80bln bailout from China and Taiwan. (Nikkei)</p><p>Renesas (6723 JT) - Co. is mulling reducing its Japanese distributors to 6 from 16 as part of plan to restructure its sales network. (Nikkei)</p><p>Suzuki Motor (7269 JT) - Co. is to book a loss of JPY 80bln for FY18 related to recall of 2.0mln vehicles. (Nikkei) - Co. is reportedly planning JPY 170bln investment in 5 years on quality improvement. (Newswires)</p><p>Toho (9602 JT) - Co. FY18/19 net fell 10% Y/Y to JPY 30.2bln. (Newswires)</p><p>Other News - KKR founder see Japan as their “highest priority” outside of the US as non-core subsidiaries from conglomerates such as Hitachi, Toshiba and Panasonic provide lucrative opportunities for private equity. (FT)</p><p>&nbsp;</p><p>SOUTH KOREA</p><p>Daewoo Shipbuilding &amp; Marine (042660 KS) - Co. receives KRW 1.16tln contract for 3 submarines. (Newswires)</p><p>Hyundai Motor (005280 KS) - Co. Number 3 plant in Beijing has partially suspended its operation. (Newswires)</p><p>Samsung Electronics (005930 KS) - Co. Galaxy S10 1st week sales were 16% higher than the S9 last year. (Newswires)</p><p>Other News - US President Trump tweeted that he agrees that his personal relationship with North Korea leader Kim remains very good and that a 3rd summit between the leaders would be good. (Newswires)</p>",
        "reaction_details": "",
        "reaction_updated_at": null,
        "analysis_details": "",
        "analysis_updated_at": null,
        "push_notify": false,
        "source": "Newswires",
        "slug": "pre-market-australian-japanese-and-south-korean-stock-news-rio-tinto-rio-at-approves-additional-usd-302mln-investment-in-arizona-copper-project-14-04-2019",
        "hidden": false,
        "section": {
            "id": 31,
            "name": "Asian Equities"
        },
        "important": false,
        "highlighted": true,
        "disclaimer": null,
        "rumour": false,
        "hk_time": "2019-04-15 07:38:00",
        "gmt_time": "2019-04-14 23:38:00"
    },
    {
        "id": 864473,
        "updated_sequence": 1832639,
        "published_at": {
            "unix": 1555283400,
            "text": "2019-04-15 00:10:00 +0100",
            "iso_8601": "2019-04-14T23:10:00Z"
        },
        "updated_at": {
            "unix": 1555283449,
            "text": "2019-04-15 00:10:49 +0100",
            "iso_8601": "2019-04-14T23:10:49Z"
        },
        "subject": "Moody's says Australian house prices will continue to decline over the next 12 months",
        "content": "",
        "reaction_details": "",
        "reaction_updated_at": null,
        "analysis_details": "",
        "analysis_updated_at": null,
        "push_notify": false,
        "source": "Newswires",
        "slug": "moody-s-says-australian-house-prices-will-continue-to-decline-over-the-next-12-months-14-04-2019",
        "hidden": false,
        "section": {
            "id": 24,
            "name": "Rating Agency comments"
        },
        "important": false,
        "highlighted": false,
        "disclaimer": null,
        "rumour": false,
        "hk_time": "2019-04-15 07:10:00",
        "gmt_time": "2019-04-14 23:10:00"
    },
    {
        "id": 864472,
        "updated_sequence": 1832636,
        "published_at": {
            "unix": 1555283280,
            "text": "2019-04-15 00:08:00 +0100",
            "iso_8601": "2019-04-14T23:08:00Z"
        },
        "updated_at": {
            "unix": 1555283388,
            "text": "2019-04-15 00:09:48 +0100",
            "iso_8601": "2019-04-14T23:09:48Z"
        },
        "subject": "40% of CFOs expect BoE to hike rates over next 12 months vs. Prev. 58% in the prior quarter, according to a Deloitte survey",
        "content": "",
        "reaction_details": "",
        "reaction_updated_at": null,
        "analysis_details": "",
        "analysis_updated_at": null,
        "push_notify": false,
        "source": "Newswires",
        "slug": "40-of-cfos-expect-boe-to-hike-rates-over-next-12-months-vs-prev-58-in-the-prior-quarter-according-to-a-deloitte-survey-14-04-2019",
        "hidden": false,
        "section": {
            "id": 16,
            "name": "BoE"
        },
        "important": false,
        "highlighted": false,
        "disclaimer": null,
        "rumour": false,
        "hk_time": "2019-04-15 07:08:00",
        "gmt_time": "2019-04-14 23:08:00"
    },
    {
        "id": 864471,
        "updated_sequence": 1832633,
        "published_at": {
            "unix": 1555282860,
            "text": "2019-04-15 00:01:00 +0100",
            "iso_8601": "2019-04-14T23:01:00Z"
        },
        "updated_at": {
            "unix": 1555282952,
            "text": "2019-04-15 00:02:32 +0100",
            "iso_8601": "2019-04-14T23:02:32Z"
        },
        "subject": "UK Rightmove House Prices (Apr) Y/Y -0.1% (Prev. -0.8%)",
        "content": "",
        "reaction_details": "",
        "reaction_updated_at": null,
        "analysis_details": "",
        "analysis_updated_at": null,
        "push_notify": false,
        "source": "Newswires",
        "slug": "uk-rightmove-house-prices-apr-y-y-0-1-prev-0-8-14-04-2019",
        "hidden": false,
        "section": {
            "id": 4,
            "name": "US Data"
        },
        "important": false,
        "highlighted": false,
        "disclaimer": null,
        "rumour": false,
        "hk_time": "2019-04-15 07:01:00",
        "gmt_time": "2019-04-14 23:01:00"
    },
    {
        "id": 864470,
        "updated_sequence": 1832630,
        "published_at": {
            "unix": 1555282860,
            "text": "2019-04-15 00:01:00 +0100",
            "iso_8601": "2019-04-14T23:01:00Z"
        },
        "updated_at": {
            "unix": 1555282931,
            "text": "2019-04-15 00:02:11 +0100",
            "iso_8601": "2019-04-14T23:02:11Z"
        },
        "subject": "UK Rightmove House Prices (Apr) M/M 1.1% (Prev. 0.4%)",
        "content": "",
        "reaction_details": "",
        "reaction_updated_at": null,
        "analysis_details": "",
        "analysis_updated_at": null,
        "push_notify": false,
        "source": "Newswires",
        "slug": "uk-rightmove-house-prices-apr-m-m-1-1-prev-0-4-14-04-2019",
        "hidden": false,
        "section": {
            "id": 4,
            "name": "US Data"
        },
        "important": false,
        "highlighted": false,
        "disclaimer": null,
        "rumour": false,
        "hk_time": "2019-04-15 07:01:00",
        "gmt_time": "2019-04-14 23:01:00"
    },
    {
        "id": 864469,
        "updated_sequence": 1832627,
        "published_at": {
            "unix": 1555280940,
            "text": "2019-04-14 23:29:00 +0100",
            "iso_8601": "2019-04-14T22:29:00Z"
        },
        "updated_at": {
            "unix": 1555281031,
            "text": "2019-04-14 23:30:31 +0100",
            "iso_8601": "2019-04-14T22:30:31Z"
        },
        "subject": "New Zealand Performance of Services Index (Mar) 52.9 (Prev. 53.8)",
        "content": "",
        "reaction_details": "",
        "reaction_updated_at": null,
        "analysis_details": "",
        "analysis_updated_at": null,
        "push_notify": false,
        "source": "Newswires",
        "slug": "new-zealand-performance-of-services-index-mar-52-9-prev-53-8-14-04-2019",
        "hidden": false,
        "section": {
            "id": 19,
            "name": "Other Data"
        },
        "important": false,
        "highlighted": false,
        "disclaimer": null,
        "rumour": false,
        "hk_time": "2019-04-15 06:29:00",
        "gmt_time": "2019-04-14 22:29:00"
    },
    {
        "id": 864468,
        "updated_sequence": 1832624,
        "published_at": {
            "unix": 1555280880,
            "text": "2019-04-14 23:28:00 +0100",
            "iso_8601": "2019-04-14T22:28:00Z"
        },
        "updated_at": {
            "unix": 1555280934,
            "text": "2019-04-14 23:28:54 +0100",
            "iso_8601": "2019-04-14T22:28:54Z"
        },
        "subject": "ECB's Villeroy says monetary policy must stay accommodative, adds there is  no global recession in sight",
        "content": "",
        "reaction_details": "",
        "reaction_updated_at": null,
        "analysis_details": "",
        "analysis_updated_at": null,
        "push_notify": false,
        "source": "Newswires",
        "slug": "ecb-s-villeroy-says-monetary-policy-must-stay-accommodative-adds-there-is-no-global-recession-in-sight-14-04-2019",
        "hidden": false,
        "section": {
            "id": 17,
            "name": "ECB"
        },
        "important": false,
        "highlighted": false,
        "disclaimer": null,
        "rumour": false,
        "hk_time": "2019-04-15 06:28:00",
        "gmt_time": "2019-04-14 22:28:00"
    },
    {
        "id": 864467,
        "updated_sequence": 1832621,
        "published_at": {
            "unix": 1555280760,
            "text": "2019-04-14 23:26:00 +0100",
            "iso_8601": "2019-04-14T22:26:00Z"
        },
        "updated_at": {
            "unix": 1555280825,
            "text": "2019-04-14 23:27:05 +0100",
            "iso_8601": "2019-04-14T22:27:05Z"
        },
        "subject": "Nordea Markets have gone long EUR/USD with a target of 1.1650 and will consider a stop loss of 1.1187",
        "content": "",
        "reaction_details": "",
        "reaction_updated_at": null,
        "analysis_details": "",
        "analysis_updated_at": null,
        "push_notify": false,
        "source": "Newswires",
        "slug": "nordea-markets-have-gone-long-eur-usd-with-a-target-of-1-1650-and-will-consider-a-stop-loss-of-1-1187-14-04-2019",
        "hidden": false,
        "section": {
            "id": 22,
            "name": "FX Flows"
        },
        "important": false,
        "highlighted": false,
        "disclaimer": null,
        "rumour": false,
        "hk_time": "2019-04-15 06:26:00",
        "gmt_time": "2019-04-14 22:26:00"
    },
    {
        "id": 864466,
        "updated_sequence": 1832616,
        "published_at": {
            "unix": 1555279980,
            "text": "2019-04-14 23:13:00 +0100",
            "iso_8601": "2019-04-14T22:13:00Z"
        },
        "updated_at": {
            "unix": 1555280088,
            "text": "2019-04-14 23:14:48 +0100",
            "iso_8601": "2019-04-14T22:14:48Z"
        },
        "subject": "ASIAN DAILY ECONOMIC RELEASES CALENDAR NOW AVAILABLE IN THE RESEARCH SECTION: Highlights include New Zealand Performance of Services Indexn and Indian WPI",
        "content": "",
        "reaction_details": "",
        "reaction_updated_at": null,
        "analysis_details": "",
        "analysis_updated_at": null,
        "push_notify": false,
        "source": "RANsquawk",
        "slug": "asian-daily-economic-releases-calendar-now-available-in-the-research-section-highlights-include-new-zealand-performance-of-services-indexn-and-indian-wpi-14-04-2019",
        "hidden": false,
        "section": {
            "id": 26,
            "name": "Newsquawk Update"
        },
        "important": false,
        "highlighted": true,
        "disclaimer": null,
        "rumour": false,
        "hk_time": "2019-04-15 06:13:00",
        "gmt_time": "2019-04-14 22:13:00"
    },
    {
        "id": 864465,
        "updated_sequence": 1832613,
        "published_at": {
            "unix": 1555279140,
            "text": "2019-04-14 22:59:00 +0100",
            "iso_8601": "2019-04-14T21:59:00Z"
        },
        "updated_at": {
            "unix": 1555279205,
            "text": "2019-04-14 23:00:05 +0100",
            "iso_8601": "2019-04-14T22:00:05Z"
        },
        "subject": "Finland Social Democrats and Nationalist Finns Party are almost tied in first place following the final results of the general election with 17.7% and 17.5% of votes respectively",
        "content": "",
        "reaction_details": "",
        "reaction_updated_at": null,
        "analysis_details": "",
        "analysis_updated_at": null,
        "push_notify": false,
        "source": "Newswires",
        "slug": "finland-social-democrats-and-nationalist-finns-party-are-almost-tied-in-first-place-following-the-final-results-of-the-general-election-with-17-7-and-17-5-of-votes-respectively-14-04-2019",
        "hidden": false,
        "section": {
            "id": 25,
            "name": "Global News"
        },
        "important": false,
        "highlighted": false,
        "disclaimer": null,
        "rumour": false,
        "hk_time": "2019-04-15 05:59:00",
        "gmt_time": "2019-04-14 21:59:00"
    },
    {
        "id": 864464,
        "updated_sequence": 1832669,
        "published_at": {
            "unix": 1555278600,
            "text": "2019-04-14 22:50:00 +0100",
            "iso_8601": "2019-04-14T21:50:00Z"
        },
        "updated_at": {
            "unix": 1555291367,
            "text": "2019-04-15 02:22:47 +0100",
            "iso_8601": "2019-04-15T01:22:47Z"
        },
        "subject": "DAILY ASIA-PAC OPENING NEWS",
        "content": "<p><strong>GLOBAL</strong></p><p>IMF stated that global expansion continues but at a weaker pace than anticipated in October last year, while it added that risks remain tilted to the downside and that global growth will firm up next year. (Newswires)&nbsp;</p><p><strong>ASIA-PAC</strong></p><p>BoJ Governor Kuroda commented that markets fully understand BoJ’s intention to patiently persist with its easing and added that the BoJ has room to ease further if required. (Newswires)</p><p>US and China have agreed to measures that US officials believe will encourage China to avoid currency manipulation by requiring enhanced disclosure of economic actions, according to sources. (WSJ)</p><p>China officials told the WTO that Australia's restriction on Chinese 5G technology is discriminative and appear to violate WTO rules. (Newswires)</p><ul><li>Chinese New Yuan Loans (CNY)(Mar) 1690B vs. Exp. 1200.0B (Prev. 885.8B). (Newswires)</li><li>Chinese Aggregate Financing (CNY)(Mar) 2860B vs. Exp. 1850B (Prev. 703B). (Newswires)</li><li>Chinese M2 Money Supply (Mar) Y/Y 8.6% vs. Exp. 8.2% (Prev. 8.0%)</li></ul><p>&nbsp;</p><ul><li>Chinese Trade Balance (USD)(Mar) 32.64B vs. Exp. 7.05B (Prev. 4.08B)</li><li>Chinese Exports (USD)(Mar) Y/Y 14.2% vs. Exp. 7.3% (Prev. -20.8%)</li><li>Chinese Imports (USD)(Mar) Y/Y -7.6% vs. Exp. -1.3% (Prev. -5.2%)</li><li>Chinese Trade Balance (CNY)(Mar) 221.2B vs. Exp. 76.6B (Prev. 34.46B). (Newswires)</li><li>Chinese Exports (CNY)(Mar) Y/Y 21.3% vs. Exp. 14.8% (Prev. -16.6%)</li><li>Chinese Imports (CNY)(Mar) Y/Y -1.8% vs. Exp. -9.6% (Prev. -0.3%)</li></ul><p>&nbsp;</p><ul><li>Indian Industrial Output (Feb) Y/Y 0.1% vs. Exp. 2.0% (Prev. 1.7%). (Newswires)</li><li>Indian CPI Inflation (Mar) Y/Y 2.86% vs. Exp. 2.8% (Prev. 2.57%)</li></ul><p>&nbsp;</p><p><strong>UK/EU</strong></p><p>UK Chancellor of the Exchequer Hammond said the government is prepared to talk about a customs union, while he also reportedly hinted that PM May could stay on as PM until October. (Newswires/PoliticsHome)</p><p>UK Cabinet Office Minister Lidington said would like government and Labour to agree on a binding mechanism for a way forward, while he added there is still a possibility for customs union compromises and that the government remains against a second referendum. (Newswires)</p><p>Former Conservative Party leader Iain Duncan Smith has called on UK PM May to resign next month and said that her timetable to resign should stand even though she has so far failed to pass the withdrawal agreement. (Guardian)</p><p>EU Commission reportedly made a list of US imports to potentially impose tariffs on due to the Boeing (BA) WTO case which target around EUR 20bln of US goods include tractors, video game consoles, motorcycle parts and cotton, according to an EU diplomat. (Newswires)</p><p>ECB President Draghi (Dovish) reiterated that ample degree of monetary accommodation remains necessary, while he also commented that risk-taking in parts of the financial and real estate markets contributed to mild signs of overstretched valuations in some areas and that risks continued to grow in the non-bank financial sector. (Newswires)</p><p>ECB's Weidmann (hawk) said trade disputes are weighing on the global economy and further escalation cannot be ruled out, while he added that Brexit also adds to uncertainty and businesses holding back investment. (Newswires)</p><p>ECB’s Vasiliauskas said negative interest-rate policy has been effective at supporting the economy, while he doesn’t see a need for a change and is not very keen on tiering. (Newswires)</p><p>ECB's nowcasting model signalled 0.2% growth in Q1 and a possible slight slowdown in Q2, according to sources. (Newswires)</p><p>S&amp;P affirmed Germany at AAA, Outlook Stable. (Newswires)</p><ul><li>EU Industrial Production (Feb) M/M -0.2% vs. Exp. -0.6% (Prev. 1.4%, Rev. 1.9%). (Newswires)</li><li>EU Industrial Production (Feb) Y/Y -0.3% vs. Exp. -1.0% (Prev. -1.1%, Rev. -0.7%)</li></ul><p>&nbsp;</p><p><strong>FX</strong></p><p>SNB Chairman Jordan said he sees no reason to alter monetary policy but added that they are still willing to intervene if required. (Newswires)</p><p>&nbsp;</p><p><strong>COMMODITIES</strong></p><p>Baker Hughes (April 12): oil rigs +2 at 833, gas rigs -5 at 189, total rigs -3 at 1022. (Newswires)</p><p><strong>GEOPOLITICS</strong></p><p>US President Trump tweeted that he agrees that his personal relationship with North Korea leader Kim remains very good and that a 3rd summit between the leaders would be good. (Newswires)&nbsp;</p><p><strong>US</strong></p><p>US President Trump suggested the stock market would have been higher by 5000-10000 points and GDP would be well above 4% instead of 3% if the Fed had done its job correctly, while he added quantitative tightening was a killer and the Fed should have done the opposite. (Twitter)</p><p>US Treasury Secretary Mnuchin stated that there are commitments both US and China are making and suggested that they were close to the final round, while he also noted that imbalances must be addressed across Europe. (Newswires)</p><p><strong>MARKET RECAP</strong></p><p>Anadarko (APC) shares shot higher after news emerged that Chevron (CVX) was to acquire its smaller peer at USD 65 per share. Chevron shares fell on news of the deal. Occidental Petroleum Corp (OXY) shares fell on the open, after reports that it had made a bid for Anadarko but been rejected. Disney (DIS) shares opened at all-time highs after the film production co. held a press conference which revealed new details about its soon to be released Disney+ online streaming service. Rival online streaming co. Netflix (NFLX) shares fell at the open. JP Morgan Chase (JPM) shares opened higher after the firm released its Q1 earnings report, where it beat expectations across the board, most notably in EPS and revenue. On the earnings optimism, other big investment banks (GS, MS, BAC, C) also opened higher and held on to gains throughout the session. An outlier was Wells Fargo (WFC), whose shares initially opened higher after the bank beat earnings expectations before falling lower after its CFO announced that they expected NII to fall up to 5%. PG&amp;E (PCG) shares shot higher as news emerged that California Governor Newton had issued a report laying out a fire fund for utilities, a possible form of financial assistance for the energy utility company. SPX +0.66% at 2908, NDX +0.44% at 7628, DJI +1% at 26412.</p><p>Following an upbeat set of China data, that reassured investors about the stabilisation seen in the World’s second largest economy, the risk tone became constructive, although the reaction was somewhat delayed. The result was selling of the Treasury curve, and yields are higher by between 4bps and 6.5bps at settlement. The selling saw a pause after a soft Michigan survey, which lifted the T-Note off of lows. Major curve spreads were mixed into a quiet close. US T-note futures (M9) settled 15 ticks lower at 123-03.</p>",
        "reaction_details": "",
        "reaction_updated_at": null,
        "analysis_details": "",
        "analysis_updated_at": null,
        "push_notify": false,
        "source": "Newswires",
        "slug": "daily-asia-pac-opening-news-14-04-2019",
        "hidden": false,
        "section": {
            "id": 25,
            "name": "Global News"
        },
        "important": false,
        "highlighted": true,
        "disclaimer": null,
        "rumour": false,
        "hk_time": "2019-04-15 05:50:00",
        "gmt_time": "2019-04-14 21:50:00"
    },
    {
        "id": 864463,
        "updated_sequence": 1832605,
        "published_at": {
            "unix": 1555276920,
            "text": "2019-04-14 22:22:00 +0100",
            "iso_8601": "2019-04-14T21:22:00Z"
        },
        "updated_at": {
            "unix": 1555276984,
            "text": "2019-04-14 22:23:04 +0100",
            "iso_8601": "2019-04-14T21:23:04Z"
        },
        "subject": "Barclays says its trade of the week is long USD/ZAR with a target of 14.27 and stop at 13.82",
        "content": "",
        "reaction_details": "",
        "reaction_updated_at": null,
        "analysis_details": "",
        "analysis_updated_at": null,
        "push_notify": false,
        "source": "Twitter",
        "slug": "barclays-says-its-trade-of-the-week-is-long-usd-zar-with-a-target-of-14-27-and-stop-at-13-82-14-04-2019",
        "hidden": false,
        "section": {
            "id": 22,
            "name": "FX Flows"
        },
        "important": false,
        "highlighted": false,
        "disclaimer": null,
        "rumour": false,
        "hk_time": "2019-04-15 05:22:00",
        "gmt_time": "2019-04-14 21:22:00"
    },
    {
        "id": 864462,
        "updated_sequence": 1832602,
        "published_at": {
            "unix": 1555276080,
            "text": "2019-04-14 22:08:00 +0100",
            "iso_8601": "2019-04-14T21:08:00Z"
        },
        "updated_at": {
            "unix": 1555276161,
            "text": "2019-04-14 22:09:21 +0100",
            "iso_8601": "2019-04-14T21:09:21Z"
        },
        "subject": "Reports note tsunami warning from a magnitude 7 earthquake which hit Indonesia on Saturday has been lifted",
        "content": "",
        "reaction_details": "",
        "reaction_updated_at": null,
        "analysis_details": "",
        "analysis_updated_at": null,
        "push_notify": false,
        "source": "Newswires",
        "slug": "reports-note-tsunami-warning-from-a-magnitude-7-earthquake-which-hit-indonesia-on-saturday-has-been-lifted-14-04-2019",
        "hidden": false,
        "section": {
            "id": 25,
            "name": "Global News"
        },
        "important": false,
        "highlighted": false,
        "disclaimer": null,
        "rumour": false,
        "hk_time": "2019-04-15 05:08:00",
        "gmt_time": "2019-04-14 21:08:00"
    },
    {
        "id": 864261,
        "updated_sequence": 1832592,
        "published_at": {
            "unix": 1555275600,
            "text": "2019-04-14 22:00:00 +0100",
            "iso_8601": "2019-04-14T21:00:00Z"
        },
        "updated_at": {
            "unix": 1555275600,
            "text": "2019-04-14 22:00:00 +0100",
            "iso_8601": "2019-04-14T21:00:00Z"
        },
        "subject": "ASIA-PAC SERVICE IS NOW LIVE FOR TODAY'S SESSION",
        "content": "",
        "reaction_details": "",
        "reaction_updated_at": null,
        "analysis_details": "",
        "analysis_updated_at": null,
        "push_notify": false,
        "source": "RANsquawk",
        "slug": "asia-pac-service-is-now-live-for-today-s-session-11-04-2019",
        "hidden": false,
        "section": {
            "id": 36,
            "name": "Asian News"
        },
        "important": false,
        "highlighted": true,
        "disclaimer": null,
        "rumour": false,
        "hk_time": "2019-04-15 05:00:00",
        "gmt_time": "2019-04-14 21:00:00"
    }
]