"gmt_time","hk_time","subject"
"2020-05-25 23:50:00","2020-05-26 07:50:00","Japanese Corporate Services Price Index (Apr) Y/Y 1.0% vs. Exp. 1.2% (Prev. 1.6%)"
"2020-05-25 23:42:00","2020-05-26 07:42:00","RBA adds AUD 1.29bln to the banking system through repos vs. Prev. AUD 726mln"
"2020-05-25 23:38:00","2020-05-26 07:38:00","PRE-MARKET AUSTRALIA, JAPAN AND SOUTH KOREA STOCK NEWS: Mid-cap Japanese earnings, Japan PM Abe formally announced to lift the nationwide state of emergency"
"2020-05-25 23:30:00","2020-05-26 07:30:00","Australian ANZ Roy Morgan Consumer Confidence W/W 92.7 (Prev. 92.3)"
"2020-05-25 23:21:00","2020-05-26 07:21:00","RBA says excess cash at exchange settlement accounts at AUD 51.9bln vs. Prev.  AUD 50.7bln"
"2020-05-25 23:08:00","2020-05-26 07:08:00","Japan government reportedly gives up on trying to approve Fujifilm's (4901 JT) Avigan drug for COVID-19 treatment by end-May"
"2020-05-25 22:57:00","2020-05-26 06:57:00","Canadian PM Trudeau says his government is trying to provide 10 days sick pay per year as the country prepares for a possible 2nd wave of coronavirus"
"2020-05-25 22:24:00","2020-05-26 06:24:00","China customs data from 2019 reportedly shows some products from Australia have history of import violations"
"2020-05-25 21:42:00","2020-05-26 05:42:00","ASIAN DAILY ECONOMIC RELEASES CALENDAR IS NOW AVAILABLE IN THE RESEARCH SECTION: Highlights include: New Zealand Trade Data, Singapore Q1 Final GDP, Industrial Production and CPI"
"2020-05-25 21:18:00","2020-05-26 05:18:00","DAILY ASIA-PAC OPENING NEWS"
"2020-05-25 16:58:00","2020-05-26 00:58:00","SERVICE NOTICE: Service has now concluded until APAC session (2200 BST/1700 EDT); due to UK Bank Holiday and US Memorial Day holiday, the desk will shut early today; desk hours and market closure times included"
"2020-05-25 16:51:00","2020-05-26 00:51:00","UK COVID-19 death toll rises 112 to 36,914 (Prev. +118 to 36,793); Case count rises 1,625 (prev. 2,409)"
"2020-05-25 16:41:00","2020-05-26 00:41:00","Regeneron (REGN) announces offering of common stock held by Sanofi (SAN FP) and USD 5bln stock repurchase; Sanofi to sell its equity stake in Regeneron, says there will be no changes to ongoing collaboration"
"2020-05-25 16:30:00","2020-05-26 00:30:00","Eurogroup chief Centeno says EU deputy finance ministers have found common ground on the details of the EIB’s paneuropean guarantee fund, paves the way for a formal approval by the EIB board tomorrow"
"2020-05-25 16:00:00","2020-05-26 00:00:00","WHO to temporarily suspend hydrochloroquine in its COVID19 'solidarity trials', pending safety data; says it will study potential harms and benefits"
"2020-05-25 15:30:00","2020-05-25 23:30:00","EUROPEAN PRELIMINARY CASH EQUITY CLOSES: EURO STOXX 50 (+2.25%) at 2971, DAX (+2.80%) at 11384, CAC 40 (+2.15%) at 4540, IBEX 35 (+2.40%) at 6858, FTSE MIB (+1.58%) at 17,591, SMI (+1.54%) at 9838"
"2020-05-25 15:04:00","2020-05-25 23:04:00","Canada COVID-19 death toll rises to 6,453 (prev. 6,380), cases rise to 85,103 (prev. 84,081)"
"2020-05-25 15:01:00","2020-05-25 23:01:00","German European Affairs Minister Roth says there are no signs the UK will seek a Brexit discussions extension"
"2020-05-25 14:40:00","2020-05-25 22:40:00","Deutsche Lufthansa (LHA GY) - Economic Stabilization Fund approves up to EUR 9bln of aid; German government will now have two seats on the supervisory board"
"2020-05-25 14:09:00","2020-05-25 22:09:00","Tencent proposes to conduct an international debt offering - Co currently has USD 12bln of outstanding notes "
"2020-05-25 13:48:00","2020-05-25 21:48:00","Russian energy ministry sees global market in balance by June-July, according to a source cited by RIA; sees current market global surplus at between 7-12mln BPD (prev. 20-30mln BPD)"
"2020-05-25 13:47:00","2020-05-25 21:47:00","ECB APP: PSPP EUR +9.545bln (Prev. EUR +10.936bln), CSPP EUR +1.181bln (Prev. EUR +2.324bln), CBPP3 EUR +1.082bln (Prev. EUR +1.03bln), ABSPP EUR -0.377bln (Prev. EUR +0.161bln)"
"2020-05-25 13:47:00","2020-05-25 21:47:00","ECB PEPP EUR +30.072bln (w/e May 22) vs. Prev. EUR +28.878bln a week earlier"
"2020-05-25 13:44:00","2020-05-25 21:44:00","German labour union Verdi says it is cancelling wage contract with Deutsche Post (DPW GY), effective August 31st"
"2020-05-25 13:33:00","2020-05-25 21:33:00","Russian Energy Ministry sees global oil demand recovering in May; considers oil market supply to have fallen by 14-15mln BPD; sees non-OPEC+ countries to have already cut output by 3.5-4mln BPD, according to RIA citing sources"
"2020-05-25 13:30:00","2020-05-25 21:30:00","EU regulators to investigate Air Canada bid for Canadian tour operator Transat; says deal may reduce competition in air transport services between Canada and Europe; decision due before 30th September"
"2020-05-25 13:29:00","2020-05-25 21:29:00","Russian Urals oil exports from Baltic ports are set at 4.4mln T in June (prev. 4.3mln T in May plan); Urals and Siberian Light oil loadings from Novorossiisk set at 1.28mln T in June (prev. 1.12 T in May) - according to a schedule"
"2020-05-25 13:25:00","2020-05-25 21:25:00","Brazilian Central Bank says banks have deferred BRL 535.7bln in loan repayments from March 16th to May 15th "
"2020-05-25 13:10:00","2020-05-25 21:10:00","Russian gas transit via the Yamal-Europe pipeline has almost dried up, according to Interfax citing transport operators"
"2020-05-25 13:09:00","2020-05-25 21:09:00","Intesa Sanpaolo (ISP IM) is expected to give a conditional green light on Tuesday for a state-backed loan for Fiat Chrysler (FCA IM), according to a source"
"2020-05-25 13:08:00","2020-05-25 21:08:00","India Minister says it is exploring the possibility in the US to store low-priced crude oil; says oil ministry urged the finance ministry to cut some oil producer taxes"
"2020-05-25 12:44:00","2020-05-25 20:44:00","Mexican President Obrador says the reduction in China's economic output creates opportunity for more investment to come into Mexico"
"2020-05-25 12:23:00","2020-05-25 20:23:00","Israel PM Netanyahu says he will not let the opportunity to annex the West Bank pass, according to Israeli reporter"
"2020-05-25 12:16:00","2020-05-25 20:16:00","Daimler (DAI GY) says it is heading towards carbon-neutral production by 2022"
"2020-05-25 12:01:00","2020-05-25 20:01:00","Meituan Dianping says consumption is recovering faster in China's lower-tier cities than in the higher-tier ones; says daily food delivery volumes reached 90% of pre-pandemic levels during the week of May 11th "
"2020-05-25 12:01:00","2020-05-25 20:01:00","Germany seeks to raise Deutsche Bahn debt limit to EUR 30bln (from EUR 25bln), according to Spiegel"
"2020-05-25 11:59:00","2020-05-25 19:59:00","Russian President Putin spoke with the Iraqi PM and expressed support for the OPEC+ deal, as well as discussing the importance of continued joint efforts in the oil market, according to the Kremlin"
"2020-05-25 11:48:00","2020-05-25 19:48:00","German Chancellor Merkel told senior party members that the government would not allow the EU to take some of Lufthansa's (LHA GY) takeoff and landing slots at Frankfurt and Munich away; said ""we will not give in"" on an aid package- Handelsblatt"
"2020-05-25 11:43:00","2020-05-25 19:43:00","UK government is preparing a statement to be made by adviser Dominic Cummings "
"2020-05-25 11:29:00","2020-05-25 19:29:00","German Economy Ministry spokesperson says talks between Lufthansa (LHA GY) and the government are in the end phase, but have not finished just yet "
"2020-05-25 11:01:00","2020-05-25 19:01:00","China Global Times notes rising sightings of China's new prototype fighter jet, FC-31, suggesting development is making smooth progress"
"2020-05-25 10:36:00","2020-05-25 18:36:00","Russia is to impose a temporary ban on oil product imports, according to Interfax"
"2020-05-25 10:36:00","2020-05-25 18:36:00","Russia is to impose a temporary ban on oil product imports, according to Interfax"
"2020-05-25 10:22:00","2020-05-25 18:22:00","Citi FX model favours USD selling into month-end"
"2020-05-25 10:03:00","2020-05-25 18:03:00","German Labour Agency forecasts a 2020 deficit of EUR 30.5bln, 2021 deficit EUR 4.4bln, 2022 deficit of EUR 1.3bln; Handelsblatt report"
"2020-05-25 09:54:00","2020-05-25 17:54:00","Lufthansa (LHA GY) - German Economy Minister reiterates that discussions are now at an advanced stage regarding a rescue package"
"2020-05-25 09:37:00","2020-05-25 17:37:00","Lufthansa (LHA GY) - Co. and the German Gov't have reportedly agreed on a rescue package, Focus Online; Gov't wants to ease some contact restrictions from June 6th"
"2020-05-25 09:30:00","2020-05-25 17:30:00","Newsquawk EU Mid Session: Choppy waters amid thin trade and light news-flow - 25th May 2020"
"2020-05-25 09:25:00","2020-05-25 17:25:00","Japanese PM Abe wants to propose a patent pool at G7 meeting next month (around June 10th) in order for COVID-19 medicine and vaccines to be used in developing nations"
"2020-05-25 09:11:00","2020-05-25 17:11:00","Japanese PM Abe says the combined economic stimulus from the 1st & 2nd economic packages will be above JPY 200tln, will decide on 2nd budget on Wednesday"
"2020-05-25 09:06:00","2020-05-25 17:06:00","Volkswagen (VOW3 GY) - Owners of manipulated diesel cars from the Co. are entitled to damages payments, according to the German Federal Court"
"2020-05-25 09:03:00","2020-05-25 17:03:00","Japanese PM Abe says the nationwide State of Emergency will be lifted today"
"2020-05-25 08:52:00","2020-05-25 16:52:00","China's Commerce Minister, regarding duties on barley imports from Australia, says that the trade remedy measures have been both prudent and restrained "
"2020-05-25 08:29:00","2020-05-25 16:29:00","FX Morning Colour: Volumes oppressed; EUR repressed; DXY progresses "
"2020-05-25 08:17:00","2020-05-25 16:17:00","Japanese PM Abe has told the ruling LDP party that some restraints on inter-regional movements will be maintained until June 19th, according to Kyodo News"
"2020-05-25 08:03:00","2020-05-25 16:03:00","Nigeria Q1 oil output 2.07mln vs. Prev. 1.96mln YY"
"2020-05-25 08:00:00","2020-05-25 16:00:00","Swiss Sight Deposits: Domestic banks CHF 596.632 (Prev. CHF 591.013bln); Total CHF 679.92bln (Prev. 673.494bln)"
"2020-05-25 07:55:00","2020-05-25 15:55:00","Germany are considering EUR 50,000 per month in support for medium-sized companies with up to 249 employees. Support will run from June-December and will have an initial cost of EUR 25bln, according to DPA"
"2020-05-25 07:40:00","2020-05-25 15:40:00","Chinese Foreign Ministry says China will take necessary countermeasures if US insists on undermining China's interests in regards to Hong-Kong related sanctions"
"2020-05-25 07:31:00","2020-05-25 15:31:00","Riksbank Business Survey: In many cases, businesses expect a slow and tentative recovery, which also holds back investment"
"2020-05-25 07:06:00","2020-05-25 15:06:00","Movers: Tui AG (TUI1 GY) +4.1%, Bayer (BAYN GY) +4%, Peugeot (UG FP) +3.2%, Lagardere (MMB FP) +3%, Deutsche Lufthansa (LHA GY) +2.4%, Deutsche Bank (DBK GY) +2.1%, Renault (RNO FP) +2.1%, Fiat Chrysler (FCA IM) +1.7%"
"2020-05-25 06:34:00","2020-05-25 14:34:00","Additional European Equity News "
"2020-05-25 06:32:00","2020-05-25 14:32:00","ANALYSIS: Hong Kong protests could morph into a global issue"
"2020-05-25 06:05:00","2020-05-25 14:05:00","NOTICE: Due to the upcoming UK bank holiday and US Memorial Day holiday on Monday 25th May, the desk will be running a reduced service alongside the subsequent market closures"
"2020-05-25 05:50:00","2020-05-25 13:50:00","Larger G10 FX option expiries for today's NY cut at 1500BST"
"2020-05-25 05:45:00","2020-05-25 13:45:00","Daily European Equity Opening News"
"2020-05-25 05:20:00","2020-05-25 13:20:00","Newsquawk Daily European Opening News - 25th May 2020"
"2020-05-25 05:08:00","2020-05-25 13:08:00","Japanese Coincident Index (Mar F) 90.2 (Prev. 90.5)"
"2020-05-25 05:08:00","2020-05-25 13:08:00","Japanese Leading Index (Mar F) 84.7 (Prev. 83.8)"
"2020-05-25 04:49:00","2020-05-25 12:49:00","ASIA-PAC MARKET WRAP: Asia-Pac began the week mostly higher, although Hong Kong lagged after protests resumed and holiday conditions kept FX drab"
"2020-05-25 04:25:00","2020-05-25 12:25:00","Germany coronavirus cases rose by 289 to 178,570 and death toll rose by 10 to 8,257 according to RKI Health Institute"
"2020-05-25 04:14:00","2020-05-25 12:14:00","New Zealand PM Ardern said rasing limit on social gatherings to 100 people effective May 29th and will consider moving to alert level 1 no later than June 22nd"
"2020-05-25 04:04:00","2020-05-25 12:04:00","OJI Holdings (3861 JT) FY net JPY 58.2bln vs. Prev. JPY 52.0bln Y/Y"
"2020-05-25 04:03:00","2020-05-25 12:03:00","Shimizu (1803 JT) FY net JPY 98.9bln vs. Prev. JPY 99.7bln Y/Y"
"2020-05-25 03:31:00","2020-05-25 11:31:00","Japanese Finance Minister Aso says expects unemployment rate to go up a little in May and notes that the bottom has not fallen out of Japan's economy"
"2020-05-25 03:19:00","2020-05-25 11:19:00","ASIA-PAC MID-SESSION UPDATE: Asia-Pac begins the week mostly higher, although Hong Kong lagged after protests resumed and holiday conditions kept FX drab"
"2020-05-25 02:54:00","2020-05-25 10:54:00","Kia Motors (000270 KS) will further extend its Gwangju output halt in South Korea,  according to Yonhap"
"2020-05-25 02:42:00","2020-05-25 10:42:00","US President Trump tweets schools in our country should be opened ASAP and that much very good information is now available"
"2020-05-25 02:31:00","2020-05-25 10:31:00","China State Council Research Office Director Huang said there was intense debate on whether to drop the GDP target for this year or not and that final decision was made to free local governments from burden of a numeric target....  "
"2020-05-25 02:13:00","2020-05-25 10:13:00","Japanese Economic Minister Nishimura says expert panel agrees state of emergency can be lifted for all areas of Japan"
"2020-05-25 02:07:00","2020-05-25 10:07:00","Japanese Chief Cabinet Secretary Suga says new coronavirus cases have fallen significantly"
"2020-05-25 01:55:00","2020-05-25 09:55:00","Apple (AAPL) could launch augmented reality glasses in H2 2021, while it was also reported that LG Innotek (011070 KS), O-film and Sharp (6753 JT) were awarded camera module orders for new iPhones, according to DigiTimes"
"2020-05-25 01:35:00","2020-05-25 09:35:00","Fast Retailing (9983 JT) is planning to reopen 50 Uniqlo stores this week"
"2020-05-25 01:32:00","2020-05-25 09:32:00","Australia preliminary exports for April fell 12% M/M and imports fell 5% M/M"
"2020-05-25 01:17:00","2020-05-25 09:17:00","RBA skips offering to purchase bonds again today"
"2020-05-25 01:15:00","2020-05-25 09:15:00","PBoC sets USD/CNY mid-point at 7.1209 vs. Exp. 7.1205 (Prev. 7.0939)"
"2020-05-25 01:15:00","2020-05-25 09:15:00","PBoC skips open market operations and are net neutral on the day"
"2020-05-25 01:13:00","2020-05-25 09:13:00","PRE-MARKET CHINESE STOCK NEWS: Hong Kong protests resumed due to China's national security law"
"2020-05-25 01:12:00","2020-05-25 09:12:00","South Korea reports 16 additional coronavirus cases to take total to 11,206 and 1 additional death for a total of 267, while there were 13 newly recovered to take total to 10,226"
"2020-05-25 01:10:00","2020-05-25 09:10:00","BoJ offers to buy JPY 340bln in 1yr-3yr JGBs, JPY 350bln in 3yr-5yr JGBs, JPY 370bln in 5yr-10yr JGBs and JPY 30bln in inflation-indexed bonds"
"2020-05-25 01:07:00","2020-05-25 09:07:00","AFP tweets US coronavirus death toll rose by 638, citing the Johns Hopkins tracker"
"2020-05-25 01:06:00","2020-05-25 09:06:00","Australia sells AUD 2.0bln 2.25% 2022 Bonds b/c 4.53, avg. yield 0.2384%"
"2020-05-25 01:06:00","2020-05-25 09:06:00","Australia sells AUD 2.0bln 2.25% 2022 Bonds b/c 4.53, avg. yield 0.2384%"
"2020-05-25 00:49:00","2020-05-25 08:49:00","Mainland China reports 11 additional coronavirus case on May 24th vs. 3 additional cases on May 23rd"
"2020-05-25 00:39:00","2020-05-25 08:39:00","Japanese Economic Minister Nishimura says seeking expert opinion on ending state of emergency and notes that emergency declaration is no longer needed in any Japan's regions"
"2020-05-25 00:32:00","2020-05-25 08:32:00","PRE-MARKET TAIWAN NEWS: Taiwan dismissed China Foreign Minister’s call for unification. "
"2020-05-25 00:26:00","2020-05-25 08:26:00","PBoC is expected to set USD/CNY mid-point at 7.1205, according to a major newswire estimate"
"2020-05-25 00:20:00","2020-05-25 08:20:00","IOOF (IFL AT) notes reached agreement regarding class action instigated against the Co. in April last year in which the class action will be discontinued with no order as to costs"
"2020-05-25 00:16:00","2020-05-25 08:16:00","Western Areas (WSA AT) to acquire 19.9% stake in Panoramic Resources (PANA T) for AUD 28.6mln"
"2020-05-25 00:02:00","2020-05-25 08:02:00","Asia stocks begin the week positive after Wall St clawed back losses on Friday helped by vaccine optimism, while Nikkei 225 outperforms on expected emergency declaration lifting for Tokyo and with Japan considering a JPY 100tln second supplementary budget"