"gmt_time","hk_time","subject"
"2020-03-19 23:57:00","2020-03-20 07:57:00","Mainland China reports 39 additional cases of coronavirus and 3 additional deaths on March 19th vs. Prev. 34 additional cases and 8 additional deaths on March 18th"
"2020-03-19 23:38:00","2020-03-20 07:38:00","PRE-MARKET SOUTH KOREAN STOCK NEWS: Japan is closed for Vernal Equinox"
"2020-03-19 23:26:00","2020-03-20 07:26:00","US Treasury Secretary Mnuchin says target to get bill passed and signed by US President Trump on Monday"
"2020-03-19 23:23:00","2020-03-20 07:23:00","Around one-third of Californians have been told to shelter in place to stop the spread of coronavirus, accrodng to CNN article"
"2020-03-19 23:17:00","2020-03-20 07:17:00","Australia Banking Association to announce relief plan at 1100AEDT/0000GMT"
"2020-03-19 23:00:00","2020-03-20 07:00:00","Telstra (TLS AT) put job reductions on hold for 6 months and brigs forward AUD 500mln capex from FY21 to calendar year 2020, adds current outlokk remains within guidance and will pay AUD 951mln interim dividend next week"
"2020-03-19 22:58:00","2020-03-20 06:58:00","Washington State coronavirus deaths rose by 8 to a total of 74"
"2020-03-19 22:53:00","2020-03-20 06:53:00","PRE-MARKET AUSTRALIAN STOCK NEWS: NAB (NAB AT) - Anti-money laundering regulator AUSTRAC is considering court action against NAB (NAB AT)"
"2020-03-19 22:51:00","2020-03-20 06:51:00","RBA adds AUD 4.25bln to banking system through repor vs. Prev. AUD 12.7bln "
"2020-03-19 22:40:00","2020-03-20 06:40:00","New Zealand's largest city Auckland, has shut down libraries, pools and recreation centres for 2 weeks to contain spread of coronavirus"
"2020-03-19 22:38:00","2020-03-20 06:38:00","Peru Central Bank lowers reference rate by 100bps to 1.25% in non-scheduled meeting"
"2020-03-19 22:32:00","2020-03-20 06:32:00","Occidental (OXY) plans to appoint former CEO Chazen as Chairman"
"2020-03-19 22:29:00","2020-03-20 06:29:00","Axios tweets US President Trump would be okay with conditional coronavirus bailout that bans stock buybacks for companies that receive federal relief, which is a shift in tone, given that his deputies have defended share repurchases in the past"
"2020-03-19 22:27:00","2020-03-20 06:27:00","US President Trump is to cancel in-person G7 leaders meeting at Camp David in June and will conduct a video conference instead, while he will also convene videoconference with G7 leaders in April and May, according to White House"
"2020-03-19 22:25:00","2020-03-20 06:25:00","Spain orders closure of all hotels due to coronavirus, according to AFP"
"2020-03-19 22:17:00","2020-03-20 06:17:00","US Senate GOP coronavirus bill caps pay and bans golden parachutes for coronavirus bailouts"
"2020-03-19 22:12:00","2020-03-20 06:12:00","ASIAN DAILY ECONOMIC RELEASE CALENDAR IS AVAILABLE IN THE RESEARCH SECTION OF THE WEBSITE: Highlights include China PBoC Loan Prime Rate, New Zealand Credit Card Spending, Japan is closed for holiday"
"2020-03-19 21:49:00","2020-03-20 05:49:00","Fed's Daly says encouraging to see there is more borrowing at the discount window and that some volatility has settled down, adds our tools are beginning to work and we continue to monitor to see if further action is needed"
"2020-03-19 21:36:00","2020-03-20 05:36:00","US Senate coronavirus bill provides up to USD 208bln in collateralized loans and loan guarantees to US industries including USD 58bln for airlines"
"2020-03-19 21:30:00","2020-03-20 05:30:00","UK Brexit Chief Frost is isolating with virus symptoms"
"2020-03-19 21:28:00","2020-03-20 05:28:00","DAILY ASIA-PAC OPENING NEWS"
"2020-03-19 21:16:00","2020-03-20 05:16:00","US Senate Majority Leader McConnell introduces Senate GOP stimulus plan and bipartisan discussions will begin tomorrow, says bill includes direct financial help for Americans, relief for small businesses and workers, fresh healthcare related support"
"2020-03-19 21:10:00","2020-03-20 05:10:00","RBNZ lends USD 200mln under previously announced NZD 2.0bln facility"
"2020-03-19 21:06:00","2020-03-20 05:06:00","US Senate Majority Leader McConnell's coronavirus relief plan reportedly includes direct payments of USD 1200 per person and USD 2400 per couple"
"2020-03-19 21:04:00","2020-03-20 05:04:00","Banks tapped USD 28.2bln in discount window borrowing this week vs. USD 11mln last week"
"2020-03-19 21:03:00","2020-03-20 05:03:00","New York Fed says will purchase USD 32bln in mortgage-backed securities on Friday, adds stands ready to purchase securities as needed for smooth market functioning"
"2020-03-19 21:01:00","2020-03-20 05:01:00","Fed says encouraged by notable rise in discount window borrowing this week which shows banks' willingness to use Fed as a source of funding for household and business credit"
"2020-03-19 20:57:00","2020-03-20 04:57:00","Apollo (APO) reportedly bought part of USD 2bln United Airlines (UAL) loan"
"2020-03-19 20:50:00","2020-03-20 04:50:00","CME raises crude oil NYMEX futures margins by 20.4% to USD 5600/contract from USD 4650/contract and raises COMEX 5000 silver futures maintenance margins by 14.3% to USD 8000/contract from USD 7000/contract"
"2020-03-19 20:48:00","2020-03-20 04:48:00","Tesla (TSLA) to temporarily suspend production at Fremont and New York factories"
"2020-03-19 20:46:00","2020-03-20 04:46:00","Irish PM Varadkar and UK PM Johnson spoke regarding coronavirus and agreed to align actions as much as possible, also agreed on close cooperation of countries' common travel"
"2020-03-19 20:38:00","2020-03-20 04:38:00","RBNZ is offering NZD 2.0bln in 3-month or 6-month term loanss to banks via TAF facility"
"2020-03-19 20:27:00","2020-03-20 04:27:00","New York Stock Exchange (NYSE) President Cunningham says officials have no plans to close the market; not talking about shortening trading day, according to Fox News"
"2020-03-19 20:18:00","2020-03-20 04:18:00","Newsquawk US Market Wrap - 19th March 2020: Another day, another monetary bazooka"
"2020-03-19 19:47:00","2020-03-20 03:47:00","Texas is mulling curtailing oil production for the first time in decades, according to WSJ citing sources"
"2020-03-19 19:23:00","2020-03-20 03:23:00","US State Department raises Global Health advisory to Level 4, advises US citezens to avoid all international travel due to coronavirus"
"2020-03-19 19:17:00","2020-03-20 03:17:00","Senate Majority Leader McConnell is to introduce new COVID-19 bill on Thursday, according to lawmaker "
"2020-03-19 19:10:00","2020-03-20 03:10:00","ECB President Lagarde, in op-ed, says policy has to keep financial sector liquid, and support financial conditions for sectors in the economy "
"2020-03-19 19:10:00","2020-03-20 03:10:00","ECB President Lagarde, in op-ed, says policy has to keep financial sector liquid, and support financial conditions for sectors in the economy "
"2020-03-19 19:09:00","2020-03-20 03:09:00","LVMH (MC FP) is said to be considering buying Tiffany (TIF) shares on the open market "
"2020-03-19 18:57:00","2020-03-20 02:57:00","US Port Authorities are seeking USD 6.5bln in grants and assistance following a COVID-19 induced demand slump"
"2020-03-19 18:52:00","2020-03-20 02:52:00","US President Trump is considering block grants to states for dealing with the COVID fallout"
"2020-03-19 18:51:00","2020-03-20 02:51:00","UK Chancellor Sunak says expected to announce ‘unprecedented’ support package including wage subsidies and tax cuts on Friday in addition to the already announced GBP 20bln support and GBP 330bln loan guarantee scheme - FT"
"2020-03-19 18:39:00","2020-03-20 02:39:00","France COVID-19 total cases 10,995 (prev. 9,134), death toll 372 (prev. 264)"
"2020-03-19 18:32:00","2020-03-20 02:32:00","WTI (J0) settles USD 4.85 higher (+23.81%) at USD 25.22/bbl; Brent (K0) settles USD 3.59 higher at USD 28.47/bbl"
"2020-03-19 18:27:00","2020-03-20 02:27:00","Amazon (AMZN) Prime Pantry has temporarily shut amid a surge of orders, according to CNBC"
"2020-03-19 18:25:00","2020-03-20 02:25:00","UK COVID-19 total cases 3268 (prev. 2,689 on Wednesday), death toll 144 (prev. 99)"
"2020-03-19 18:21:00","2020-03-20 02:21:00","Lawmakers are weary of a Boeing (BA) bailout, according to CNBC"
"2020-03-19 18:09:00","2020-03-20 02:09:00","Siemens (SIE GY) CEO Joe Kaeser will not be pursuing an extension of his mandate; Roland Busch to succeed in February 2021 "
"2020-03-19 17:53:00","2020-03-20 01:53:00","Canada Foreign Minister self-isolating after showing flu-like symptoms, awaiting COVID-19 test results "
"2020-03-19 17:47:00","2020-03-20 01:47:00","NY Fed second O/N repo operation accepts all USD 24.000bln bids submitted (USD 500bln offered)"
"2020-03-19 17:44:00","2020-03-20 01:44:00","Total (FP FP) CEO says 20% capex cut; additional USD 400mln of cost savings this year; a USD 9bln hole to be covered, measures will cover USD 5.5bln; share buyback programme will be halted; hiring freeze"
"2020-03-19 17:41:00","2020-03-20 01:41:00","Netflix (NFLX) to cut traffic on European networks by 25% to preserve smooth functioning of internet during COVID-19"
"2020-03-19 17:39:00","2020-03-20 01:39:00","UK PM Johnson says Chancellor Sunak to announce worker package support measures on Friday"
"2020-03-19 17:38:00","2020-03-20 01:38:00","Freemont, California municipal is to meet with Tesla (TSLA) to discuss the COVID-19 lock-down order "
"2020-03-19 17:36:00","2020-03-20 01:36:00","South African Health Minister says COVID-19 might ultimately infect between 60%-80% of the country"
"2020-03-19 17:34:00","2020-03-20 01:34:00","Duke Energy (DUK) enters into a USD 1.5bln one-year term loan agreement "
"2020-03-19 17:31:00","2020-03-20 01:31:00","UK Health official says pressure on the health service in London will increase; intensive care units will be first to see the pressure "
"2020-03-19 17:29:00","2020-03-20 01:29:00","Citgo pushing back its late march turnaround at its Illinois refinery (179k BPD)"
"2020-03-19 17:27:00","2020-03-20 01:27:00","Intel (INTC) says factories globally are operating on relatively normal basis "
"2020-03-19 17:26:00","2020-03-20 01:26:00","Fed's Rosengren (non-voter, hawk) says money market funds are actually seeing inflows"
"2020-03-19 17:15:00","2020-03-20 01:15:00","Italy COVID-19 total cases rises to 41,035 (prev. 35,713); death toll rises to 3,405 to (prev. 2,978)"
"2020-03-19 17:09:00","2020-03-20 01:09:00","CME is changing its dynamic circuit breakers for oil to 15% from 7%"
"2020-03-19 17:02:00","2020-03-20 01:02:00","US sells USD 12bln of 10-year TIPS at a high yield of 0.680%"
"2020-03-19 16:59:00","2020-03-20 00:59:00","US Senators are considering more than the USD 1,000 direct payments to Americans that was previously mentioned; Senators are looking at offering two checks of USD 1,200 per adult, according to FBN sources"
"2020-03-19 16:53:00","2020-03-20 00:53:00","Daily FX Wrap: Antipodes assuaged by Fed swaps, Sterling takes BoE stimulus in stride"
"2020-03-19 16:52:00","2020-03-20 00:52:00","US CDC says COVID-19 cases rises to 10,442 (prev. 7,038), death toll rises to 150 (prev. 97)"
"2020-03-19 16:40:00","2020-03-20 00:40:00","US President Trump says at an appropriate time he will get involved in the oil market dispute "
"2020-03-19 16:36:00","2020-03-20 00:36:00","Bank of England says Gilt purchases will begin on March 20th; GBP 5.1bln of Gilts evenly spread across the curve"
"2020-03-19 16:35:00","2020-03-20 00:35:00","UN Secretary General says a global recession from the COVID-19 is a ""near certainty"""
"2020-03-19 16:34:00","2020-03-20 00:34:00","US President Trump says he would support the government taking equity stakes in some companies; says government aid is coming to airlines, cruise ships and hotels "
"2020-03-19 16:31:00","2020-03-20 00:31:00","BoE Governor Bailey says bank has scope to move further if required; time to act was now; rejects criticism that the move was monetary financing "
"2020-03-19 16:30:00","2020-03-20 00:30:00","EUROPEAN PRELIMINARY CASH CLOSE: EURO STOXX 50 (+3.24%) at 2451, FTSE100 (+1.99%) at 5182, DAX (+2.06%) at 8624, CAC 40 (+2.68%) at 3855.5, IBEX 35 (+1.96%) at 6398, FTSE MIB (+2.38%) at 15,480, SMI (+5.44%) at 8792"
"2020-03-19 16:26:00","2020-03-20 00:26:00","US Department of Energy has asked Congress for USD 3bln to fund the purchase of 77mln bbls of oil for the SPR"
"2020-03-19 16:26:00","2020-03-20 00:26:00","Moody's on the EU, says positive fundamentals will likely support consumption once the virus is contained"
"2020-03-19 16:11:00","2020-03-20 00:11:00","US President Trump says he does not want government aid to go to stock buybacks and bonuses; is not happy with buybacks  "
"2020-03-19 16:09:00","2020-03-20 00:09:00","Senate Majority Leader McConnell says the bill will have direct financial assistance for individuals, details are being finalised "
"2020-03-19 16:06:00","2020-03-20 00:06:00","French President Macron says it will be likely necessary to extend the period of limitations of social contact"
"2020-03-19 16:01:00","2020-03-20 00:01:00","Danish Central Bank raises its interest rate -0.60% due to the selling of its foreign currency "
"2020-03-19 15:59:00","2020-03-19 23:59:00","FDA says it will take approximately 12 months to get the vaccine currently in trial to the approval stage"
"2020-03-19 15:55:00","2020-03-19 23:55:00","FDA Chief Hahn says at the moment US is looking at potential COVID-19 treatments using drugs that have already been FDA approved"
"2020-03-19 15:49:00","2020-03-19 23:49:00","Moody's says it is carrying out global review of corporate ratings impacted by coronavirus "
"2020-03-19 15:36:00","2020-03-19 23:36:00","US President Trump there is a lot of good will in discussions over the economic stimulus bill; believes in the V shaped recovery "
"2020-03-19 15:30:00","2020-03-19 23:30:00","UK Treasury say further details on employment protection package will be announced ""in the coming days"", according to BBC's Smith"
"2020-03-19 15:18:00","2020-03-19 23:18:00","Russian President Putin and Chinese President Xi agreed to deepen cooperation on developing a coronvirus medicine, according to IFAX citing Krelim "
"2020-03-19 15:15:00","2020-03-19 23:15:00","Germany says it is lifting the latest exports ban on medical equipment "
"2020-03-19 15:14:00","2020-03-19 23:14:00","Canadian PM Trudeau is mulling military support to assist during virus crisis "
"2020-03-19 15:10:00","2020-03-19 23:10:00","French President Macron says the scientific research budget is to be increased by EUR 5bln"
"2020-03-19 15:10:00","2020-03-19 23:10:00","French President Macron says the scientific research budget is to be increased by EUR 5bln"
"2020-03-19 15:06:00","2020-03-19 23:06:00","Fed's Barkin says Fed is working to address market problems as they become apparent, to ensure they provide liquidity and market functioning"
"2020-03-19 15:05:00","2020-03-19 23:05:00","German COVID-19 cases rises to from 13,944 (prev. 10999 earlier on Thursday)"
"2020-03-19 15:04:00","2020-03-19 23:04:00","US President Trump is plans to detail a range of therapies that might help patients but all of which are in very early testing, expected to be unveiled today, sources state"
"2020-03-19 15:02:00","2020-03-19 23:02:00","US to sell USD 40bln in 2yr, USD 41bln in 5yr, USD 32bln in 7yr Notes and USD 18bln in 2yr FRN"
"2020-03-19 14:54:00","2020-03-19 22:54:00","UK death toll rises to 128 (prev. 99)"
"2020-03-19 14:52:00","2020-03-19 22:52:00","Polish Finance Minister is to lift systemic risk buffer for banks which will free up around PLN 30bln"
"2020-03-19 14:51:00","2020-03-19 22:51:00","Brazil Senate to hold remote session tomorrow to vote on declaring a State of Emergency"
"2020-03-19 14:50:00","2020-03-19 22:50:00","US State Department is to issue a level 4 travel advisory which would apply to all international travel, according to Politico"
"2020-03-19 14:49:00","2020-03-19 22:49:00","NY Governor Cuomo says that NY State cases rose to 4152 (Prev. 2914), and announced a 90-day relief and no more than 25% of workforce to be in effort "
"2020-03-19 14:42:00","2020-03-19 22:42:00","NY Governor Cuomo says a lockdown is not going to happen"
"2020-03-19 14:30:00","2020-03-19 22:30:00","Bank of England cuts Bank Rate to 0.1% from 0.25% in a unanimous emergency move; increasing govts bonds and corp bond holding by GBP 200bln to GBP 645bln says COVID will result in economic shock that is sharp and large"
"2020-03-19 14:20:00","2020-03-19 22:20:00","One Turkish solder has been killed in Syria’s Idlib, according to Turkish Provincial Governor’s office "
"2020-03-19 14:17:00","2020-03-19 22:17:00","NY Fed is adjusting MBS purchases to address highly unusual disruptions in the market; will conduct an additional USD 10bln in purchases today across two separate operations for settlement March 23"
"2020-03-19 14:15:00","2020-03-19 22:15:00","US imposes fresh Iran-related sanctions on five firms "
"2020-03-19 14:08:00","2020-03-19 22:08:00","Fixed and FX latest: core bonds still on divergent paths, as Buck stalls"
"2020-03-19 13:56:00","2020-03-19 21:56:00","Germany sees 2.2mln workers working smaller hours, according to Handelsblatt "
"2020-03-19 13:50:00","2020-03-19 21:50:00","NEC Director Kudlow says Trump is not there yet regarding a total US lockdown, Fox Radio"
"2020-03-19 13:44:00","2020-03-19 21:44:00","Russian Crude oil exports and Transit set to grow 1.4% to 64.6mln tonnes in Q2 2020 vs. Q1 2020"
"2020-03-19 13:44:00","2020-03-19 21:44:00","US Energy Department says the SPR purchases will take up to 11.2mln bbls of sweet grade from domestic producers and 18.7mln bbls of sour"
"2020-03-19 13:44:00","2020-03-19 21:44:00","US equities open in the red once again despite monetary and fiscal bazookas"
"2020-03-19 13:43:00","2020-03-19 21:43:00","New Jersey Transit is seeking USD 1.25bln in Federal aid amid declining rider usage"
"2020-03-19 13:41:00","2020-03-19 21:41:00","ECB's Panetta says the PEPP programme shows commitment to support the Italian and EU economies; Italian and EU citizens have right to expect strong and coordinated intervention by govts, EU and ECB"
"2020-03-19 13:40:00","2020-03-19 21:40:00","US SPR says purchase of 30mln bbls are due by March 26th"
"2020-03-19 13:27:00","2020-03-19 21:27:00","Riksbank says it is ready to work together amid economic issues and is prepared to take further measures if necessary"
"2020-03-19 13:26:00","2020-03-19 21:26:00","Netherlands cases of the coronavirus stands at 2460, vs. 2051 on Wednesday"
"2020-03-19 13:23:00","2020-03-19 21:23:00","Additional US Equity Stories: F, KDP, UBER, WORK, ABBV"
"2020-03-19 13:18:00","2020-03-19 21:18:00","US Energy Department are to purchase an initial 30mln barrels of oil, will eventually purchase 77mln barrels "
"2020-03-19 13:16:00","2020-03-19 21:16:00","Bank of Korea says it is to use its new US dollar swap line immediately "
"2020-03-19 13:16:00","2020-03-19 21:16:00","CIRCUIT BREAKERS (19 Mar)[Refile]: Hard upside or downside limit of 5% during non-US hours in Futures, 7%, 13% and 20% circuit breakers in US Futures during US hours"
"2020-03-19 13:10:00","2020-03-19 21:10:00","SARB cuts Repo Rate by 100bps to 5.25% vs. Exp. 50bps to 5.75%; a unanimous decision; Governor states that monetary policy on its own cannot reduce fiscal risks"
"2020-03-19 13:03:00","2020-03-19 21:03:00","US Treasury Secretary Mnuchin says lets buy USD 10-20bln of oil at lower prices "
"2020-03-19 13:02:00","2020-03-19 21:02:00","SARB Statement:  virus will negatively impact domestic economy in H1 2020 potentially longer"
"2020-03-19 13:02:00","2020-03-19 21:02:00","Newsquawk Daily US Equity Opening News - 19th March 2020"
"2020-03-19 13:02:00","2020-03-19 21:02:00","Swiss SECO forecasts: virus will push Switzerland into a recession in 2020, sees a gradual recovery in H2; forecast uncertainties are unusually elevated"
"2020-03-19 13:00:00","2020-03-19 21:00:00","Fed have announced the establishment of a temporary US dollar swap line with the likes of RBA, Norges Bank, Riksbank, Banxico, RBNZ and others"
"2020-03-19 12:49:00","2020-03-19 20:49:00","NY Fed accepts all USD 48.89bln bids submitted in o/n repo operation (USD 500bln offered)"
"2020-03-19 12:48:00","2020-03-19 20:48:00","US Treasury Secretary Mnuchin says they are working to get money to Americans within three weeks, FBN; Treasury and Fed working around the clock on virus response"
"2020-03-19 12:43:00","2020-03-19 20:43:00","Investors have withdrawn GBP 1.5bln from UK-based active equity funds and put GBP 1bln into passive funds in March, according to Calastone"
"2020-03-19 12:42:00","2020-03-19 20:42:00","A small number of policy makers opposed language on removal of bond buying constraints at the recent ECB meeting, according to source; objections were sidestepped amidst a broad consensus "
"2020-03-19 12:37:00","2020-03-19 20:37:00","Spain Health Ministry says it is to provide EUR 210mln to regional health facilities to combat COVID-19"
"2020-03-19 12:33:00","2020-03-19 20:33:00","US House Speaker Pelosi says shortages of medical supplies are harming ability to fight the virus; calls for Trump to use powers under DPA immediately "
"2020-03-19 12:29:00","2020-03-19 20:29:00","Saudi Aramco Official says Co. will carry on reducing operation levels at local refineries in April and May to bolster export potential"
"2020-03-19 12:28:00","2020-03-19 20:28:00","New York number of coronavirus cases stands at 2959 (Prev. 2382), death toll at 21 (Prev. 20)"
"2020-03-19 12:26:00","2020-03-19 20:26:00","US Treasury is considering a 50-year and 25-year Bond to finance the USD 1.3trln fiscal stimulus"
"2020-03-19 12:23:00","2020-03-19 20:23:00","Commerzbank (CBK GY) - CFO says they are comfortable with their current resources"
"2020-03-19 12:20:00","2020-03-19 20:20:00","EUR/USD sub-1.0800 and ‘key’ near term technical support"
"2020-03-19 12:18:00","2020-03-19 20:18:00","NY Fed accepts USD 12.5bln bids in its 14-day Term repo operation (45bln submitted)"
"2020-03-19 12:03:00","2020-03-19 20:03:00","Chile's State copper miner Codelco states that copper sales and shipments are not impacted by coronavirus, it has assured supply chain and capacity to store copper concentrate and sulfuric acid amid outbreak "
"2020-03-19 11:51:00","2020-03-19 19:51:00","Italy Education Minister says closure of schools is likely to extend beyond April 3rd"
"2020-03-19 11:51:00","2020-03-19 19:51:00","Italy Education Minister says closure of schools is likely to extend beyond April 3rd"
"2020-03-19 11:48:00","2020-03-19 19:48:00","Scotiabank FX Daily - USD Rises as Funding Stress Persists; ECB Steps Up  "
"2020-03-19 11:43:00","2020-03-19 19:43:00","Shell (RDSA LN) charters a second supertanker at sea for storage of 2mln bbls of oil "
"2020-03-19 11:42:00","2020-03-19 19:42:00","European Commission says the EU-UK negotiations on ties following Brexit will be brought forward even in the current circumstances "
"2020-03-19 11:40:00","2020-03-19 19:40:00","UK PM Johnson spokesperson says UK has been in close contact with EU to continue to progress negotiations "
"2020-03-19 11:39:00","2020-03-19 19:39:00","UK PM Johnson spokesperson says there is zero prospect of any restriction being placed on travel in or out of London"
"2020-03-19 11:37:00","2020-03-19 19:37:00","Newsquawk Daily US Opening News - 19th March 2020"
"2020-03-19 11:31:00","2020-03-19 19:31:00","German government want to apply an exception to the debt brake rule that could happen at the Cabinet meeting on Monday, according to sources cited by Handelsblatt"
"2020-03-19 11:30:00","2020-03-19 19:30:00","Newsquawk EU Mid Session: Europe fails to hold onto ECB gains whilst DXY dominates FX - 19th March 2020"
"2020-03-19 11:27:00","2020-03-19 19:27:00","Bafin says Stoxx 50 & 600, MSCI Europe and MSCI EU are all exempt from short-selling prohibitions; restrictions apply to index-related instruments only if shares covered by prohibitions exceed respective demand thresholds expressed as a % of their weight"
"2020-03-19 11:25:00","2020-03-19 19:25:00","Fixed Income: Gilts flogged as Eurozone bonds and USTs find a footing"
"2020-03-19 11:22:00","2020-03-19 19:22:00","German state of Hesse announces it is making EUR 7.5bln available of aid "
"2020-03-19 11:21:00","2020-03-19 19:21:00","Norges Bank are to offer extraordinary F-loans to banks, as of March 19th; will have a 1-week, 1-month, 3, 6 & 12 month maturities; all will be fully allotted "
"2020-03-19 11:14:00","2020-03-19 19:14:00","FX Morning Colour: Dollar impregnable to (almost) all forms of intervention"
"2020-03-19 11:11:00","2020-03-19 19:11:00","ECB's Holzmann says the Austrian economy is well positions to survive the crisis "
"2020-03-19 11:08:00","2020-03-19 19:08:00","UK supermarkets are expected to receive police support when London is placed into a lockdown, according to sources"
"2020-03-19 11:07:00","2020-03-19 19:07:00","Daimler (DAI GY)/ Volkswagen (VOW3 GY) - Cos are said to be exploring potential software cooperation, according to Manager Magazine, but Daimler spokesman said they knew nothing of the talks"
"2020-03-19 11:05:00","2020-03-19 19:05:00","Spain COVID-19 cases rises to 17,147 (prev. 13,716); deaths rise to 767 (prev. 558)"
"2020-03-19 11:00:00","2020-03-19 19:00:00","US Dollar Index rises to 102"
"2020-03-19 10:57:00","2020-03-19 18:57:00","ECB’s Holzmann says that the ECB’s EUR 750bln package is coming at the right time, important to use all tools available to us"
"2020-03-19 10:53:00","2020-03-19 18:53:00","UK has put the military on standby amid coronavirus"
"2020-03-19 10:52:00","2020-03-19 18:52:00","UK Senior Tory MPs (Duncan Smith/Jenkin/Clarke) are demanding immediate government action on pay/jobs support, according to BBC's Smith "
"2020-03-19 10:47:00","2020-03-19 18:47:00","China to step up fiscal stimulus including infrastructure investment (such as 5G networks) and is considering plans to cut its 2020 growth target to as low as 5% from 6% agreed in Dec"
"2020-03-19 10:45:00","2020-03-19 18:45:00","Accenture (ACN) Q2 2020 (USD): EPS 1.91 (est. 1.73); Revenue 11.14bln (est. 11.1bln); FY20 outlook will reflect impact of covid"
"2020-03-19 10:38:00","2020-03-19 18:38:00","Dutch Banks to give a 6-month delay on loan repayments, according to ANP"
"2020-03-19 10:37:00","2020-03-19 18:37:00","UK to sell GBP 3.25bln 0.625% 2025 Gilt; b/c 1.97x (Prev. 1.75x), average yield 0.640% (Prev.0.222%) and tail 1.4bps (Prev. 1.4bps)"
"2020-03-19 10:34:00","2020-03-19 18:34:00","UK Manufacturers are calling for immediate tax and national insurance deferments amid looming lay-offs, according to Make UK Sectoral Group"
"2020-03-19 10:30:00","2020-03-19 18:30:00","ECB TLTRO3 3rd allotment EUR 115bln (Prev. EUR 97.7bln)"
"2020-03-19 10:24:00","2020-03-19 18:24:00","UAE's ADNOC has reportedly delayed its plans to launch new benchmark for its Murban crude in H1 2020 until conditions in the energy complex improves"
"2020-03-19 10:18:00","2020-03-19 18:18:00","EU Chief Brexit Negotiator Barnier has tested positive for the coronavirus"
"2020-03-19 10:09:00","2020-03-19 18:09:00","German IFW Institute cuts 2020 GDP growth forecasts and now sees it shrinking between 4.5-9%"
"2020-03-19 10:04:00","2020-03-19 18:04:00","German Ministers are yet to sign off on the EUR 40bln support package for small/medium Co's, could be in excess of EUR 40bln, according to Gov't sources"
"2020-03-19 10:02:00","2020-03-19 18:02:00","BMW (BMW GY) - China production levels at circa 60% in March"
"2020-03-19 10:02:00","2020-03-19 18:02:00","France sells EUR 7.444bln vs. Exp. EUR 6.25-7.75bln 0.00% 2023, 0.0% 2025, 2.75% 2027 OAT EUR 0.559bln vs. Exp. EUR 0.5-1.0bln 0.1% 2028 and 0.7% 2030 I/L Bonds"
"2020-03-19 09:53:00","2020-03-19 17:53:00","Spain sells EUR 5.0bln vs. Exp EUR 4-5bln 0.00% 2023, 1.50% 2027, 0.50% 2030 and 2.35% 2033 Bonds"
"2020-03-19 09:42:00","2020-03-19 17:42:00","SNB’s Governor Jordan says Central Banks’ exchange of information is the same as the GFC, but there is no coordinated measure"
"2020-03-19 09:35:00","2020-03-19 17:35:00","German Coronavirus cases to 10999 from 8198 (+2801), according to RKI Health Institute"
"2020-03-19 09:33:00","2020-03-19 17:33:00","SNB’s Governor Jordan says the SNB can cut interest rates further in the future but it is unfavourable at the moment,. Switzerland is not a currency manipulator, SNB does not intervene to get an advantage vs. other countries"
"2020-03-19 09:31:00","2020-03-19 17:31:00","Norges Bank say they may intervene in FX markets"
"2020-03-19 09:29:00","2020-03-19 17:29:00","SNB’s Governor Jordan states that talks are ongoing with Swiss Govt but its too early to give details of further supportive steps"
"2020-03-19 09:23:00","2020-03-19 17:23:00","SNB Governor Jordan says the exemption multiplier increase (30 vs. Prev. 25) will lead to potential savings of CHF 600mln/year adds the situation cannot be solved by monetary policy alone"
"2020-03-19 09:22:00","2020-03-19 17:22:00","German govt aid package for very small businesses to have a EUR 40bln, according to Der Spiegel"
"2020-03-19 09:21:00","2020-03-19 17:21:00","Newsquawk Bond Auction Previews - 19th March 2020"
"2020-03-19 09:21:00","2020-03-19 17:21:00","UK debt and STIR futures gradually regroup after midweek mayhem"
"2020-03-19 09:16:00","2020-03-19 17:16:00","Switzerland's Finma says institutions are well equipped to deal with extreme stress scenarios"
"2020-03-19 09:11:00","2020-03-19 17:11:00","EU Market Watchdog states that effective start of reporting requirements for securities finance transaction are to be delayed to July (3 month delay) due to the outbreak"
"2020-03-19 09:10:00","2020-03-19 17:10:00","Norwegian Parliament's Finance Committee has reached an agreement on a second virus fiscal package, agreed to cut payroll tax by 4ppts for 2-months"
"2020-03-19 09:05:00","2020-03-19 17:05:00","Audi (NSU GY/VOW3 GY) - FY results EUR 713mln vs. Prev. EUR 831mln, Operating profit EUR 4.5bln, PBT EUR 5.223bln vs. Prev. EUR 4.631bln"
"2020-03-19 09:00:00","2020-03-19 17:00:00","German DIW Institute says virus outbreak is to massively impact German economy in the next two quarters at lease, could turn out to be much more severe if uncertainty persists, German economy to shrink 0.1% in 2020 assuming optimistic V-shaped recovery"
"2020-03-19 09:00:00","2020-03-19 17:00:00","German Ifo Prelim Business Climate Index (Mar) 87.7 (Prev. 96.1, Rev. 96.0); Current Conditions 93.8 (Prev. 98.9, Rev. 99.0); Expectations 82 (Prev. 93.4, Rev. 93.2) - Ifo notes that German economy is falling into recession"
"2020-03-19 09:00:00","2020-03-19 17:00:00","German DIW Institute says virus outbreak is to massively impact German economy in the next two quarters at lease, could turn out to be much more severe if uncertainty persists, German economy to shrink 0.1% in 2020 assuming optimistic V-shaped recovery"
"2020-03-19 09:00:00","2020-03-19 17:00:00","German Ifo Prelim Business Climate Index (Mar) 87.7 (Prev. 96.1, Rev. 96.0); Current Conditions 93.8 (Prev. 98.9, Rev. 99.0); Expectations 82 (Prev. 93.4, Rev. 93.2) - Ifo notes that German economy is falling into recession"
"2020-03-19 08:38:00","2020-03-19 16:38:00","BoJ bought a record JPY 201.6bln (Prev. 121.6bln) on March 19th"
"2020-03-19 08:30:00","2020-03-19 16:30:00","SNB leaves Policy Rate unchanged at -0.75% as expected, CHF is “even more highly valued” vs. Prev. “highly valued”; SNB is intervening even more in FX markets "
"2020-03-19 08:29:00","2020-03-19 16:29:00","Spanish Economy Minister says we will push for EU countries to come up with common fiscal response"
"2020-03-19 08:08:00","2020-03-19 16:08:00","Bunds: ECB embellishes ESCB intervention, and then some"
"2020-03-19 08:04:00","2020-03-19 16:04:00","Morning EU Movers: FTSE MIB +3.8%, Snam (SRG IM) +7.3%, Just Eat (JE/ LN) +6.8%, Swatch (UHR SW) +0.4%, Richemont (CFR SW) Unch, AstraZeneca (AZN LN) -1.6%"
"2020-03-19 07:58:00","2020-03-19 15:58:00","Newsquawk Central Banks - PREVIEW: SNB policy announcement due 0830GMT/0930CET Thursday 19th March"
"2020-03-19 07:55:00","2020-03-19 15:55:00","Russia reports the first death from the coronavirus"
"2020-03-19 07:51:00","2020-03-19 15:51:00","Italy are to extend virus lockdown measures, according to PM Conte cited by AFP"
"2020-03-19 07:40:00","2020-03-19 15:40:00","Major FX option expiries for today's NY cut"
"2020-03-19 07:35:00","2020-03-19 15:35:00","Japanese Bank lobby head says the economy has been impacted more seriously by the coronavirus than was expected"
"2020-03-19 07:24:00","2020-03-19 15:24:00","French Interior Minister says the Government will extend the lockdown period if it is necessary"
"2020-03-19 07:18:00","2020-03-19 15:18:00","China's MOFCOM official states that the country has confidence and capability to achieve FY targets on foreign investments"
"2020-03-19 07:03:00","2020-03-19 15:03:00","Additional European Equities post release of the Daily European Equity Opening News"
"2020-03-19 06:56:00","2020-03-19 14:56:00","Daily European Equity Opening News"
"2020-03-19 06:28:00","2020-03-19 14:28:00","Newsquawk Daily European Opening News - 19th March 2020"
"2020-03-19 06:07:00","2020-03-19 14:07:00","Philippines Central Bank lowers overnight borrowing rate by 50bps to 3.25% as expected"
"2020-03-19 06:02:00","2020-03-19 14:02:00","BoK says will buy KRW 1.5tln of government bonds to stabilize markets on Friday"
"2020-03-19 06:00:00","2020-03-19 14:00:00","ASIA-PAC MARKET WRAP: Asia stocks declined in a turbulent session amid lockdown concerns"
"2020-03-19 05:45:00","2020-03-19 13:45:00","RBA Governor Lowe says noting is off the table with policy"
"2020-03-19 05:38:00","2020-03-19 13:38:00","CIRCUIT BREAKERS (19 Mar): Hard upside or downside limit of 5% during non-US hours in Futures, 7%, 13% and 20% circuit breakers in US Futures during US hours"
"2020-03-19 05:35:00","2020-03-19 13:35:00","Taiwan President says will speed up stimulus measures to spend TWD 30bln"
"2020-03-19 05:23:00","2020-03-19 13:23:00","RBA Governor Lowe says term funding scheme and 3-yr yield target are both significant policy developments that would not be considered in normal times and both carry risks for the central bank"
"2020-03-19 05:18:00","2020-03-19 13:18:00","BoJ Deputy Governor Amamiya says once coronavirus is contained, Japanese economy may rebound on pent-up demand although effect of outbreak is likely to last for some time"
"2020-03-19 04:58:00","2020-03-19 12:58:00","Australian PM Morrison says travel ban will be placed on non-residents and non-Australian citizens, adds government will announce economic measures in coming days"
"2020-03-19 04:30:00","2020-03-19 12:30:00","Japanese All Industries Activity Index (Jan) M/M 0.8% vs. Exp. 0.2% (Prev. 0.0%)"
"2020-03-19 04:23:00","2020-03-19 12:23:00","BoJ offers to buy JPY 300bln of 5yr-10yr JGBs in 2nd special bond purchase operation today"
"2020-03-19 04:12:00","2020-03-19 12:12:00","South Korea Finance Minister Hong says will set up fund to stabilize bond markets, adds will be all-out to stabilize stocks and bonds"
"2020-03-19 04:10:00","2020-03-19 12:10:00","Australia's APRA eases bank capital expactations as it sees banks needing to use larger buffers for lending and will not be concerned if 2016 capital benchmarks are not met"
"2020-03-19 04:08:00","2020-03-19 12:08:00","China Mobile (941 HK) FY net CNY 106.6bln vs. Prev. CNY 117.8bln Y/Y,  proposes final dividend of HKD 1.723/Shr"
"2020-03-19 04:06:00","2020-03-19 12:06:00","China expands pilot scheme to facilitate cross-border financing for Chinese high-tech start-ups"
"2020-03-19 04:02:00","2020-03-19 12:02:00","BoJ offers to supply JPY 2.0tln on securities at all offices"
"2020-03-19 03:45:00","2020-03-19 11:45:00","CBA (CBA AT) lowers 1yr-3yr fixed loan rate by 70bps but will leave standard variable rates unchanged following RBA decision"
"2020-03-19 03:44:00","2020-03-19 11:44:00","PRE-MARKET INDIAN STOCK NEWS: India government considers tax deferral plan for aviation sector, while reports also noted airlines may initially ground 150 aircraft due to the coronavirus"
"2020-03-19 03:43:00","2020-03-19 11:43:00","Australia government to invest AUD 15bln to support lending by small and medium sized companies"
"2020-03-19 03:30:00","2020-03-19 11:30:00","Fed announced to launch mutual money market fund facility to lend to financial institutions which will help meet demands for redemptions by households and other investors to enhance credit provisions throughout the economy"
"2020-03-19 03:30:00","2020-03-19 11:30:00","RBA lowers Cash Rate Target by 25bps to 0.25% and announces to buy government bonds in secondary market as speculated"
"2020-03-19 03:17:00","2020-03-19 11:17:00","S&P 500 FUT trade hit 5% downside limit"
"2020-03-19 03:08:00","2020-03-19 11:08:00","ASIA-PAC MID-SESSION UPDATE: Asia stocks decline in a turbulent session amid lockdown concerns"
"2020-03-19 02:55:00","2020-03-19 10:55:00","KOSDAQ index joins Indonesia in triggering circuit breakers for today's session"
"2020-03-19 02:45:00","2020-03-19 10:45:00","Reports note Macau says 80% of gaming tables have resumed"
"2020-03-19 02:32:00","2020-03-19 10:32:00","RBNZ Assistant Governor Hawkesby says RBNZ and banks have plenty of cash on hand, adds cash and other payment systems are ready for coronavirus"
"2020-03-19 02:31:00","2020-03-19 10:31:00","South Korea President Moon says to supply KRW 50tln in emergency financing to small business"
"2020-03-19 02:12:00","2020-03-19 10:12:00","New Zealand Exhange to relax limits on capital raising to combat coronavirus and extends deadline for filing results"
"2020-03-19 01:40:00","2020-03-19 09:40:00","Japanese Finance Minister Aso reiterates Finance Ministry not currently considering cash handout as part of stimulus package, adds not currently considering a sales tax cut and have not yet decided size of stimulus"
"2020-03-19 01:37:00","2020-03-19 09:37:00","Philippines Stock Exchange stops trade for 15 minutes after the broader PSE index slips over 12% on return from halt and amid the capital city on lockdown"
"2020-03-19 01:23:00","2020-03-19 09:23:00","PRE-MARKET CHINESE STOCK NEWS: Tencent (700 HK) Q4 net CNY 21.6bln vs. Exp. CNY 22.8bln, oper. profit CNY 28.6bln vs. Prev. CNY 17.3bln Y/Y, rev. CNY 105.8bln vs. Exp. CNY 103.7bln"
"2020-03-19 01:18:00","2020-03-19 09:18:00","China's Hubei province reports no new coronavirus cases and 8 additional deaths as of March 18th vs. 1 additional cases and 11 additional deaths on March 17th"
"2020-03-19 01:15:00","2020-03-19 09:15:00","PBoC sets USD/CNY mid-point at 7.0522 vs. Exp. 7.0486 (Prev. 7.0328)"
"2020-03-19 01:15:00","2020-03-19 09:15:00","PBoC sets USD/CNY mid-point at 7.0522 vs. Exp. 7.0486 (Prev. 7.0328)"
"2020-03-19 01:15:00","2020-03-19 09:15:00","PBoC skips open market operations for a daily net neutral position"
"2020-03-19 01:14:00","2020-03-19 09:14:00","South Korea reports 152 additional coronavirus cases to take total to 8565 and deaths increeased by 7 to total of 91, while additional 407 fully recovered to bring total to 1947"
"2020-03-19 01:13:00","2020-03-19 09:13:00","Mainland China reports 34 additional cases of coronavirus and 8 additional deaths on March 18th vs. Prev. 13 additional cases and 11 additional deaths on March 17th"
"2020-03-19 01:10:00","2020-03-19 09:10:00","BoJ offers to buy JPY 200bln in 1yr-3yr, JPY 300bln in 3yr-5yr, JPY 400bln in 5yr-10yr and JPY 100bln in 10yr-25yr JGBs in unscheduled operation"
"2020-03-19 01:02:00","2020-03-19 09:02:00","China Swift Global Payments (Feb) 2.11% (Prev. 1.65%)"
"2020-03-19 00:58:00","2020-03-19 08:58:00","Major League Baseball is mulling skipping draft this year due to coronavirus"
"2020-03-19 00:57:00","2020-03-19 08:57:00","Taiwan Financial Stabilization Fund to meet after the market closes today"
"2020-03-19 00:56:00","2020-03-19 08:56:00","California Governor says modelling shows 60k homeless in the state could contract coronavirus over next 8 weeks"
"2020-03-19 00:44:00","2020-03-19 08:44:00","PRE-MARKET TAIWAN AND SINGAPORE STOCK NEWS: Taiwan is to provide special loans to airlines"
"2020-03-19 00:37:00","2020-03-19 08:37:00","New Zealand government advises citizens to not travel abroad, raises travel advice to highest level"
"2020-03-19 00:34:00","2020-03-19 08:34:00","Japanese Economic Minister Nishimura says cannot stay at this stage what size the economic package will be"
"2020-03-19 00:30:00","2020-03-19 08:30:00","Australian RBA FX Transactions Government (AUD)(Feb) -573M (Prev. -772M)"
"2020-03-19 00:30:00","2020-03-19 08:30:00","Australian Part-Time Employment Change (Feb) 20.0k (Prev. -32.7k)"
"2020-03-19 00:26:00","2020-03-19 08:26:00","Japanese Economic Minister Nishimura says getting many proposals from ruling and opposition party lawmakers to offer cash payouts to households, adds would like to look into idea including size"
"2020-03-19 00:23:00","2020-03-19 08:23:00","PBoC is expected to set the USD/CNY midpoint at 7.0486, according to Newswires estimates"
"2020-03-19 00:19:00","2020-03-19 08:19:00","US President Trump signs coronavirus response bill, according to the White House"
"2020-03-19 00:08:00","2020-03-19 08:08:00","South Korea FX authorities speculated to be intervening in FX by selling USD to curb KRW decline, according to FX dealers"
"2020-03-19 00:04:00","2020-03-19 08:04:00","Asia equity markets began the session with firm gains and US equity futures rebounded overnight with sentiment supported after ECB's EUR 750bln PEPP announcement; although some of the regional gains were later reversed"